product,series_id,series_name,unit,quarter,has_observation,selection_status,observation_count,observation_ids,selected_observation_id,original_date,date_basis,published_at,as_of,publisher,scope,qualifier,lower,upper,upper_open,qoq_lower_pct,qoq_upper_pct,qoq_reason,yoy_lower_pct,yoy_upper_pct,yoy_reason,index_lower,index_upper,index_base_quarter,index_reason,source_change,scope_break,source_url,locator,selection_note,narrative_ko
GPU,tf-weekly-gpu,GPU · TrendForce 주간 · TrendForce,weeks,2026-Q3,true,latest,2,"[""tf-weekly-gpu-20260914"", ""tf-weekly-gpu-20260921""]",tf-weekly-gpu-20260921,2026-09-21,발간일,2026-09-21,2026-09-21,TrendForce,GPU / B300·GB300을 포함한 AI 인프라 집계,range,30,40,false,,,바로 이전 분기 대표값 없음,,,전년 동기 대표값 없음 또는 제품 범위 변경,100.0,100.0,2026-Q3,범위 하단끼리·상단끼리 비교. 변화율 구간이나 평균이 아님.,false,false,https://insights.trendforce.com/p/weekly-radar-002,"Supply Chain Radar table; Source: TrendForce, Sep 21, 2026",분기 내 마지막 확인값 · 원 자료 축 2026-09-21 (발간일). 분기 평균·분기말 확정값 아님.,"현재와 균형 기준 모두 30–40주로, 001호의 20–30주에서 함께 변경됐습니다. 수급 균형 상태는 유지됩니다. Blackwell B300/GB300은 일정대로 출하 중이며, 원문은 사양 조정 중인 Rubin 전환의 납기 연장 가능성을 별도로 언급합니다. 이를 Rubin 실측값이나 수급 악화로 해석하지 않습니다."
GPU,tf-h100-20240717-h100,GPU H100 · TrendForce · TrendForce,weeks,2024-Q3,true,latest,1,"[""tf-h100-20240717-h100-obs""]",tf-h100-20240717-h100-obs,2024-07-17,발간일,2024-07-17,2024-Q2,TrendForce,NVIDIA H100 solution · 2024년 2분기 이후 기사 맥락,less_than,16,16,false,,,바로 이전 분기 대표값 없음,,,전년 동기 대표값 없음 또는 제품 범위 변경,,,2024-Q3,미만·이상 등 경계값은 실제 관측값이 아님,false,false,https://www.trendforce.com/presscenter/news/20240717-12227.html,H100 solution lead times paragraph,분기 내 마지막 확인값 · 원 자료 축 2024-07-17 (발간일). 분기 평균·분기말 확정값 아님.,H100 솔루션 납기가 16주 미만으로 줄었다고 보고했습니다. 원문의 이전 40–50주는 날짜가 없어 과거 점으로 만들지 않았습니다. 최신 Blackwell 계열과 범위가 다릅니다.
GPU,fusion-greensheet-20260826-h200,GPU H200 · Fusion Worldwide · Fusion Worldwide,weeks,2026-Q3,true,latest,1,"[""fusion-greensheet-20260826-h200-obs""]",fusion-greensheet-20260826-h200-obs,2026-08-26,발간일,2026-08-26,2026-08,Fusion Worldwide,NVIDIA H200; Fusion channel report,range,40,48,false,,,바로 이전 분기 대표값 없음,,,전년 동기 대표값 없음 또는 제품 범위 변경,100.0,100.0,2026-Q3,범위 하단끼리·상단끼리 비교. 변화율 구간이나 평균이 아님.,false,false,https://info.fusionww.com/blog/the-greensheet-august-2026,GPUs item 2,분기 내 마지막 확인값 · 원 자료 축 2026-08-26 (발간일). 분기 평균·분기말 확정값 아님.,H200 납기는 40–48주입니다. 과거 28주라는 본문 비교는 기준일이 없어 별도 과거점으로 만들지 않습니다.
GPU,omdia-via-toms-h100-20231128,GPU H100 서버 · Tom's Hardware (Omdia 인용),weeks,2023-Q4,true,latest,1,"[""omdia-via-toms-h100-20231128""]",omdia-via-toms-h100-20231128,2023-11-28,발간일,2023-11-28,2023-11-28,Tom's Hardware (Omdia 인용),Server OEM H100-based complete servers; not standalone GPU chips,range,36,52,false,,,바로 이전 분기 대표값 없음,,,전년 동기 대표값 없음 또는 제품 범위 변경,100.0,100.0,2023-Q4,범위 하단끼리·상단끼리 비교. 변화율 구간이나 평균이 아님.,false,false,https://www.tomshardware.com/tech-industry/nvidia-ai-and-hpc-gpu-sales-reportedly-approached-half-a-million-units-in-q3-thanks-to-meta-facebook,"First paragraph, H100-based servers / Omdia; explicit article date 28 November 2023",분기 내 마지막 확인값 · 원 자료 축 2023-11-28 (발간일). 분기 평균·분기말 확정값 아님.,Omdia 조사에 대한 2023년 11월 28일 보도에서 H100 탑재 완성 서버 납기는 36–52주였습니다. 원 연구사 공개 글에서도 같은 범위를 확인했습니다. 조사일은 별도 공개되지 않아 보도일 기준으로 배치합니다.
GPU,ubs-via-toms-h100-20240216,GPU H100 80GB · Tom's Hardware (UBS·SeekingAlpha 재인용),months,2024-Q1,true,latest,1,"[""ubs-via-toms-h100-20240216""]",ubs-via-toms-h100-20240216,2024-02-16,발간일,2024-02-16,2024-02-16,Tom's Hardware (UBS·SeekingAlpha 재인용),"UBS channel note, NVIDIA H100 80GB GPU; original delivery formulation in months",range,3,4,false,,,바로 이전 분기 대표값 없음,,,전년 동기 대표값 없음 또는 제품 범위 변경,100.0,100.0,2024-Q1,범위 하단끼리·상단끼리 비교. 변화율 구간이나 평균이 아님.,false,false,https://www.tomshardware.com/tech-industry/artificial-intelligence/wait-times-for-nvidias-ai-gpus-eases-to-three-to-four-months-suggesting-peak-in-near-term-growth-the-wait-list-for-an-h100-was-previously-eleven-months-ubs,First paragraph after date; H10080GB wait times now3–4months,분기 내 마지막 확인값 · 원 자료 축 2024-02-16 (발간일). 분기 평균·분기말 확정값 아님.,UBS 보고서를 재인용한 기사에서 H100 80GB 납기를 3–4개월로 전했습니다. 원문의 개월 단위를 유지합니다. 과거 8–11개월의 정확한 기준일은 특정되지 않아 과거 별도 관측점으로 만들지 않습니다.
GPU,dell-taiwan-via-tf-h100-20240409,GPU H100 서버 · TrendForce News (Economic Daily News·Dell Taiwan 발언 인용),weeks,2024-Q2,true,latest,1,"[""dell-taiwan-via-tf-h100-20240409""]",dell-taiwan-via-tf-h100-20240409,2024-04-10,발간일,2024-04-10,2024-04-09,TrendForce News (Economic Daily News·Dell Taiwan 발언 인용),Dell Taiwan server delivery in H100 supply discussion; OEM/geography-specific,range,8,12,false,,,바로 이전 분기 대표값 없음,,,전년 동기 대표값 없음 또는 제품 범위 변경,100.0,100.0,2024-Q2,범위 하단끼리·상단끼리 비교. 변화율 구간이나 평균이 아님.,false,false,https://www.trendforce.com/news/2024/04/10/news-dell-taiwan-highlights-significant-improvement-in-gpu-supply-times/,"Paragraph beginning Terence Liao mentioned; Dell in Taiwan delivery normalcycle8–12weeks, sometimes shorter",분기 내 마지막 확인값 · 원 자료 축 2024-04-10 (발간일). 분기 평균·분기말 확정값 아님.,2024년 4월 9일 Dell 대만 경영진 발언을 인용한 보도에서 H100 공급 개선에 따른 서버 납기를 8–12주로 전했습니다. 일부는 이보다 짧다는 단서도 있습니다. Dell 대만 범위이므로 전체 H100 시장과 구분합니다.
GPU,fusion-h100-94gb-20250730,GPU H100 94GB · Fusion Worldwide,weeks,2025-Q3,true,latest,1,"[""fusion-h100-94gb-20250730""]",fusion-h100-94gb-20250730,2025-07-30,발간일,2025-07-30,2025-07,Fusion Worldwide,"NVIDIA H10094GB model, distributor channel; not whole server",range,4,6,false,,,바로 이전 분기 대표값 없음,,,전년 동기 대표값 없음 또는 제품 범위 변경,100.0,100.0,2025-Q3,범위 하단끼리·상단끼리 비교. 변화율 구간이나 평균이 아님.,false,false,https://info.fusionww.com/blog/the-greensheet-july-2025,"Product Updates / GPU / Strategic Allocation and Market Volatility, thirdbullet",분기 내 마지막 확인값 · 원 자료 축 2025-07-30 (발간일). 분기 평균·분기말 확정값 아님.,Fusion의 2025년 7월 Greensheet는 H100 94GB 납기를 4–6주로 보고했습니다. H100 80GB·94GB의 EOL과 제한적 공급도 함께 기술했습니다. 94GB GPU 단품 범위를 전체 H100 서버와 구분합니다.
DRAM,tf-weekly-dram,DRAM · TrendForce 주간 · TrendForce,weeks,2026-Q3,true,latest,2,"[""tf-weekly-dram-20260914"", ""tf-weekly-dram-20260921""]",tf-weekly-dram-20260921,2026-09-21,발간일,2026-09-21,2026-09-21,TrendForce,서버 DRAM,exact,20,20,false,,,바로 이전 분기 대표값 없음,,,전년 동기 대표값 없음 또는 제품 범위 변경,100.0,100.0,2026-Q3,,false,false,https://insights.trendforce.com/p/weekly-radar-002,"Supply Chain Radar table; Source: TrendForce, Sep 21, 2026",분기 내 마지막 확인값 · 원 자료 축 2026-09-21 (발간일). 분기 평균·분기말 확정값 아님.,"현재 20주, 균형 기준 8주로 심각한 부족 상태입니다. 미국 CSP가 2027년 서버 구축 수요에 대비하면서 RDIMM 수요가 늘기 시작했다고 설명합니다."
DRAM,sourceability-q2-2026-dram,Micron DRAM·DDR4 · Sourceability · Sourceability,weeks,2026-Q3,true,latest,1,"[""sourceability-q2-2026-dram-obs""]",sourceability-q2-2026-dram-obs,2026-07-14,발간일,2026-07-14,2026-Q2,Sourceability,Micron DRAM and DDR4 lines · allocation,exact,52,52,false,,,바로 이전 분기 대표값 없음,,,전년 동기 대표값 없음 또는 제품 범위 변경,100.0,100.0,2026-Q3,,false,false,https://sourceability.com/post/q2-2026-lead-time-report-highlights,"Memory heading, Micron DRAM and DDR4 lines",분기 내 마지막 확인값 · 원 자료 축 2026-07-14 (발간일). 분기 평균·분기말 확정값 아님.,Q2 보고서 요약은 Micron DRAM·DDR4가 할당 공급 상태에서 52주라고 제시했습니다. TrendForce 서버 DRAM 주간 집계와 제조사·제품 범위가 다릅니다.
DRAM,rebound-micron-pc-dram,Micron PC (Commodity) DRAM · Rebound · Rebound Electronics,weeks,2020-Q4,true,latest,1,"[""rebound-micron-pc-dram-2020-Q4""]",rebound-micron-pc-dram-2020-Q4,2020-Q4,발간호 분기 · 정확한 발간일 미확인,,2020-Q4,Rebound Electronics,Rebound 일반 유통시장 / Micron / PC (Commodity) DRAM. 원문은 상세 규격·지역 미공개. SSD를 enterprise SSD로 간주하지 않음.,range,12,16,false,,,바로 이전 분기 대표값 없음,,,전년 동기 대표값 없음 또는 제품 범위 변경,100.0,100.0,2020-Q4,범위 하단끼리·상단끼리 비교. 변화율 구간이나 평균이 아님.,false,false,https://reboundeu.com/wp-content/uploads/2020/09/Market-Insight-Q4-2020.pdf,"PDF p.24, Micron / PC (Commodity) DRAM / LEAD TIME (WKS)",분기 내 마지막 확인값 · 원 자료 축 2020-Q4 (발간호 분기 · 정확한 발간일 미확인). 분기 평균·분기말 확정값 아님.,Rebound 2020-Q4호의 Micron PC (Commodity) DRAM 보고 납기는 12-16주입니다. 분기는 발간호 표지 기준이며 정확한 조사일은 공개되지 않았습니다.
DRAM,rebound-micron-pc-dram,Micron PC (Commodity) DRAM · Rebound · Rebound Electronics,weeks,2021-Q1,true,latest,1,"[""rebound-micron-pc-dram-2021-Q1""]",rebound-micron-pc-dram-2021-Q1,2021-Q1,발간호 분기 · 정확한 발간일 미확인,,2021-Q1,Rebound Electronics,Rebound 일반 유통시장 / Micron / PC (Commodity) DRAM. 원문은 상세 규격·지역 미공개. SSD를 enterprise SSD로 간주하지 않음.,range,12,16,false,0.0,0.0,범위 하단끼리·상단끼리 비교. 변화율 구간이나 평균이 아님.,,,전년 동기 대표값 없음 또는 제품 범위 변경,100.0,100.0,2020-Q4,범위 하단끼리·상단끼리 비교. 변화율 구간이나 평균이 아님.,false,false,https://reboundeu.com/wp-content/uploads/2022/06/Market-Insight-Q1-20212.pdf,"PDF p.31, Micron / PC (Commodity) DRAM / LEAD TIME (WKS)",분기 내 마지막 확인값 · 원 자료 축 2021-Q1 (발간호 분기 · 정확한 발간일 미확인). 분기 평균·분기말 확정값 아님.,Rebound 2021-Q1호의 Micron PC (Commodity) DRAM 보고 납기는 12-16주입니다. 분기는 발간호 표지 기준이며 정확한 조사일은 공개되지 않았습니다.
DRAM,rebound-micron-pc-dram,Micron PC (Commodity) DRAM · Rebound · Rebound Electronics,weeks,2021-Q2,true,latest,1,"[""rebound-micron-pc-dram-2021-Q2""]",rebound-micron-pc-dram-2021-Q2,2021-Q2,발간호 분기 · 정확한 발간일 미확인,,2021-Q2,Rebound Electronics,Rebound 일반 유통시장 / Micron / PC (Commodity) DRAM. 원문은 상세 규격·지역 미공개. SSD를 enterprise SSD로 간주하지 않음.,range,54,56,false,350.0,250.0,범위 하단끼리·상단끼리 비교. 변화율 구간이나 평균이 아님.,,,전년 동기 대표값 없음 또는 제품 범위 변경,450.0,350.0,2020-Q4,범위 하단끼리·상단끼리 비교. 변화율 구간이나 평균이 아님.,false,false,https://reboundeu.com/wp-content/uploads/2022/06/Market-Insight-Q2-2021.pdf,"PDF p.30, Micron / PC (Commodity) DRAM / LEAD TIME (WKS)",분기 내 마지막 확인값 · 원 자료 축 2021-Q2 (발간호 분기 · 정확한 발간일 미확인). 분기 평균·분기말 확정값 아님.,Rebound 2021-Q2호의 Micron PC (Commodity) DRAM 보고 납기는 54-56주입니다. 분기는 발간호 표지 기준이며 정확한 조사일은 공개되지 않았습니다.
DRAM,rebound-micron-pc-dram,Micron PC (Commodity) DRAM · Rebound · Rebound Electronics,weeks,2021-Q3,true,latest,1,"[""rebound-micron-pc-dram-2021-Q3""]",rebound-micron-pc-dram-2021-Q3,2021-Q3,발간호 분기 · 정확한 발간일 미확인,,2021-Q3,Rebound Electronics,Rebound 일반 유통시장 / Micron / PC (Commodity) DRAM. 원문은 상세 규격·지역 미공개. SSD를 enterprise SSD로 간주하지 않음.,range,54,56,false,0.0,0.0,범위 하단끼리·상단끼리 비교. 변화율 구간이나 평균이 아님.,,,전년 동기 대표값 없음 또는 제품 범위 변경,450.0,350.0,2020-Q4,범위 하단끼리·상단끼리 비교. 변화율 구간이나 평균이 아님.,false,false,https://reboundeu.com/wp-content/uploads/2022/06/Market-Insight-Q3-2021.pdf,"PDF p.31, Micron / PC (Commodity) DRAM / LEAD TIME (WKS)",분기 내 마지막 확인값 · 원 자료 축 2021-Q3 (발간호 분기 · 정확한 발간일 미확인). 분기 평균·분기말 확정값 아님.,Rebound 2021-Q3호의 Micron PC (Commodity) DRAM 보고 납기는 54-56주입니다. 분기는 발간호 표지 기준이며 정확한 조사일은 공개되지 않았습니다.
DRAM,rebound-micron-pc-dram,Micron PC (Commodity) DRAM · Rebound · Rebound Electronics,weeks,2021-Q4,true,latest,1,"[""rebound-micron-pc-dram-2021-Q4""]",rebound-micron-pc-dram-2021-Q4,2021-Q4,발간호 분기 · 정확한 발간일 미확인,,2021-Q4,Rebound Electronics,Rebound 일반 유통시장 / Micron / PC (Commodity) DRAM. 원문은 상세 규격·지역 미공개. SSD를 enterprise SSD로 간주하지 않음.,range,54,56,false,0.0,0.0,범위 하단끼리·상단끼리 비교. 변화율 구간이나 평균이 아님.,350.0,250.0,범위 하단끼리·상단끼리 비교. 변화율 구간이나 평균이 아님.,450.0,350.0,2020-Q4,범위 하단끼리·상단끼리 비교. 변화율 구간이나 평균이 아님.,false,false,https://reboundeu.com/wp-content/uploads/2022/06/Market-Insight-Q4-2021.pdf,"PDF p.32, Micron / PC (Commodity) DRAM / LEAD TIME (WKS)",분기 내 마지막 확인값 · 원 자료 축 2021-Q4 (발간호 분기 · 정확한 발간일 미확인). 분기 평균·분기말 확정값 아님.,Rebound 2021-Q4호의 Micron PC (Commodity) DRAM 보고 납기는 54-56주입니다. 분기는 발간호 표지 기준이며 정확한 조사일은 공개되지 않았습니다.
DRAM,rebound-micron-pc-dram,Micron PC (Commodity) DRAM · Rebound · Rebound Electronics,weeks,2022-Q1,true,latest,1,"[""rebound-micron-pc-dram-2022-Q1""]",rebound-micron-pc-dram-2022-Q1,2022-Q1,발간호 분기 · 정확한 발간일 미확인,,2022-Q1,Rebound Electronics,Rebound 일반 유통시장 / Micron / PC (Commodity) DRAM. 원문은 상세 규격·지역 미공개. SSD를 enterprise SSD로 간주하지 않음.,range,54,56,false,0.0,0.0,범위 하단끼리·상단끼리 비교. 변화율 구간이나 평균이 아님.,350.0,250.0,범위 하단끼리·상단끼리 비교. 변화율 구간이나 평균이 아님.,450.0,350.0,2020-Q4,범위 하단끼리·상단끼리 비교. 변화율 구간이나 평균이 아님.,false,false,https://reboundeu.com/wp-content/uploads/2022/04/Market-Insight-Q1-2022.pdf,"PDF p.30, Micron / PC (Commodity) DRAM / LEAD TIME (WKS)",분기 내 마지막 확인값 · 원 자료 축 2022-Q1 (발간호 분기 · 정확한 발간일 미확인). 분기 평균·분기말 확정값 아님.,Rebound 2022-Q1호의 Micron PC (Commodity) DRAM 보고 납기는 54-56주입니다. 분기는 발간호 표지 기준이며 정확한 조사일은 공개되지 않았습니다.
DRAM,rebound-samsung-pc-dram,Samsung PC (Commodity) DRAM · Rebound · Rebound Electronics,weeks,2020-Q4,true,latest,1,"[""rebound-samsung-pc-dram-2020-Q4""]",rebound-samsung-pc-dram-2020-Q4,2020-Q4,발간호 분기 · 정확한 발간일 미확인,,2020-Q4,Rebound Electronics,Rebound 일반 유통시장 / Samsung / PC (Commodity) DRAM. 원문은 상세 규격·지역 미공개. SSD를 enterprise SSD로 간주하지 않음.,range,12,16,false,,,바로 이전 분기 대표값 없음,,,전년 동기 대표값 없음 또는 제품 범위 변경,100.0,100.0,2020-Q4,범위 하단끼리·상단끼리 비교. 변화율 구간이나 평균이 아님.,false,false,https://reboundeu.com/wp-content/uploads/2020/09/Market-Insight-Q4-2020.pdf,"PDF p.24, Samsung / PC (Commodity) DRAM / LEAD TIME (WKS)",분기 내 마지막 확인값 · 원 자료 축 2020-Q4 (발간호 분기 · 정확한 발간일 미확인). 분기 평균·분기말 확정값 아님.,Rebound 2020-Q4호의 Samsung PC (Commodity) DRAM 보고 납기는 12-16주입니다. 분기는 발간호 표지 기준이며 정확한 조사일은 공개되지 않았습니다.
DRAM,rebound-samsung-pc-dram,Samsung PC (Commodity) DRAM · Rebound · Rebound Electronics,weeks,2021-Q1,true,latest,1,"[""rebound-samsung-pc-dram-2021-Q1""]",rebound-samsung-pc-dram-2021-Q1,2021-Q1,발간호 분기 · 정확한 발간일 미확인,,2021-Q1,Rebound Electronics,Rebound 일반 유통시장 / Samsung / PC (Commodity) DRAM. 원문은 상세 규격·지역 미공개. SSD를 enterprise SSD로 간주하지 않음.,range,12,16,false,0.0,0.0,범위 하단끼리·상단끼리 비교. 변화율 구간이나 평균이 아님.,,,전년 동기 대표값 없음 또는 제품 범위 변경,100.0,100.0,2020-Q4,범위 하단끼리·상단끼리 비교. 변화율 구간이나 평균이 아님.,false,false,https://reboundeu.com/wp-content/uploads/2022/06/Market-Insight-Q1-20212.pdf,"PDF p.31, Samsung / PC (Commodity) DRAM / LEAD TIME (WKS)",분기 내 마지막 확인값 · 원 자료 축 2021-Q1 (발간호 분기 · 정확한 발간일 미확인). 분기 평균·분기말 확정값 아님.,Rebound 2021-Q1호의 Samsung PC (Commodity) DRAM 보고 납기는 12-16주입니다. 분기는 발간호 표지 기준이며 정확한 조사일은 공개되지 않았습니다.
DRAM,rebound-samsung-pc-dram,Samsung PC (Commodity) DRAM · Rebound · Rebound Electronics,weeks,2021-Q2,true,latest,1,"[""rebound-samsung-pc-dram-2021-Q2""]",rebound-samsung-pc-dram-2021-Q2,2021-Q2,발간호 분기 · 정확한 발간일 미확인,,2021-Q2,Rebound Electronics,Rebound 일반 유통시장 / Samsung / PC (Commodity) DRAM. 원문은 상세 규격·지역 미공개. SSD를 enterprise SSD로 간주하지 않음.,range,54,56,false,350.0,250.0,범위 하단끼리·상단끼리 비교. 변화율 구간이나 평균이 아님.,,,전년 동기 대표값 없음 또는 제품 범위 변경,450.0,350.0,2020-Q4,범위 하단끼리·상단끼리 비교. 변화율 구간이나 평균이 아님.,false,false,https://reboundeu.com/wp-content/uploads/2022/06/Market-Insight-Q2-2021.pdf,"PDF p.30, Samsung / PC (Commodity) DRAM / LEAD TIME (WKS)",분기 내 마지막 확인값 · 원 자료 축 2021-Q2 (발간호 분기 · 정확한 발간일 미확인). 분기 평균·분기말 확정값 아님.,Rebound 2021-Q2호의 Samsung PC (Commodity) DRAM 보고 납기는 54-56주입니다. 분기는 발간호 표지 기준이며 정확한 조사일은 공개되지 않았습니다.
DRAM,rebound-samsung-pc-dram,Samsung PC (Commodity) DRAM · Rebound · Rebound Electronics,weeks,2021-Q3,true,latest,1,"[""rebound-samsung-pc-dram-2021-Q3""]",rebound-samsung-pc-dram-2021-Q3,2021-Q3,발간호 분기 · 정확한 발간일 미확인,,2021-Q3,Rebound Electronics,Rebound 일반 유통시장 / Samsung / PC (Commodity) DRAM. 원문은 상세 규격·지역 미공개. SSD를 enterprise SSD로 간주하지 않음.,range,54,56,false,0.0,0.0,범위 하단끼리·상단끼리 비교. 변화율 구간이나 평균이 아님.,,,전년 동기 대표값 없음 또는 제품 범위 변경,450.0,350.0,2020-Q4,범위 하단끼리·상단끼리 비교. 변화율 구간이나 평균이 아님.,false,false,https://reboundeu.com/wp-content/uploads/2022/06/Market-Insight-Q3-2021.pdf,"PDF p.31, Samsung / PC (Commodity) DRAM / LEAD TIME (WKS)",분기 내 마지막 확인값 · 원 자료 축 2021-Q3 (발간호 분기 · 정확한 발간일 미확인). 분기 평균·분기말 확정값 아님.,Rebound 2021-Q3호의 Samsung PC (Commodity) DRAM 보고 납기는 54-56주입니다. 분기는 발간호 표지 기준이며 정확한 조사일은 공개되지 않았습니다. 원문은 allocation 중이며 신규 견적·주문을 받지 않는다고 명시합니다.
DRAM,rebound-samsung-pc-dram,Samsung PC (Commodity) DRAM · Rebound · Rebound Electronics,weeks,2021-Q4,true,latest,1,"[""rebound-samsung-pc-dram-2021-Q4""]",rebound-samsung-pc-dram-2021-Q4,2021-Q4,발간호 분기 · 정확한 발간일 미확인,,2021-Q4,Rebound Electronics,Rebound 일반 유통시장 / Samsung / PC (Commodity) DRAM. 원문은 상세 규격·지역 미공개. SSD를 enterprise SSD로 간주하지 않음.,range,54,56,false,0.0,0.0,범위 하단끼리·상단끼리 비교. 변화율 구간이나 평균이 아님.,350.0,250.0,범위 하단끼리·상단끼리 비교. 변화율 구간이나 평균이 아님.,450.0,350.0,2020-Q4,범위 하단끼리·상단끼리 비교. 변화율 구간이나 평균이 아님.,false,false,https://reboundeu.com/wp-content/uploads/2022/06/Market-Insight-Q4-2021.pdf,"PDF p.32, Samsung / PC (Commodity) DRAM / LEAD TIME (WKS)",분기 내 마지막 확인값 · 원 자료 축 2021-Q4 (발간호 분기 · 정확한 발간일 미확인). 분기 평균·분기말 확정값 아님.,Rebound 2021-Q4호의 Samsung PC (Commodity) DRAM 보고 납기는 54-56주입니다. 분기는 발간호 표지 기준이며 정확한 조사일은 공개되지 않았습니다. 원문은 allocation 중이며 신규 견적·주문을 받지 않는다고 명시합니다.
DRAM,rebound-samsung-pc-dram,Samsung PC (Commodity) DRAM · Rebound · Rebound Electronics,weeks,2022-Q1,true,latest,1,"[""rebound-samsung-pc-dram-2022-Q1""]",rebound-samsung-pc-dram-2022-Q1,2022-Q1,발간호 분기 · 정확한 발간일 미확인,,2022-Q1,Rebound Electronics,Rebound 일반 유통시장 / Samsung / PC (Commodity) DRAM. 원문은 상세 규격·지역 미공개. SSD를 enterprise SSD로 간주하지 않음.,range,54,56,false,0.0,0.0,범위 하단끼리·상단끼리 비교. 변화율 구간이나 평균이 아님.,350.0,250.0,범위 하단끼리·상단끼리 비교. 변화율 구간이나 평균이 아님.,450.0,350.0,2020-Q4,범위 하단끼리·상단끼리 비교. 변화율 구간이나 평균이 아님.,false,false,https://reboundeu.com/wp-content/uploads/2022/04/Market-Insight-Q1-2022.pdf,"PDF p.30, Samsung / PC (Commodity) DRAM / LEAD TIME (WKS)",분기 내 마지막 확인값 · 원 자료 축 2022-Q1 (발간호 분기 · 정확한 발간일 미확인). 분기 평균·분기말 확정값 아님.,Rebound 2022-Q1호의 Samsung PC (Commodity) DRAM 보고 납기는 54-56주입니다. 분기는 발간호 표지 기준이며 정확한 조사일은 공개되지 않았습니다. 원문은 allocation 중이며 신규 견적·주문을 받지 않는다고 명시합니다.
DRAM,rebound-kingston-pc-dram,Kingston PC (Commodity) DRAM · Rebound · Rebound Electronics,weeks,2020-Q4,true,latest,1,"[""rebound-kingston-pc-dram-2020-Q4""]",rebound-kingston-pc-dram-2020-Q4,2020-Q4,발간호 분기 · 정확한 발간일 미확인,,2020-Q4,Rebound Electronics,Rebound 일반 유통시장 / Kingston / PC (Commodity) DRAM. 원문은 상세 규격·지역 미공개. SSD를 enterprise SSD로 간주하지 않음.,range,8,10,false,,,바로 이전 분기 대표값 없음,,,전년 동기 대표값 없음 또는 제품 범위 변경,100.0,100.0,2020-Q4,범위 하단끼리·상단끼리 비교. 변화율 구간이나 평균이 아님.,false,false,https://reboundeu.com/wp-content/uploads/2020/09/Market-Insight-Q4-2020.pdf,"PDF p.23, Kingston / PC (Commodity) DRAM / LEAD TIME (WKS)",분기 내 마지막 확인값 · 원 자료 축 2020-Q4 (발간호 분기 · 정확한 발간일 미확인). 분기 평균·분기말 확정값 아님.,Rebound 2020-Q4호의 Kingston PC (Commodity) DRAM 보고 납기는 8-10주입니다. 분기는 발간호 표지 기준이며 정확한 조사일은 공개되지 않았습니다.
DRAM,rebound-kingston-pc-dram,Kingston PC (Commodity) DRAM · Rebound · Rebound Electronics,weeks,2021-Q1,true,latest,1,"[""rebound-kingston-pc-dram-2021-Q1""]",rebound-kingston-pc-dram-2021-Q1,2021-Q1,발간호 분기 · 정확한 발간일 미확인,,2021-Q1,Rebound Electronics,Rebound 일반 유통시장 / Kingston / PC (Commodity) DRAM. 원문은 상세 규격·지역 미공개. SSD를 enterprise SSD로 간주하지 않음.,range,8,10,false,0.0,0.0,범위 하단끼리·상단끼리 비교. 변화율 구간이나 평균이 아님.,,,전년 동기 대표값 없음 또는 제품 범위 변경,100.0,100.0,2020-Q4,범위 하단끼리·상단끼리 비교. 변화율 구간이나 평균이 아님.,false,false,https://reboundeu.com/wp-content/uploads/2022/06/Market-Insight-Q1-20212.pdf,"PDF p.30, Kingston / PC (Commodity) DRAM / LEAD TIME (WKS)",분기 내 마지막 확인값 · 원 자료 축 2021-Q1 (발간호 분기 · 정확한 발간일 미확인). 분기 평균·분기말 확정값 아님.,Rebound 2021-Q1호의 Kingston PC (Commodity) DRAM 보고 납기는 8-10주입니다. 분기는 발간호 표지 기준이며 정확한 조사일은 공개되지 않았습니다.
DRAM,rebound-kingston-pc-dram,Kingston PC (Commodity) DRAM · Rebound · Rebound Electronics,weeks,2021-Q2,true,latest,1,"[""rebound-kingston-pc-dram-2021-Q2""]",rebound-kingston-pc-dram-2021-Q2,2021-Q2,발간호 분기 · 정확한 발간일 미확인,,2021-Q2,Rebound Electronics,Rebound 일반 유통시장 / Kingston / PC (Commodity) DRAM. 원문은 상세 규격·지역 미공개. SSD를 enterprise SSD로 간주하지 않음.,range,10,12,false,25.0,20.0,범위 하단끼리·상단끼리 비교. 변화율 구간이나 평균이 아님.,,,전년 동기 대표값 없음 또는 제품 범위 변경,125.0,120.0,2020-Q4,범위 하단끼리·상단끼리 비교. 변화율 구간이나 평균이 아님.,false,false,https://reboundeu.com/wp-content/uploads/2022/06/Market-Insight-Q2-2021.pdf,"PDF p.29, Kingston / PC (Commodity) DRAM / LEAD TIME (WKS)",분기 내 마지막 확인값 · 원 자료 축 2021-Q2 (발간호 분기 · 정확한 발간일 미확인). 분기 평균·분기말 확정값 아님.,Rebound 2021-Q2호의 Kingston PC (Commodity) DRAM 보고 납기는 10-12주입니다. 분기는 발간호 표지 기준이며 정확한 조사일은 공개되지 않았습니다.
DRAM,rebound-kingston-pc-dram,Kingston PC (Commodity) DRAM · Rebound · Rebound Electronics,weeks,2021-Q3,true,latest,1,"[""rebound-kingston-pc-dram-2021-Q3""]",rebound-kingston-pc-dram-2021-Q3,2021-Q3,발간호 분기 · 정확한 발간일 미확인,,2021-Q3,Rebound Electronics,Rebound 일반 유통시장 / Kingston / PC (Commodity) DRAM. 원문은 상세 규격·지역 미공개. SSD를 enterprise SSD로 간주하지 않음.,range,10,12,false,0.0,0.0,범위 하단끼리·상단끼리 비교. 변화율 구간이나 평균이 아님.,,,전년 동기 대표값 없음 또는 제품 범위 변경,125.0,120.0,2020-Q4,범위 하단끼리·상단끼리 비교. 변화율 구간이나 평균이 아님.,false,false,https://reboundeu.com/wp-content/uploads/2022/06/Market-Insight-Q3-2021.pdf,"PDF p.30, Kingston / PC (Commodity) DRAM / LEAD TIME (WKS)",분기 내 마지막 확인값 · 원 자료 축 2021-Q3 (발간호 분기 · 정확한 발간일 미확인). 분기 평균·분기말 확정값 아님.,Rebound 2021-Q3호의 Kingston PC (Commodity) DRAM 보고 납기는 10-12주입니다. 분기는 발간호 표지 기준이며 정확한 조사일은 공개되지 않았습니다.
DRAM,rebound-kingston-pc-dram,Kingston PC (Commodity) DRAM · Rebound · Rebound Electronics,weeks,2021-Q4,true,latest,1,"[""rebound-kingston-pc-dram-2021-Q4""]",rebound-kingston-pc-dram-2021-Q4,2021-Q4,발간호 분기 · 정확한 발간일 미확인,,2021-Q4,Rebound Electronics,Rebound 일반 유통시장 / Kingston / PC (Commodity) DRAM. 원문은 상세 규격·지역 미공개. SSD를 enterprise SSD로 간주하지 않음.,range,8,12,false,-20.0,0.0,범위 하단끼리·상단끼리 비교. 변화율 구간이나 평균이 아님.,0.0,20.0,범위 하단끼리·상단끼리 비교. 변화율 구간이나 평균이 아님.,100.0,120.0,2020-Q4,범위 하단끼리·상단끼리 비교. 변화율 구간이나 평균이 아님.,false,false,https://reboundeu.com/wp-content/uploads/2022/06/Market-Insight-Q4-2021.pdf,"PDF p.31, Kingston / PC (Commodity) DRAM / LEAD TIME (WKS)",분기 내 마지막 확인값 · 원 자료 축 2021-Q4 (발간호 분기 · 정확한 발간일 미확인). 분기 평균·분기말 확정값 아님.,Rebound 2021-Q4호의 Kingston PC (Commodity) DRAM 보고 납기는 8-12주입니다. 분기는 발간호 표지 기준이며 정확한 조사일은 공개되지 않았습니다.
DRAM,rebound-kingston-pc-dram,Kingston PC (Commodity) DRAM · Rebound · Rebound Electronics,weeks,2022-Q1,true,latest,1,"[""rebound-kingston-pc-dram-2022-Q1""]",rebound-kingston-pc-dram-2022-Q1,2022-Q1,발간호 분기 · 정확한 발간일 미확인,,2022-Q1,Rebound Electronics,Rebound 일반 유통시장 / Kingston / PC (Commodity) DRAM. 원문은 상세 규격·지역 미공개. SSD를 enterprise SSD로 간주하지 않음.,range,6,8,false,-25.0,-33.333333,범위 하단끼리·상단끼리 비교. 변화율 구간이나 평균이 아님.,-25.0,-20.0,범위 하단끼리·상단끼리 비교. 변화율 구간이나 평균이 아님.,75.0,80.0,2020-Q4,범위 하단끼리·상단끼리 비교. 변화율 구간이나 평균이 아님.,false,false,https://reboundeu.com/wp-content/uploads/2022/04/Market-Insight-Q1-2022.pdf,"PDF p.29, Kingston / PC (Commodity) DRAM / LEAD TIME (WKS)",분기 내 마지막 확인값 · 원 자료 축 2022-Q1 (발간호 분기 · 정확한 발간일 미확인). 분기 평균·분기말 확정값 아님.,Rebound 2022-Q1호의 Kingston PC (Commodity) DRAM 보고 납기는 6-8주입니다. 분기는 발간호 표지 기준이며 정확한 조사일은 공개되지 않았습니다.
DRAM,rebound-kingston-pc-dram,Kingston PC (Commodity) DRAM · Rebound · Rebound Electronics,weeks,2022-Q2,false,missing,0,[],,,,,,,,missing,,,false,,,이 분기에 확인된 관측이 없습니다.,,,이 분기에 확인된 관측이 없습니다.,,,,이 분기에 확인된 관측이 없습니다.,false,false,,,이 분기에 확인된 관측이 없습니다.,이 분기에 확인된 관측이 없습니다.
DRAM,rebound-kingston-pc-dram,Kingston PC (Commodity) DRAM · Rebound · Rebound Electronics,weeks,2022-Q3,false,missing,0,[],,,,,,,,missing,,,false,,,이 분기에 확인된 관측이 없습니다.,,,이 분기에 확인된 관측이 없습니다.,,,,이 분기에 확인된 관측이 없습니다.,false,false,,,이 분기에 확인된 관측이 없습니다.,이 분기에 확인된 관측이 없습니다.
DRAM,rebound-kingston-pc-dram,Kingston PC (Commodity) DRAM · Rebound · Rebound Electronics,weeks,2022-Q4,false,missing,0,[],,,,,,,,missing,,,false,,,이 분기에 확인된 관측이 없습니다.,,,이 분기에 확인된 관측이 없습니다.,,,,이 분기에 확인된 관측이 없습니다.,false,false,,,이 분기에 확인된 관측이 없습니다.,이 분기에 확인된 관측이 없습니다.
DRAM,rebound-kingston-pc-dram,Kingston PC (Commodity) DRAM · Rebound · Rebound Electronics,weeks,2023-Q1,false,missing,0,[],,,,,,,,missing,,,false,,,이 분기에 확인된 관측이 없습니다.,,,이 분기에 확인된 관측이 없습니다.,,,,이 분기에 확인된 관측이 없습니다.,false,false,,,이 분기에 확인된 관측이 없습니다.,이 분기에 확인된 관측이 없습니다.
DRAM,rebound-kingston-pc-dram,Kingston PC (Commodity) DRAM · Rebound · Rebound Electronics,weeks,2023-Q2,true,latest,1,"[""rebound-kingston-pc-dram-2023-Q2""]",rebound-kingston-pc-dram-2023-Q2,2023-Q2,발간호 분기 · 정확한 발간일 미확인,,2023-Q2,Rebound Electronics,Rebound 일반 유통시장 / Kingston / PC (Commodity) DRAM. 원문은 상세 규격·지역 미공개. SSD를 enterprise SSD로 간주하지 않음.,range,6,8,false,,,바로 이전 분기 대표값 없음,,,전년 동기 대표값 없음 또는 제품 범위 변경,75.0,80.0,2020-Q4,범위 하단끼리·상단끼리 비교. 변화율 구간이나 평균이 아님.,false,false,https://reboundeu.com/wp-content/uploads/2023/06/Market-Insights-Q2-20231-Read-Only.pdf,"PDF p.31, Kingston / PC (Commodity) DRAM / LEAD TIME (WKS)",분기 내 마지막 확인값 · 원 자료 축 2023-Q2 (발간호 분기 · 정확한 발간일 미확인). 분기 평균·분기말 확정값 아님.,Rebound 2023-Q2호의 Kingston PC (Commodity) DRAM 보고 납기는 6-8주입니다. 분기는 발간호 표지 기준이며 정확한 조사일은 공개되지 않았습니다.
DRAM,rebound-alliance-pc-dram,Alliance Memory PC (Commodity) DRAM · Rebound · Rebound Electronics,weeks,2020-Q4,true,latest,1,"[""rebound-alliance-pc-dram-2020-Q4""]",rebound-alliance-pc-dram-2020-Q4,2020-Q4,발간호 분기 · 정확한 발간일 미확인,,2020-Q4,Rebound Electronics,Rebound 일반 유통시장 / Alliance Memory / PC (Commodity) DRAM. 원문은 상세 규격·지역 미공개. SSD를 enterprise SSD로 간주하지 않음.,range,6,10,false,,,바로 이전 분기 대표값 없음,,,전년 동기 대표값 없음 또는 제품 범위 변경,100.0,100.0,2020-Q4,범위 하단끼리·상단끼리 비교. 변화율 구간이나 평균이 아님.,false,false,https://reboundeu.com/wp-content/uploads/2020/09/Market-Insight-Q4-2020.pdf,"PDF p.23, Alliance Memory / PC (Commodity) DRAM / LEAD TIME (WKS)",분기 내 마지막 확인값 · 원 자료 축 2020-Q4 (발간호 분기 · 정확한 발간일 미확인). 분기 평균·분기말 확정값 아님.,Rebound 2020-Q4호의 Alliance Memory PC (Commodity) DRAM 보고 납기는 6-10주입니다. 분기는 발간호 표지 기준이며 정확한 조사일은 공개되지 않았습니다.
DRAM,rebound-alliance-pc-dram,Alliance Memory PC (Commodity) DRAM · Rebound · Rebound Electronics,weeks,2021-Q1,true,latest,1,"[""rebound-alliance-pc-dram-2021-Q1""]",rebound-alliance-pc-dram-2021-Q1,2021-Q1,발간호 분기 · 정확한 발간일 미확인,,2021-Q1,Rebound Electronics,Rebound 일반 유통시장 / Alliance Memory / PC (Commodity) DRAM. 원문은 상세 규격·지역 미공개. SSD를 enterprise SSD로 간주하지 않음.,range,10,12,false,66.666667,20.0,범위 하단끼리·상단끼리 비교. 변화율 구간이나 평균이 아님.,,,전년 동기 대표값 없음 또는 제품 범위 변경,166.666667,120.0,2020-Q4,범위 하단끼리·상단끼리 비교. 변화율 구간이나 평균이 아님.,false,false,https://reboundeu.com/wp-content/uploads/2022/06/Market-Insight-Q1-20212.pdf,"PDF p.30, Alliance Memory / PC (Commodity) DRAM / LEAD TIME (WKS)",분기 내 마지막 확인값 · 원 자료 축 2021-Q1 (발간호 분기 · 정확한 발간일 미확인). 분기 평균·분기말 확정값 아님.,Rebound 2021-Q1호의 Alliance Memory PC (Commodity) DRAM 보고 납기는 10-12주입니다. 분기는 발간호 표지 기준이며 정확한 조사일은 공개되지 않았습니다.
DRAM,rebound-alliance-pc-dram,Alliance Memory PC (Commodity) DRAM · Rebound · Rebound Electronics,weeks,2021-Q2,true,latest,1,"[""rebound-alliance-pc-dram-2021-Q2""]",rebound-alliance-pc-dram-2021-Q2,2021-Q2,발간호 분기 · 정확한 발간일 미확인,,2021-Q2,Rebound Electronics,Rebound 일반 유통시장 / Alliance Memory / PC (Commodity) DRAM. 원문은 상세 규격·지역 미공개. SSD를 enterprise SSD로 간주하지 않음.,range,12,22,false,20.0,83.333333,범위 하단끼리·상단끼리 비교. 변화율 구간이나 평균이 아님.,,,전년 동기 대표값 없음 또는 제품 범위 변경,200.0,220.0,2020-Q4,범위 하단끼리·상단끼리 비교. 변화율 구간이나 평균이 아님.,false,false,https://reboundeu.com/wp-content/uploads/2022/06/Market-Insight-Q2-2021.pdf,"PDF p.29, Alliance Memory / PC (Commodity) DRAM / LEAD TIME (WKS)",분기 내 마지막 확인값 · 원 자료 축 2021-Q2 (발간호 분기 · 정확한 발간일 미확인). 분기 평균·분기말 확정값 아님.,Rebound 2021-Q2호의 Alliance Memory PC (Commodity) DRAM 보고 납기는 12-22주입니다. 분기는 발간호 표지 기준이며 정확한 조사일은 공개되지 않았습니다.
DRAM,rebound-alliance-pc-dram,Alliance Memory PC (Commodity) DRAM · Rebound · Rebound Electronics,weeks,2021-Q3,true,latest,1,"[""rebound-alliance-pc-dram-2021-Q3""]",rebound-alliance-pc-dram-2021-Q3,2021-Q3,발간호 분기 · 정확한 발간일 미확인,,2021-Q3,Rebound Electronics,Rebound 일반 유통시장 / Alliance Memory / PC (Commodity) DRAM. 원문은 상세 규격·지역 미공개. SSD를 enterprise SSD로 간주하지 않음.,range,22,28,false,83.333333,27.272727,범위 하단끼리·상단끼리 비교. 변화율 구간이나 평균이 아님.,,,전년 동기 대표값 없음 또는 제품 범위 변경,366.666667,280.0,2020-Q4,범위 하단끼리·상단끼리 비교. 변화율 구간이나 평균이 아님.,false,false,https://reboundeu.com/wp-content/uploads/2022/06/Market-Insight-Q3-2021.pdf,"PDF p.30, Alliance Memory / PC (Commodity) DRAM / LEAD TIME (WKS)",분기 내 마지막 확인값 · 원 자료 축 2021-Q3 (발간호 분기 · 정확한 발간일 미확인). 분기 평균·분기말 확정값 아님.,Rebound 2021-Q3호의 Alliance Memory PC (Commodity) DRAM 보고 납기는 22-28주입니다. 분기는 발간호 표지 기준이며 정확한 조사일은 공개되지 않았습니다.
DRAM,rebound-alliance-pc-dram,Alliance Memory PC (Commodity) DRAM · Rebound · Rebound Electronics,weeks,2021-Q4,true,latest,1,"[""rebound-alliance-pc-dram-2021-Q4""]",rebound-alliance-pc-dram-2021-Q4,2021-Q4,발간호 분기 · 정확한 발간일 미확인,,2021-Q4,Rebound Electronics,Rebound 일반 유통시장 / Alliance Memory / PC (Commodity) DRAM. 원문은 상세 규격·지역 미공개. SSD를 enterprise SSD로 간주하지 않음.,range,8,22,false,-63.636364,-21.428571,범위 하단끼리·상단끼리 비교. 변화율 구간이나 평균이 아님.,33.333333,120.0,범위 하단끼리·상단끼리 비교. 변화율 구간이나 평균이 아님.,133.333333,220.0,2020-Q4,범위 하단끼리·상단끼리 비교. 변화율 구간이나 평균이 아님.,false,false,https://reboundeu.com/wp-content/uploads/2022/06/Market-Insight-Q4-2021.pdf,"PDF p.31, Alliance Memory / PC (Commodity) DRAM / LEAD TIME (WKS)",분기 내 마지막 확인값 · 원 자료 축 2021-Q4 (발간호 분기 · 정확한 발간일 미확인). 분기 평균·분기말 확정값 아님.,Rebound 2021-Q4호의 Alliance Memory PC (Commodity) DRAM 보고 납기는 8-22주입니다. 분기는 발간호 표지 기준이며 정확한 조사일은 공개되지 않았습니다.
DRAM,rebound-alliance-pc-dram,Alliance Memory PC (Commodity) DRAM · Rebound · Rebound Electronics,weeks,2022-Q1,true,latest,1,"[""rebound-alliance-pc-dram-2022-Q1""]",rebound-alliance-pc-dram-2022-Q1,2022-Q1,발간호 분기 · 정확한 발간일 미확인,,2022-Q1,Rebound Electronics,Rebound 일반 유통시장 / Alliance Memory / PC (Commodity) DRAM. 원문은 상세 규격·지역 미공개. SSD를 enterprise SSD로 간주하지 않음.,range,4,32,false,-50.0,45.454545,범위 하단끼리·상단끼리 비교. 변화율 구간이나 평균이 아님.,-60.0,166.666667,범위 하단끼리·상단끼리 비교. 변화율 구간이나 평균이 아님.,66.666667,320.0,2020-Q4,범위 하단끼리·상단끼리 비교. 변화율 구간이나 평균이 아님.,false,false,https://reboundeu.com/wp-content/uploads/2022/04/Market-Insight-Q1-2022.pdf,"PDF p.29, Alliance Memory / PC (Commodity) DRAM / LEAD TIME (WKS)",분기 내 마지막 확인값 · 원 자료 축 2022-Q1 (발간호 분기 · 정확한 발간일 미확인). 분기 평균·분기말 확정값 아님.,Rebound 2022-Q1호의 Alliance Memory PC (Commodity) DRAM 보고 납기는 4-32주입니다. 분기는 발간호 표지 기준이며 정확한 조사일은 공개되지 않았습니다.
DRAM,rebound-alliance-pc-dram,Alliance Memory PC (Commodity) DRAM · Rebound · Rebound Electronics,weeks,2022-Q2,false,missing,0,[],,,,,,,,missing,,,false,,,이 분기에 확인된 관측이 없습니다.,,,이 분기에 확인된 관측이 없습니다.,,,,이 분기에 확인된 관측이 없습니다.,false,false,,,이 분기에 확인된 관측이 없습니다.,이 분기에 확인된 관측이 없습니다.
DRAM,rebound-alliance-pc-dram,Alliance Memory PC (Commodity) DRAM · Rebound · Rebound Electronics,weeks,2022-Q3,false,missing,0,[],,,,,,,,missing,,,false,,,이 분기에 확인된 관측이 없습니다.,,,이 분기에 확인된 관측이 없습니다.,,,,이 분기에 확인된 관측이 없습니다.,false,false,,,이 분기에 확인된 관측이 없습니다.,이 분기에 확인된 관측이 없습니다.
DRAM,rebound-alliance-pc-dram,Alliance Memory PC (Commodity) DRAM · Rebound · Rebound Electronics,weeks,2022-Q4,false,missing,0,[],,,,,,,,missing,,,false,,,이 분기에 확인된 관측이 없습니다.,,,이 분기에 확인된 관측이 없습니다.,,,,이 분기에 확인된 관측이 없습니다.,false,false,,,이 분기에 확인된 관측이 없습니다.,이 분기에 확인된 관측이 없습니다.
DRAM,rebound-alliance-pc-dram,Alliance Memory PC (Commodity) DRAM · Rebound · Rebound Electronics,weeks,2023-Q1,false,missing,0,[],,,,,,,,missing,,,false,,,이 분기에 확인된 관측이 없습니다.,,,이 분기에 확인된 관측이 없습니다.,,,,이 분기에 확인된 관측이 없습니다.,false,false,,,이 분기에 확인된 관측이 없습니다.,이 분기에 확인된 관측이 없습니다.
DRAM,rebound-alliance-pc-dram,Alliance Memory PC (Commodity) DRAM · Rebound · Rebound Electronics,weeks,2023-Q2,true,latest,1,"[""rebound-alliance-pc-dram-2023-Q2""]",rebound-alliance-pc-dram-2023-Q2,2023-Q2,발간호 분기 · 정확한 발간일 미확인,,2023-Q2,Rebound Electronics,Rebound 일반 유통시장 / Alliance Memory / PC (Commodity) DRAM. 원문은 상세 규격·지역 미공개. SSD를 enterprise SSD로 간주하지 않음.,range,4,22,false,,,바로 이전 분기 대표값 없음,,,전년 동기 대표값 없음 또는 제품 범위 변경,66.666667,220.0,2020-Q4,범위 하단끼리·상단끼리 비교. 변화율 구간이나 평균이 아님.,false,false,https://reboundeu.com/wp-content/uploads/2023/06/Market-Insights-Q2-20231-Read-Only.pdf,"PDF p.31, Alliance Memory / PC (Commodity) DRAM / LEAD TIME (WKS)",분기 내 마지막 확인값 · 원 자료 축 2023-Q2 (발간호 분기 · 정확한 발간일 미확인). 분기 평균·분기말 확정값 아님.,Rebound 2023-Q2호의 Alliance Memory PC (Commodity) DRAM 보고 납기는 4-22주입니다. 분기는 발간호 표지 기준이며 정확한 조사일은 공개되지 않았습니다.
NAND · SSD · eMMC,tf-weekly-nand-essd,NAND (eSSD) · TrendForce 주간 · TrendForce,weeks,2026-Q3,true,latest,2,"[""tf-weekly-nand-essd-20260914"", ""tf-weekly-nand-essd-20260921""]",tf-weekly-nand-essd-20260921,2026-09-21,발간일,2026-09-21,2026-09-21,TrendForce,기업용 SSD용 NAND,exact,16,16,false,,,바로 이전 분기 대표값 없음,,,전년 동기 대표값 없음 또는 제품 범위 변경,100.0,100.0,2026-Q3,,false,false,https://insights.trendforce.com/p/weekly-radar-002,"Supply Chain Radar table; Source: TrendForce, Sep 21, 2026",분기 내 마지막 확인값 · 원 자료 축 2026-09-21 (발간일). 분기 평균·분기말 확정값 아님.,"현재 16주, 균형 기준 8주로 공급 제약 상태입니다. 수요 증가로 NAND 업체의 기업용 SSD 생산능력 재배분이 예상되지만, 전체 공급 부족으로 긴 납기가 이어질 수 있다는 원문 설명입니다."
NAND · SSD · eMMC,tf-storage-20250915-qlc,QLC SSD · TrendForce · TrendForce,weeks,2025-Q3,true,latest,1,"[""tf-storage-20250915-qlc-obs""]",tf-storage-20250915-qlc-obs,2025-09-15,발간일,2025-09-15,2025-09,TrendForce,QLC SSD · eSSD 전체와 구분,exact,8,8,false,,,바로 이전 분기 대표값 없음,,,전년 동기 대표값 없음 또는 제품 범위 변경,100.0,100.0,2025-Q3,,false,false,https://www.trendforce.com/presscenter/news/20250915-12714.html,"original comparison table, Source Sept. 2025",분기 내 마지막 확인값 · 원 자료 축 2025-09-15 (발간일). 분기 평균·분기말 확정값 아님.,"같은 표에서 QLC SSD는 8주입니다. HDD 부족을 보완하는 저장장치로 설명되며, 최신 주간 eSSD 전체 집계와 제품 범위가 다릅니다."
NAND · SSD · eMMC,fusion-q1-2026-emmc,차량용 eMMC · Fusion Worldwide · Fusion Worldwide,weeks,2026-Q2,true,latest,1,"[""fusion-q1-2026-emmc-obs""]",fusion-q1-2026-emmc-obs,2026-04-15,발간일,2026-04-15,2026-Q1,Fusion Worldwide,Automotive eMMC; Q1 category table,exact,72,72,false,,,바로 이전 분기 대표값 없음,,,전년 동기 대표값 없음 또는 제품 범위 변경,100.0,100.0,2026-Q2,,false,false,https://info.fusionww.com/blog/state-of-the-industry-q1-2026,"PDF physical p.13 / printed11, category table and attribution footnote",분기 내 마지막 확인값 · 원 자료 축 2026-04-15 (발간일). 분기 평균·분기말 확정값 아님.,2026Q1 표값은 72주이며 Fusion 자체 유통시장 조사로 출처가 표시됐습니다. 원문 상태 Critical는 TrendForce 상태 등급으로 바꾸지 않습니다.
NAND · SSD · eMMC,rebound-micron-ssd,Micron Solid State Drives (SSD) · Rebound · Rebound Electronics,weeks,2020-Q4,true,latest,1,"[""rebound-micron-ssd-2020-Q4""]",rebound-micron-ssd-2020-Q4,2020-Q4,발간호 분기 · 정확한 발간일 미확인,,2020-Q4,Rebound Electronics,Rebound 일반 유통시장 / Micron / Solid State Drives (SSD). 원문은 상세 규격·지역 미공개. SSD를 enterprise SSD로 간주하지 않음.,range,16,18,false,,,바로 이전 분기 대표값 없음,,,전년 동기 대표값 없음 또는 제품 범위 변경,100.0,100.0,2020-Q4,범위 하단끼리·상단끼리 비교. 변화율 구간이나 평균이 아님.,false,false,https://reboundeu.com/wp-content/uploads/2020/09/Market-Insight-Q4-2020.pdf,"PDF p.24, Micron / Solid State Drives (SSD) / LEAD TIME (WKS)",분기 내 마지막 확인값 · 원 자료 축 2020-Q4 (발간호 분기 · 정확한 발간일 미확인). 분기 평균·분기말 확정값 아님.,Rebound 2020-Q4호의 Micron Solid State Drives (SSD) 보고 납기는 16-18주입니다. 분기는 발간호 표지 기준이며 정확한 조사일은 공개되지 않았습니다.
NAND · SSD · eMMC,rebound-micron-ssd,Micron Solid State Drives (SSD) · Rebound · Rebound Electronics,weeks,2021-Q1,true,latest,1,"[""rebound-micron-ssd-2021-Q1""]",rebound-micron-ssd-2021-Q1,2021-Q1,발간호 분기 · 정확한 발간일 미확인,,2021-Q1,Rebound Electronics,Rebound 일반 유통시장 / Micron / Solid State Drives (SSD). 원문은 상세 규격·지역 미공개. SSD를 enterprise SSD로 간주하지 않음.,range,16,18,false,0.0,0.0,범위 하단끼리·상단끼리 비교. 변화율 구간이나 평균이 아님.,,,전년 동기 대표값 없음 또는 제품 범위 변경,100.0,100.0,2020-Q4,범위 하단끼리·상단끼리 비교. 변화율 구간이나 평균이 아님.,false,false,https://reboundeu.com/wp-content/uploads/2022/06/Market-Insight-Q1-20212.pdf,"PDF p.31, Micron / Solid State Drives (SSD) / LEAD TIME (WKS)",분기 내 마지막 확인값 · 원 자료 축 2021-Q1 (발간호 분기 · 정확한 발간일 미확인). 분기 평균·분기말 확정값 아님.,Rebound 2021-Q1호의 Micron Solid State Drives (SSD) 보고 납기는 16-18주입니다. 분기는 발간호 표지 기준이며 정확한 조사일은 공개되지 않았습니다.
NAND · SSD · eMMC,rebound-micron-ssd,Micron Solid State Drives (SSD) · Rebound · Rebound Electronics,weeks,2021-Q2,true,latest,1,"[""rebound-micron-ssd-2021-Q2""]",rebound-micron-ssd-2021-Q2,2021-Q2,발간호 분기 · 정확한 발간일 미확인,,2021-Q2,Rebound Electronics,Rebound 일반 유통시장 / Micron / Solid State Drives (SSD). 원문은 상세 규격·지역 미공개. SSD를 enterprise SSD로 간주하지 않음.,exact,54,54,false,237.5,200.0,범위 하단끼리·상단끼리 비교. 변화율 구간이나 평균이 아님.,,,전년 동기 대표값 없음 또는 제품 범위 변경,337.5,300.0,2020-Q4,범위 하단끼리·상단끼리 비교. 변화율 구간이나 평균이 아님.,false,false,https://reboundeu.com/wp-content/uploads/2022/06/Market-Insight-Q2-2021.pdf,"PDF p.30, Micron / Solid State Drives (SSD) / LEAD TIME (WKS)",분기 내 마지막 확인값 · 원 자료 축 2021-Q2 (발간호 분기 · 정확한 발간일 미확인). 분기 평균·분기말 확정값 아님.,Rebound 2021-Q2호의 Micron Solid State Drives (SSD) 보고 납기는 54주입니다. 분기는 발간호 표지 기준이며 정확한 조사일은 공개되지 않았습니다.
NAND · SSD · eMMC,rebound-micron-ssd,Micron Solid State Drives (SSD) · Rebound · Rebound Electronics,weeks,2021-Q3,true,latest,1,"[""rebound-micron-ssd-2021-Q3""]",rebound-micron-ssd-2021-Q3,2021-Q3,발간호 분기 · 정확한 발간일 미확인,,2021-Q3,Rebound Electronics,Rebound 일반 유통시장 / Micron / Solid State Drives (SSD). 원문은 상세 규격·지역 미공개. SSD를 enterprise SSD로 간주하지 않음.,exact,54,54,false,0.0,0.0,,,,전년 동기 대표값 없음 또는 제품 범위 변경,337.5,300.0,2020-Q4,범위 하단끼리·상단끼리 비교. 변화율 구간이나 평균이 아님.,false,false,https://reboundeu.com/wp-content/uploads/2022/06/Market-Insight-Q3-2021.pdf,"PDF p.31, Micron / Solid State Drives (SSD) / LEAD TIME (WKS)",분기 내 마지막 확인값 · 원 자료 축 2021-Q3 (발간호 분기 · 정확한 발간일 미확인). 분기 평균·분기말 확정값 아님.,Rebound 2021-Q3호의 Micron Solid State Drives (SSD) 보고 납기는 54주입니다. 분기는 발간호 표지 기준이며 정확한 조사일은 공개되지 않았습니다.
NAND · SSD · eMMC,rebound-micron-ssd,Micron Solid State Drives (SSD) · Rebound · Rebound Electronics,weeks,2021-Q4,true,latest,1,"[""rebound-micron-ssd-2021-Q4""]",rebound-micron-ssd-2021-Q4,2021-Q4,발간호 분기 · 정확한 발간일 미확인,,2021-Q4,Rebound Electronics,Rebound 일반 유통시장 / Micron / Solid State Drives (SSD). 원문은 상세 규격·지역 미공개. SSD를 enterprise SSD로 간주하지 않음.,range,54,56,false,0.0,3.703704,범위 하단끼리·상단끼리 비교. 변화율 구간이나 평균이 아님.,237.5,211.111111,범위 하단끼리·상단끼리 비교. 변화율 구간이나 평균이 아님.,337.5,311.111111,2020-Q4,범위 하단끼리·상단끼리 비교. 변화율 구간이나 평균이 아님.,false,false,https://reboundeu.com/wp-content/uploads/2022/06/Market-Insight-Q4-2021.pdf,"PDF p.32, Micron / Solid State Drives (SSD) / LEAD TIME (WKS)",분기 내 마지막 확인값 · 원 자료 축 2021-Q4 (발간호 분기 · 정확한 발간일 미확인). 분기 평균·분기말 확정값 아님.,Rebound 2021-Q4호의 Micron Solid State Drives (SSD) 보고 납기는 54-56주입니다. 분기는 발간호 표지 기준이며 정확한 조사일은 공개되지 않았습니다.
NAND · SSD · eMMC,rebound-micron-ssd,Micron Solid State Drives (SSD) · Rebound · Rebound Electronics,weeks,2022-Q1,true,latest,1,"[""rebound-micron-ssd-2022-Q1""]",rebound-micron-ssd-2022-Q1,2022-Q1,발간호 분기 · 정확한 발간일 미확인,,2022-Q1,Rebound Electronics,Rebound 일반 유통시장 / Micron / Solid State Drives (SSD). 원문은 상세 규격·지역 미공개. SSD를 enterprise SSD로 간주하지 않음.,range,54,56,false,0.0,0.0,범위 하단끼리·상단끼리 비교. 변화율 구간이나 평균이 아님.,237.5,211.111111,범위 하단끼리·상단끼리 비교. 변화율 구간이나 평균이 아님.,337.5,311.111111,2020-Q4,범위 하단끼리·상단끼리 비교. 변화율 구간이나 평균이 아님.,false,false,https://reboundeu.com/wp-content/uploads/2022/04/Market-Insight-Q1-2022.pdf,"PDF p.30, Micron / Solid State Drives (SSD) / LEAD TIME (WKS)",분기 내 마지막 확인값 · 원 자료 축 2022-Q1 (발간호 분기 · 정확한 발간일 미확인). 분기 평균·분기말 확정값 아님.,Rebound 2022-Q1호의 Micron Solid State Drives (SSD) 보고 납기는 54-56주입니다. 분기는 발간호 표지 기준이며 정확한 조사일은 공개되지 않았습니다.
NAND · SSD · eMMC,rebound-samsung-ssd,Samsung Solid State Drives (SSD) · Rebound · Rebound Electronics,weeks,2020-Q4,true,latest,1,"[""rebound-samsung-ssd-2020-Q4""]",rebound-samsung-ssd-2020-Q4,2020-Q4,발간호 분기 · 정확한 발간일 미확인,,2020-Q4,Rebound Electronics,Rebound 일반 유통시장 / Samsung / Solid State Drives (SSD). 원문은 상세 규격·지역 미공개. SSD를 enterprise SSD로 간주하지 않음.,range,16,18,false,,,바로 이전 분기 대표값 없음,,,전년 동기 대표값 없음 또는 제품 범위 변경,100.0,100.0,2020-Q4,범위 하단끼리·상단끼리 비교. 변화율 구간이나 평균이 아님.,false,false,https://reboundeu.com/wp-content/uploads/2020/09/Market-Insight-Q4-2020.pdf,"PDF p.24, Samsung / Solid State Drives (SSD) / LEAD TIME (WKS)",분기 내 마지막 확인값 · 원 자료 축 2020-Q4 (발간호 분기 · 정확한 발간일 미확인). 분기 평균·분기말 확정값 아님.,Rebound 2020-Q4호의 Samsung Solid State Drives (SSD) 보고 납기는 16-18주입니다. 분기는 발간호 표지 기준이며 정확한 조사일은 공개되지 않았습니다.
NAND · SSD · eMMC,rebound-samsung-ssd,Samsung Solid State Drives (SSD) · Rebound · Rebound Electronics,weeks,2021-Q1,true,latest,1,"[""rebound-samsung-ssd-2021-Q1""]",rebound-samsung-ssd-2021-Q1,2021-Q1,발간호 분기 · 정확한 발간일 미확인,,2021-Q1,Rebound Electronics,Rebound 일반 유통시장 / Samsung / Solid State Drives (SSD). 원문은 상세 규격·지역 미공개. SSD를 enterprise SSD로 간주하지 않음.,range,16,18,false,0.0,0.0,범위 하단끼리·상단끼리 비교. 변화율 구간이나 평균이 아님.,,,전년 동기 대표값 없음 또는 제품 범위 변경,100.0,100.0,2020-Q4,범위 하단끼리·상단끼리 비교. 변화율 구간이나 평균이 아님.,false,false,https://reboundeu.com/wp-content/uploads/2022/06/Market-Insight-Q1-20212.pdf,"PDF p.31, Samsung / Solid State Drives (SSD) / LEAD TIME (WKS)",분기 내 마지막 확인값 · 원 자료 축 2021-Q1 (발간호 분기 · 정확한 발간일 미확인). 분기 평균·분기말 확정값 아님.,Rebound 2021-Q1호의 Samsung Solid State Drives (SSD) 보고 납기는 16-18주입니다. 분기는 발간호 표지 기준이며 정확한 조사일은 공개되지 않았습니다.
NAND · SSD · eMMC,rebound-samsung-ssd,Samsung Solid State Drives (SSD) · Rebound · Rebound Electronics,weeks,2021-Q2,true,latest,1,"[""rebound-samsung-ssd-2021-Q2""]",rebound-samsung-ssd-2021-Q2,2021-Q2,발간호 분기 · 정확한 발간일 미확인,,2021-Q2,Rebound Electronics,Rebound 일반 유통시장 / Samsung / Solid State Drives (SSD). 원문은 상세 규격·지역 미공개. SSD를 enterprise SSD로 간주하지 않음.,exact,54,54,false,237.5,200.0,범위 하단끼리·상단끼리 비교. 변화율 구간이나 평균이 아님.,,,전년 동기 대표값 없음 또는 제품 범위 변경,337.5,300.0,2020-Q4,범위 하단끼리·상단끼리 비교. 변화율 구간이나 평균이 아님.,false,false,https://reboundeu.com/wp-content/uploads/2022/06/Market-Insight-Q2-2021.pdf,"PDF p.30, Samsung / Solid State Drives (SSD) / LEAD TIME (WKS)",분기 내 마지막 확인값 · 원 자료 축 2021-Q2 (발간호 분기 · 정확한 발간일 미확인). 분기 평균·분기말 확정값 아님.,Rebound 2021-Q2호의 Samsung Solid State Drives (SSD) 보고 납기는 54주입니다. 분기는 발간호 표지 기준이며 정확한 조사일은 공개되지 않았습니다.
NAND · SSD · eMMC,rebound-samsung-ssd,Samsung Solid State Drives (SSD) · Rebound · Rebound Electronics,weeks,2021-Q3,true,latest,1,"[""rebound-samsung-ssd-2021-Q3""]",rebound-samsung-ssd-2021-Q3,2021-Q3,발간호 분기 · 정확한 발간일 미확인,,2021-Q3,Rebound Electronics,Rebound 일반 유통시장 / Samsung / Solid State Drives (SSD). 원문은 상세 규격·지역 미공개. SSD를 enterprise SSD로 간주하지 않음.,exact,54,54,false,0.0,0.0,,,,전년 동기 대표값 없음 또는 제품 범위 변경,337.5,300.0,2020-Q4,범위 하단끼리·상단끼리 비교. 변화율 구간이나 평균이 아님.,false,false,https://reboundeu.com/wp-content/uploads/2022/06/Market-Insight-Q3-2021.pdf,"PDF p.31, Samsung / Solid State Drives (SSD) / LEAD TIME (WKS)",분기 내 마지막 확인값 · 원 자료 축 2021-Q3 (발간호 분기 · 정확한 발간일 미확인). 분기 평균·분기말 확정값 아님.,Rebound 2021-Q3호의 Samsung Solid State Drives (SSD) 보고 납기는 54주입니다. 분기는 발간호 표지 기준이며 정확한 조사일은 공개되지 않았습니다. 원문은 allocation 중이며 신규 견적·주문을 받지 않는다고 명시합니다.
NAND · SSD · eMMC,rebound-samsung-ssd,Samsung Solid State Drives (SSD) · Rebound · Rebound Electronics,weeks,2021-Q4,true,latest,1,"[""rebound-samsung-ssd-2021-Q4""]",rebound-samsung-ssd-2021-Q4,2021-Q4,발간호 분기 · 정확한 발간일 미확인,,2021-Q4,Rebound Electronics,Rebound 일반 유통시장 / Samsung / Solid State Drives (SSD). 원문은 상세 규격·지역 미공개. SSD를 enterprise SSD로 간주하지 않음.,range,54,56,false,0.0,3.703704,범위 하단끼리·상단끼리 비교. 변화율 구간이나 평균이 아님.,237.5,211.111111,범위 하단끼리·상단끼리 비교. 변화율 구간이나 평균이 아님.,337.5,311.111111,2020-Q4,범위 하단끼리·상단끼리 비교. 변화율 구간이나 평균이 아님.,false,false,https://reboundeu.com/wp-content/uploads/2022/06/Market-Insight-Q4-2021.pdf,"PDF p.32, Samsung / Solid State Drives (SSD) / LEAD TIME (WKS)",분기 내 마지막 확인값 · 원 자료 축 2021-Q4 (발간호 분기 · 정확한 발간일 미확인). 분기 평균·분기말 확정값 아님.,Rebound 2021-Q4호의 Samsung Solid State Drives (SSD) 보고 납기는 54-56주입니다. 분기는 발간호 표지 기준이며 정확한 조사일은 공개되지 않았습니다. 원문은 allocation 중이며 신규 견적·주문을 받지 않는다고 명시합니다.
NAND · SSD · eMMC,rebound-samsung-ssd,Samsung Solid State Drives (SSD) · Rebound · Rebound Electronics,weeks,2022-Q1,true,latest,1,"[""rebound-samsung-ssd-2022-Q1""]",rebound-samsung-ssd-2022-Q1,2022-Q1,발간호 분기 · 정확한 발간일 미확인,,2022-Q1,Rebound Electronics,Rebound 일반 유통시장 / Samsung / Solid State Drives (SSD). 원문은 상세 규격·지역 미공개. SSD를 enterprise SSD로 간주하지 않음.,range,54,56,false,0.0,0.0,범위 하단끼리·상단끼리 비교. 변화율 구간이나 평균이 아님.,237.5,211.111111,범위 하단끼리·상단끼리 비교. 변화율 구간이나 평균이 아님.,337.5,311.111111,2020-Q4,범위 하단끼리·상단끼리 비교. 변화율 구간이나 평균이 아님.,false,false,https://reboundeu.com/wp-content/uploads/2022/04/Market-Insight-Q1-2022.pdf,"PDF p.30, Samsung / Solid State Drives (SSD) / LEAD TIME (WKS)",분기 내 마지막 확인값 · 원 자료 축 2022-Q1 (발간호 분기 · 정확한 발간일 미확인). 분기 평균·분기말 확정값 아님.,Rebound 2022-Q1호의 Samsung Solid State Drives (SSD) 보고 납기는 54-56주입니다. 분기는 발간호 표지 기준이며 정확한 조사일은 공개되지 않았습니다. 원문은 allocation 중이며 신규 견적·주문을 받지 않는다고 명시합니다.
NAND · SSD · eMMC,rebound-micron-emmc,Micron eMMC · Rebound · Rebound Electronics,weeks,2020-Q4,true,latest,1,"[""rebound-micron-emmc-2020-Q4""]",rebound-micron-emmc-2020-Q4,2020-Q4,발간호 분기 · 정확한 발간일 미확인,,2020-Q4,Rebound Electronics,Rebound 일반 유통시장 / Micron / eMMC. 원문은 상세 규격·지역 미공개. SSD를 enterprise SSD로 간주하지 않음.,range,14,16,false,,,바로 이전 분기 대표값 없음,,,전년 동기 대표값 없음 또는 제품 범위 변경,100.0,100.0,2020-Q4,범위 하단끼리·상단끼리 비교. 변화율 구간이나 평균이 아님.,false,false,https://reboundeu.com/wp-content/uploads/2020/09/Market-Insight-Q4-2020.pdf,"PDF p.24, Micron / eMMC / LEAD TIME (WKS)",분기 내 마지막 확인값 · 원 자료 축 2020-Q4 (발간호 분기 · 정확한 발간일 미확인). 분기 평균·분기말 확정값 아님.,Rebound 2020-Q4호의 Micron eMMC 보고 납기는 14-16주입니다. 분기는 발간호 표지 기준이며 정확한 조사일은 공개되지 않았습니다.
NAND · SSD · eMMC,rebound-micron-emmc,Micron eMMC · Rebound · Rebound Electronics,weeks,2021-Q1,true,latest,1,"[""rebound-micron-emmc-2021-Q1""]",rebound-micron-emmc-2021-Q1,2021-Q1,발간호 분기 · 정확한 발간일 미확인,,2021-Q1,Rebound Electronics,Rebound 일반 유통시장 / Micron / eMMC. 원문은 상세 규격·지역 미공개. SSD를 enterprise SSD로 간주하지 않음.,range,14,16,false,0.0,0.0,범위 하단끼리·상단끼리 비교. 변화율 구간이나 평균이 아님.,,,전년 동기 대표값 없음 또는 제품 범위 변경,100.0,100.0,2020-Q4,범위 하단끼리·상단끼리 비교. 변화율 구간이나 평균이 아님.,false,false,https://reboundeu.com/wp-content/uploads/2022/06/Market-Insight-Q1-20212.pdf,"PDF p.31, Micron / eMMC / LEAD TIME (WKS)",분기 내 마지막 확인값 · 원 자료 축 2021-Q1 (발간호 분기 · 정확한 발간일 미확인). 분기 평균·분기말 확정값 아님.,Rebound 2021-Q1호의 Micron eMMC 보고 납기는 14-16주입니다. 분기는 발간호 표지 기준이며 정확한 조사일은 공개되지 않았습니다.
NAND · SSD · eMMC,rebound-micron-emmc,Micron eMMC · Rebound · Rebound Electronics,weeks,2021-Q2,true,latest,1,"[""rebound-micron-emmc-2021-Q2""]",rebound-micron-emmc-2021-Q2,2021-Q2,발간호 분기 · 정확한 발간일 미확인,,2021-Q2,Rebound Electronics,Rebound 일반 유통시장 / Micron / eMMC. 원문은 상세 규격·지역 미공개. SSD를 enterprise SSD로 간주하지 않음.,range,54,56,false,285.714286,250.0,범위 하단끼리·상단끼리 비교. 변화율 구간이나 평균이 아님.,,,전년 동기 대표값 없음 또는 제품 범위 변경,385.714286,350.0,2020-Q4,범위 하단끼리·상단끼리 비교. 변화율 구간이나 평균이 아님.,false,false,https://reboundeu.com/wp-content/uploads/2022/06/Market-Insight-Q2-2021.pdf,"PDF p.30, Micron / eMMC / LEAD TIME (WKS)",분기 내 마지막 확인값 · 원 자료 축 2021-Q2 (발간호 분기 · 정확한 발간일 미확인). 분기 평균·분기말 확정값 아님.,Rebound 2021-Q2호의 Micron eMMC 보고 납기는 54-56주입니다. 분기는 발간호 표지 기준이며 정확한 조사일은 공개되지 않았습니다.
NAND · SSD · eMMC,rebound-micron-emmc,Micron eMMC · Rebound · Rebound Electronics,weeks,2021-Q3,true,latest,1,"[""rebound-micron-emmc-2021-Q3""]",rebound-micron-emmc-2021-Q3,2021-Q3,발간호 분기 · 정확한 발간일 미확인,,2021-Q3,Rebound Electronics,Rebound 일반 유통시장 / Micron / eMMC. 원문은 상세 규격·지역 미공개. SSD를 enterprise SSD로 간주하지 않음.,range,54,56,false,0.0,0.0,범위 하단끼리·상단끼리 비교. 변화율 구간이나 평균이 아님.,,,전년 동기 대표값 없음 또는 제품 범위 변경,385.714286,350.0,2020-Q4,범위 하단끼리·상단끼리 비교. 변화율 구간이나 평균이 아님.,false,false,https://reboundeu.com/wp-content/uploads/2022/06/Market-Insight-Q3-2021.pdf,"PDF p.31, Micron / eMMC / LEAD TIME (WKS)",분기 내 마지막 확인값 · 원 자료 축 2021-Q3 (발간호 분기 · 정확한 발간일 미확인). 분기 평균·분기말 확정값 아님.,Rebound 2021-Q3호의 Micron eMMC 보고 납기는 54-56주입니다. 분기는 발간호 표지 기준이며 정확한 조사일은 공개되지 않았습니다.
NAND · SSD · eMMC,rebound-micron-emmc,Micron eMMC · Rebound · Rebound Electronics,weeks,2021-Q4,true,latest,1,"[""rebound-micron-emmc-2021-Q4""]",rebound-micron-emmc-2021-Q4,2021-Q4,발간호 분기 · 정확한 발간일 미확인,,2021-Q4,Rebound Electronics,Rebound 일반 유통시장 / Micron / eMMC. 원문은 상세 규격·지역 미공개. SSD를 enterprise SSD로 간주하지 않음.,range,54,56,false,0.0,0.0,범위 하단끼리·상단끼리 비교. 변화율 구간이나 평균이 아님.,285.714286,250.0,범위 하단끼리·상단끼리 비교. 변화율 구간이나 평균이 아님.,385.714286,350.0,2020-Q4,범위 하단끼리·상단끼리 비교. 변화율 구간이나 평균이 아님.,false,false,https://reboundeu.com/wp-content/uploads/2022/06/Market-Insight-Q4-2021.pdf,"PDF p.32, Micron / eMMC / LEAD TIME (WKS)",분기 내 마지막 확인값 · 원 자료 축 2021-Q4 (발간호 분기 · 정확한 발간일 미확인). 분기 평균·분기말 확정값 아님.,Rebound 2021-Q4호의 Micron eMMC 보고 납기는 54-56주입니다. 분기는 발간호 표지 기준이며 정확한 조사일은 공개되지 않았습니다.
NAND · SSD · eMMC,rebound-micron-emmc,Micron eMMC · Rebound · Rebound Electronics,weeks,2022-Q1,true,latest,1,"[""rebound-micron-emmc-2022-Q1""]",rebound-micron-emmc-2022-Q1,2022-Q1,발간호 분기 · 정확한 발간일 미확인,,2022-Q1,Rebound Electronics,Rebound 일반 유통시장 / Micron / eMMC. 원문은 상세 규격·지역 미공개. SSD를 enterprise SSD로 간주하지 않음.,range,54,56,false,0.0,0.0,범위 하단끼리·상단끼리 비교. 변화율 구간이나 평균이 아님.,285.714286,250.0,범위 하단끼리·상단끼리 비교. 변화율 구간이나 평균이 아님.,385.714286,350.0,2020-Q4,범위 하단끼리·상단끼리 비교. 변화율 구간이나 평균이 아님.,false,false,https://reboundeu.com/wp-content/uploads/2022/04/Market-Insight-Q1-2022.pdf,"PDF p.30, Micron / eMMC / LEAD TIME (WKS)",분기 내 마지막 확인값 · 원 자료 축 2022-Q1 (발간호 분기 · 정확한 발간일 미확인). 분기 평균·분기말 확정값 아님.,Rebound 2022-Q1호의 Micron eMMC 보고 납기는 54-56주입니다. 분기는 발간호 표지 기준이며 정확한 조사일은 공개되지 않았습니다.
NAND · SSD · eMMC,rebound-samsung-emmc,Samsung eMMC · Rebound · Rebound Electronics,weeks,2020-Q4,true,latest,1,"[""rebound-samsung-emmc-2020-Q4""]",rebound-samsung-emmc-2020-Q4,2020-Q4,발간호 분기 · 정확한 발간일 미확인,,2020-Q4,Rebound Electronics,Rebound 일반 유통시장 / Samsung / eMMC. 원문은 상세 규격·지역 미공개. SSD를 enterprise SSD로 간주하지 않음.,range,14,16,false,,,바로 이전 분기 대표값 없음,,,전년 동기 대표값 없음 또는 제품 범위 변경,100.0,100.0,2020-Q4,범위 하단끼리·상단끼리 비교. 변화율 구간이나 평균이 아님.,false,false,https://reboundeu.com/wp-content/uploads/2020/09/Market-Insight-Q4-2020.pdf,"PDF p.24, Samsung / eMMC / LEAD TIME (WKS)",분기 내 마지막 확인값 · 원 자료 축 2020-Q4 (발간호 분기 · 정확한 발간일 미확인). 분기 평균·분기말 확정값 아님.,Rebound 2020-Q4호의 Samsung eMMC 보고 납기는 14-16주입니다. 분기는 발간호 표지 기준이며 정확한 조사일은 공개되지 않았습니다.
NAND · SSD · eMMC,rebound-samsung-emmc,Samsung eMMC · Rebound · Rebound Electronics,weeks,2021-Q1,true,latest,1,"[""rebound-samsung-emmc-2021-Q1""]",rebound-samsung-emmc-2021-Q1,2021-Q1,발간호 분기 · 정확한 발간일 미확인,,2021-Q1,Rebound Electronics,Rebound 일반 유통시장 / Samsung / eMMC. 원문은 상세 규격·지역 미공개. SSD를 enterprise SSD로 간주하지 않음.,range,14,16,false,0.0,0.0,범위 하단끼리·상단끼리 비교. 변화율 구간이나 평균이 아님.,,,전년 동기 대표값 없음 또는 제품 범위 변경,100.0,100.0,2020-Q4,범위 하단끼리·상단끼리 비교. 변화율 구간이나 평균이 아님.,false,false,https://reboundeu.com/wp-content/uploads/2022/06/Market-Insight-Q1-20212.pdf,"PDF p.31, Samsung / eMMC / LEAD TIME (WKS)",분기 내 마지막 확인값 · 원 자료 축 2021-Q1 (발간호 분기 · 정확한 발간일 미확인). 분기 평균·분기말 확정값 아님.,Rebound 2021-Q1호의 Samsung eMMC 보고 납기는 14-16주입니다. 분기는 발간호 표지 기준이며 정확한 조사일은 공개되지 않았습니다.
NAND · SSD · eMMC,rebound-samsung-emmc,Samsung eMMC · Rebound · Rebound Electronics,weeks,2021-Q2,true,latest,1,"[""rebound-samsung-emmc-2021-Q2""]",rebound-samsung-emmc-2021-Q2,2021-Q2,발간호 분기 · 정확한 발간일 미확인,,2021-Q2,Rebound Electronics,Rebound 일반 유통시장 / Samsung / eMMC. 원문은 상세 규격·지역 미공개. SSD를 enterprise SSD로 간주하지 않음.,range,54,56,false,285.714286,250.0,범위 하단끼리·상단끼리 비교. 변화율 구간이나 평균이 아님.,,,전년 동기 대표값 없음 또는 제품 범위 변경,385.714286,350.0,2020-Q4,범위 하단끼리·상단끼리 비교. 변화율 구간이나 평균이 아님.,false,false,https://reboundeu.com/wp-content/uploads/2022/06/Market-Insight-Q2-2021.pdf,"PDF p.30, Samsung / eMMC / LEAD TIME (WKS)",분기 내 마지막 확인값 · 원 자료 축 2021-Q2 (발간호 분기 · 정확한 발간일 미확인). 분기 평균·분기말 확정값 아님.,Rebound 2021-Q2호의 Samsung eMMC 보고 납기는 54-56주입니다. 분기는 발간호 표지 기준이며 정확한 조사일은 공개되지 않았습니다.
NAND · SSD · eMMC,rebound-samsung-emmc,Samsung eMMC · Rebound · Rebound Electronics,weeks,2021-Q3,true,latest,1,"[""rebound-samsung-emmc-2021-Q3""]",rebound-samsung-emmc-2021-Q3,2021-Q3,발간호 분기 · 정확한 발간일 미확인,,2021-Q3,Rebound Electronics,Rebound 일반 유통시장 / Samsung / eMMC. 원문은 상세 규격·지역 미공개. SSD를 enterprise SSD로 간주하지 않음.,range,54,56,false,0.0,0.0,범위 하단끼리·상단끼리 비교. 변화율 구간이나 평균이 아님.,,,전년 동기 대표값 없음 또는 제품 범위 변경,385.714286,350.0,2020-Q4,범위 하단끼리·상단끼리 비교. 변화율 구간이나 평균이 아님.,false,false,https://reboundeu.com/wp-content/uploads/2022/06/Market-Insight-Q3-2021.pdf,"PDF p.31, Samsung / eMMC / LEAD TIME (WKS)",분기 내 마지막 확인값 · 원 자료 축 2021-Q3 (발간호 분기 · 정확한 발간일 미확인). 분기 평균·분기말 확정값 아님.,Rebound 2021-Q3호의 Samsung eMMC 보고 납기는 54-56주입니다. 분기는 발간호 표지 기준이며 정확한 조사일은 공개되지 않았습니다. 원문은 allocation 중이며 신규 견적·주문을 받지 않는다고 명시합니다.
NAND · SSD · eMMC,rebound-samsung-emmc,Samsung eMMC · Rebound · Rebound Electronics,weeks,2021-Q4,true,latest,1,"[""rebound-samsung-emmc-2021-Q4""]",rebound-samsung-emmc-2021-Q4,2021-Q4,발간호 분기 · 정확한 발간일 미확인,,2021-Q4,Rebound Electronics,Rebound 일반 유통시장 / Samsung / eMMC. 원문은 상세 규격·지역 미공개. SSD를 enterprise SSD로 간주하지 않음.,range,54,56,false,0.0,0.0,범위 하단끼리·상단끼리 비교. 변화율 구간이나 평균이 아님.,285.714286,250.0,범위 하단끼리·상단끼리 비교. 변화율 구간이나 평균이 아님.,385.714286,350.0,2020-Q4,범위 하단끼리·상단끼리 비교. 변화율 구간이나 평균이 아님.,false,false,https://reboundeu.com/wp-content/uploads/2022/06/Market-Insight-Q4-2021.pdf,"PDF p.32, Samsung / eMMC / LEAD TIME (WKS)",분기 내 마지막 확인값 · 원 자료 축 2021-Q4 (발간호 분기 · 정확한 발간일 미확인). 분기 평균·분기말 확정값 아님.,Rebound 2021-Q4호의 Samsung eMMC 보고 납기는 54-56주입니다. 분기는 발간호 표지 기준이며 정확한 조사일은 공개되지 않았습니다. 원문은 allocation 중이며 신규 견적·주문을 받지 않는다고 명시합니다.
NAND · SSD · eMMC,rebound-samsung-emmc,Samsung eMMC · Rebound · Rebound Electronics,weeks,2022-Q1,true,latest,1,"[""rebound-samsung-emmc-2022-Q1""]",rebound-samsung-emmc-2022-Q1,2022-Q1,발간호 분기 · 정확한 발간일 미확인,,2022-Q1,Rebound Electronics,Rebound 일반 유통시장 / Samsung / eMMC. 원문은 상세 규격·지역 미공개. SSD를 enterprise SSD로 간주하지 않음.,range,54,56,false,0.0,0.0,범위 하단끼리·상단끼리 비교. 변화율 구간이나 평균이 아님.,285.714286,250.0,범위 하단끼리·상단끼리 비교. 변화율 구간이나 평균이 아님.,385.714286,350.0,2020-Q4,범위 하단끼리·상단끼리 비교. 변화율 구간이나 평균이 아님.,false,false,https://reboundeu.com/wp-content/uploads/2022/04/Market-Insight-Q1-2022.pdf,"PDF p.30, Samsung / eMMC / LEAD TIME (WKS)",분기 내 마지막 확인값 · 원 자료 축 2022-Q1 (발간호 분기 · 정확한 발간일 미확인). 분기 평균·분기말 확정값 아님.,Rebound 2022-Q1호의 Samsung eMMC 보고 납기는 54-56주입니다. 분기는 발간호 표지 기준이며 정확한 조사일은 공개되지 않았습니다. 원문은 allocation 중이며 신규 견적·주문을 받지 않는다고 명시합니다.
NAND · SSD · eMMC,rebound-kingston-ssd,Kingston Solid State Drives (SSD) · Rebound · Rebound Electronics,weeks,2020-Q4,true,latest,1,"[""rebound-kingston-ssd-2020-Q4""]",rebound-kingston-ssd-2020-Q4,2020-Q4,발간호 분기 · 정확한 발간일 미확인,,2020-Q4,Rebound Electronics,Rebound 일반 유통시장 / Kingston / Solid State Drives (SSD). 원문은 상세 규격·지역 미공개. SSD를 enterprise SSD로 간주하지 않음.,range,6,8,false,,,바로 이전 분기 대표값 없음,,,전년 동기 대표값 없음 또는 제품 범위 변경,100.0,100.0,2020-Q4,범위 하단끼리·상단끼리 비교. 변화율 구간이나 평균이 아님.,false,false,https://reboundeu.com/wp-content/uploads/2020/09/Market-Insight-Q4-2020.pdf,"PDF p.23, Kingston / Solid State Drives (SSD) / LEAD TIME (WKS)",분기 내 마지막 확인값 · 원 자료 축 2020-Q4 (발간호 분기 · 정확한 발간일 미확인). 분기 평균·분기말 확정값 아님.,Rebound 2020-Q4호의 Kingston Solid State Drives (SSD) 보고 납기는 6-8주입니다. 분기는 발간호 표지 기준이며 정확한 조사일은 공개되지 않았습니다.
NAND · SSD · eMMC,rebound-kingston-ssd,Kingston Solid State Drives (SSD) · Rebound · Rebound Electronics,weeks,2021-Q1,true,latest,1,"[""rebound-kingston-ssd-2021-Q1""]",rebound-kingston-ssd-2021-Q1,2021-Q1,발간호 분기 · 정확한 발간일 미확인,,2021-Q1,Rebound Electronics,Rebound 일반 유통시장 / Kingston / Solid State Drives (SSD). 원문은 상세 규격·지역 미공개. SSD를 enterprise SSD로 간주하지 않음.,range,8,10,false,33.333333,25.0,범위 하단끼리·상단끼리 비교. 변화율 구간이나 평균이 아님.,,,전년 동기 대표값 없음 또는 제품 범위 변경,133.333333,125.0,2020-Q4,범위 하단끼리·상단끼리 비교. 변화율 구간이나 평균이 아님.,false,false,https://reboundeu.com/wp-content/uploads/2022/06/Market-Insight-Q1-20212.pdf,"PDF p.30, Kingston / Solid State Drives (SSD) / LEAD TIME (WKS)",분기 내 마지막 확인값 · 원 자료 축 2021-Q1 (발간호 분기 · 정확한 발간일 미확인). 분기 평균·분기말 확정값 아님.,Rebound 2021-Q1호의 Kingston Solid State Drives (SSD) 보고 납기는 8-10주입니다. 분기는 발간호 표지 기준이며 정확한 조사일은 공개되지 않았습니다.
NAND · SSD · eMMC,rebound-kingston-ssd,Kingston Solid State Drives (SSD) · Rebound · Rebound Electronics,weeks,2021-Q2,true,latest,1,"[""rebound-kingston-ssd-2021-Q2""]",rebound-kingston-ssd-2021-Q2,2021-Q2,발간호 분기 · 정확한 발간일 미확인,,2021-Q2,Rebound Electronics,Rebound 일반 유통시장 / Kingston / Solid State Drives (SSD). 원문은 상세 규격·지역 미공개. SSD를 enterprise SSD로 간주하지 않음.,range,8,12,false,0.0,20.0,범위 하단끼리·상단끼리 비교. 변화율 구간이나 평균이 아님.,,,전년 동기 대표값 없음 또는 제품 범위 변경,133.333333,150.0,2020-Q4,범위 하단끼리·상단끼리 비교. 변화율 구간이나 평균이 아님.,false,false,https://reboundeu.com/wp-content/uploads/2022/06/Market-Insight-Q2-2021.pdf,"PDF p.29, Kingston / Solid State Drives (SSD) / LEAD TIME (WKS)",분기 내 마지막 확인값 · 원 자료 축 2021-Q2 (발간호 분기 · 정확한 발간일 미확인). 분기 평균·분기말 확정값 아님.,Rebound 2021-Q2호의 Kingston Solid State Drives (SSD) 보고 납기는 8-12주입니다. 분기는 발간호 표지 기준이며 정확한 조사일은 공개되지 않았습니다.
NAND · SSD · eMMC,rebound-kingston-ssd,Kingston Solid State Drives (SSD) · Rebound · Rebound Electronics,weeks,2021-Q3,true,latest,1,"[""rebound-kingston-ssd-2021-Q3""]",rebound-kingston-ssd-2021-Q3,2021-Q3,발간호 분기 · 정확한 발간일 미확인,,2021-Q3,Rebound Electronics,Rebound 일반 유통시장 / Kingston / Solid State Drives (SSD). 원문은 상세 규격·지역 미공개. SSD를 enterprise SSD로 간주하지 않음.,range,10,14,false,25.0,16.666667,범위 하단끼리·상단끼리 비교. 변화율 구간이나 평균이 아님.,,,전년 동기 대표값 없음 또는 제품 범위 변경,166.666667,175.0,2020-Q4,범위 하단끼리·상단끼리 비교. 변화율 구간이나 평균이 아님.,false,false,https://reboundeu.com/wp-content/uploads/2022/06/Market-Insight-Q3-2021.pdf,"PDF p.30, Kingston / Solid State Drives (SSD) / LEAD TIME (WKS)",분기 내 마지막 확인값 · 원 자료 축 2021-Q3 (발간호 분기 · 정확한 발간일 미확인). 분기 평균·분기말 확정값 아님.,Rebound 2021-Q3호의 Kingston Solid State Drives (SSD) 보고 납기는 10-14주입니다. 분기는 발간호 표지 기준이며 정확한 조사일은 공개되지 않았습니다.
NAND · SSD · eMMC,rebound-kingston-ssd,Kingston Solid State Drives (SSD) · Rebound · Rebound Electronics,weeks,2021-Q4,true,latest,1,"[""rebound-kingston-ssd-2021-Q4""]",rebound-kingston-ssd-2021-Q4,2021-Q4,발간호 분기 · 정확한 발간일 미확인,,2021-Q4,Rebound Electronics,Rebound 일반 유통시장 / Kingston / Solid State Drives (SSD). 원문은 상세 규격·지역 미공개. SSD를 enterprise SSD로 간주하지 않음.,range,10,14,false,0.0,0.0,범위 하단끼리·상단끼리 비교. 변화율 구간이나 평균이 아님.,66.666667,75.0,범위 하단끼리·상단끼리 비교. 변화율 구간이나 평균이 아님.,166.666667,175.0,2020-Q4,범위 하단끼리·상단끼리 비교. 변화율 구간이나 평균이 아님.,false,false,https://reboundeu.com/wp-content/uploads/2022/06/Market-Insight-Q4-2021.pdf,"PDF p.31, Kingston / Solid State Drives (SSD) / LEAD TIME (WKS)",분기 내 마지막 확인값 · 원 자료 축 2021-Q4 (발간호 분기 · 정확한 발간일 미확인). 분기 평균·분기말 확정값 아님.,Rebound 2021-Q4호의 Kingston Solid State Drives (SSD) 보고 납기는 10-14주입니다. 분기는 발간호 표지 기준이며 정확한 조사일은 공개되지 않았습니다.
NAND · SSD · eMMC,rebound-kingston-ssd,Kingston Solid State Drives (SSD) · Rebound · Rebound Electronics,weeks,2022-Q1,true,latest,1,"[""rebound-kingston-ssd-2022-Q1""]",rebound-kingston-ssd-2022-Q1,2022-Q1,발간호 분기 · 정확한 발간일 미확인,,2022-Q1,Rebound Electronics,Rebound 일반 유통시장 / Kingston / Solid State Drives (SSD). 원문은 상세 규격·지역 미공개. SSD를 enterprise SSD로 간주하지 않음.,range,10,14,false,0.0,0.0,범위 하단끼리·상단끼리 비교. 변화율 구간이나 평균이 아님.,25.0,40.0,범위 하단끼리·상단끼리 비교. 변화율 구간이나 평균이 아님.,166.666667,175.0,2020-Q4,범위 하단끼리·상단끼리 비교. 변화율 구간이나 평균이 아님.,false,false,https://reboundeu.com/wp-content/uploads/2022/04/Market-Insight-Q1-2022.pdf,"PDF p.29, Kingston / Solid State Drives (SSD) / LEAD TIME (WKS)",분기 내 마지막 확인값 · 원 자료 축 2022-Q1 (발간호 분기 · 정확한 발간일 미확인). 분기 평균·분기말 확정값 아님.,Rebound 2022-Q1호의 Kingston Solid State Drives (SSD) 보고 납기는 10-14주입니다. 분기는 발간호 표지 기준이며 정확한 조사일은 공개되지 않았습니다.
NAND · SSD · eMMC,rebound-kingston-ssd,Kingston Solid State Drives (SSD) · Rebound · Rebound Electronics,weeks,2022-Q2,false,missing,0,[],,,,,,,,missing,,,false,,,이 분기에 확인된 관측이 없습니다.,,,이 분기에 확인된 관측이 없습니다.,,,,이 분기에 확인된 관측이 없습니다.,false,false,,,이 분기에 확인된 관측이 없습니다.,이 분기에 확인된 관측이 없습니다.
NAND · SSD · eMMC,rebound-kingston-ssd,Kingston Solid State Drives (SSD) · Rebound · Rebound Electronics,weeks,2022-Q3,false,missing,0,[],,,,,,,,missing,,,false,,,이 분기에 확인된 관측이 없습니다.,,,이 분기에 확인된 관측이 없습니다.,,,,이 분기에 확인된 관측이 없습니다.,false,false,,,이 분기에 확인된 관측이 없습니다.,이 분기에 확인된 관측이 없습니다.
NAND · SSD · eMMC,rebound-kingston-ssd,Kingston Solid State Drives (SSD) · Rebound · Rebound Electronics,weeks,2022-Q4,false,missing,0,[],,,,,,,,missing,,,false,,,이 분기에 확인된 관측이 없습니다.,,,이 분기에 확인된 관측이 없습니다.,,,,이 분기에 확인된 관측이 없습니다.,false,false,,,이 분기에 확인된 관측이 없습니다.,이 분기에 확인된 관측이 없습니다.
NAND · SSD · eMMC,rebound-kingston-ssd,Kingston Solid State Drives (SSD) · Rebound · Rebound Electronics,weeks,2023-Q1,false,missing,0,[],,,,,,,,missing,,,false,,,이 분기에 확인된 관측이 없습니다.,,,이 분기에 확인된 관측이 없습니다.,,,,이 분기에 확인된 관측이 없습니다.,false,false,,,이 분기에 확인된 관측이 없습니다.,이 분기에 확인된 관측이 없습니다.
NAND · SSD · eMMC,rebound-kingston-ssd,Kingston Solid State Drives (SSD) · Rebound · Rebound Electronics,weeks,2023-Q2,true,latest,1,"[""rebound-kingston-ssd-2023-Q2""]",rebound-kingston-ssd-2023-Q2,2023-Q2,발간호 분기 · 정확한 발간일 미확인,,2023-Q2,Rebound Electronics,Rebound 일반 유통시장 / Kingston / Solid State Drives (SSD). 원문은 상세 규격·지역 미공개. SSD를 enterprise SSD로 간주하지 않음.,range,4,10,false,,,바로 이전 분기 대표값 없음,,,전년 동기 대표값 없음 또는 제품 범위 변경,66.666667,125.0,2020-Q4,범위 하단끼리·상단끼리 비교. 변화율 구간이나 평균이 아님.,false,false,https://reboundeu.com/wp-content/uploads/2023/06/Market-Insights-Q2-20231-Read-Only.pdf,"PDF p.31, Kingston / Solid State Drives (SSD) / LEAD TIME (WKS)",분기 내 마지막 확인값 · 원 자료 축 2023-Q2 (발간호 분기 · 정확한 발간일 미확인). 분기 평균·분기말 확정값 아님.,Rebound 2023-Q2호의 Kingston Solid State Drives (SSD) 보고 납기는 4-10주입니다. 분기는 발간호 표지 기준이며 정확한 조사일은 공개되지 않았습니다.
NAND · SSD · eMMC,rebound-kingston-emmc,Kingston eMMC · Rebound · Rebound Electronics,weeks,2020-Q4,true,latest,1,"[""rebound-kingston-emmc-2020-Q4""]",rebound-kingston-emmc-2020-Q4,2020-Q4,발간호 분기 · 정확한 발간일 미확인,,2020-Q4,Rebound Electronics,Rebound 일반 유통시장 / Kingston / eMMC. 원문은 상세 규격·지역 미공개. SSD를 enterprise SSD로 간주하지 않음.,range,6,8,false,,,바로 이전 분기 대표값 없음,,,전년 동기 대표값 없음 또는 제품 범위 변경,100.0,100.0,2020-Q4,범위 하단끼리·상단끼리 비교. 변화율 구간이나 평균이 아님.,false,false,https://reboundeu.com/wp-content/uploads/2020/09/Market-Insight-Q4-2020.pdf,"PDF p.23, Kingston / eMMC / LEAD TIME (WKS)",분기 내 마지막 확인값 · 원 자료 축 2020-Q4 (발간호 분기 · 정확한 발간일 미확인). 분기 평균·분기말 확정값 아님.,Rebound 2020-Q4호의 Kingston eMMC 보고 납기는 6-8주입니다. 분기는 발간호 표지 기준이며 정확한 조사일은 공개되지 않았습니다.
NAND · SSD · eMMC,rebound-kingston-emmc,Kingston eMMC · Rebound · Rebound Electronics,weeks,2021-Q1,true,latest,1,"[""rebound-kingston-emmc-2021-Q1""]",rebound-kingston-emmc-2021-Q1,2021-Q1,발간호 분기 · 정확한 발간일 미확인,,2021-Q1,Rebound Electronics,Rebound 일반 유통시장 / Kingston / eMMC. 원문은 상세 규격·지역 미공개. SSD를 enterprise SSD로 간주하지 않음.,range,8,10,false,33.333333,25.0,범위 하단끼리·상단끼리 비교. 변화율 구간이나 평균이 아님.,,,전년 동기 대표값 없음 또는 제품 범위 변경,133.333333,125.0,2020-Q4,범위 하단끼리·상단끼리 비교. 변화율 구간이나 평균이 아님.,false,false,https://reboundeu.com/wp-content/uploads/2022/06/Market-Insight-Q1-20212.pdf,"PDF p.30, Kingston / eMMC / LEAD TIME (WKS)",분기 내 마지막 확인값 · 원 자료 축 2021-Q1 (발간호 분기 · 정확한 발간일 미확인). 분기 평균·분기말 확정값 아님.,Rebound 2021-Q1호의 Kingston eMMC 보고 납기는 8-10주입니다. 분기는 발간호 표지 기준이며 정확한 조사일은 공개되지 않았습니다.
NAND · SSD · eMMC,rebound-kingston-emmc,Kingston eMMC · Rebound · Rebound Electronics,weeks,2021-Q2,true,latest,1,"[""rebound-kingston-emmc-2021-Q2""]",rebound-kingston-emmc-2021-Q2,2021-Q2,발간호 분기 · 정확한 발간일 미확인,,2021-Q2,Rebound Electronics,Rebound 일반 유통시장 / Kingston / eMMC. 원문은 상세 규격·지역 미공개. SSD를 enterprise SSD로 간주하지 않음.,range,10,12,false,25.0,20.0,범위 하단끼리·상단끼리 비교. 변화율 구간이나 평균이 아님.,,,전년 동기 대표값 없음 또는 제품 범위 변경,166.666667,150.0,2020-Q4,범위 하단끼리·상단끼리 비교. 변화율 구간이나 평균이 아님.,false,false,https://reboundeu.com/wp-content/uploads/2022/06/Market-Insight-Q2-2021.pdf,"PDF p.29, Kingston / eMMC / LEAD TIME (WKS)",분기 내 마지막 확인값 · 원 자료 축 2021-Q2 (발간호 분기 · 정확한 발간일 미확인). 분기 평균·분기말 확정값 아님.,Rebound 2021-Q2호의 Kingston eMMC 보고 납기는 10-12주입니다. 분기는 발간호 표지 기준이며 정확한 조사일은 공개되지 않았습니다.
NAND · SSD · eMMC,rebound-kingston-emmc,Kingston eMMC · Rebound · Rebound Electronics,weeks,2021-Q3,true,latest,1,"[""rebound-kingston-emmc-2021-Q3""]",rebound-kingston-emmc-2021-Q3,2021-Q3,발간호 분기 · 정확한 발간일 미확인,,2021-Q3,Rebound Electronics,Rebound 일반 유통시장 / Kingston / eMMC. 원문은 상세 규격·지역 미공개. SSD를 enterprise SSD로 간주하지 않음.,range,12,14,false,20.0,16.666667,범위 하단끼리·상단끼리 비교. 변화율 구간이나 평균이 아님.,,,전년 동기 대표값 없음 또는 제품 범위 변경,200.0,175.0,2020-Q4,범위 하단끼리·상단끼리 비교. 변화율 구간이나 평균이 아님.,false,false,https://reboundeu.com/wp-content/uploads/2022/06/Market-Insight-Q3-2021.pdf,"PDF p.30, Kingston / eMMC / LEAD TIME (WKS)",분기 내 마지막 확인값 · 원 자료 축 2021-Q3 (발간호 분기 · 정확한 발간일 미확인). 분기 평균·분기말 확정값 아님.,Rebound 2021-Q3호의 Kingston eMMC 보고 납기는 12-14주입니다. 분기는 발간호 표지 기준이며 정확한 조사일은 공개되지 않았습니다.
NAND · SSD · eMMC,rebound-kingston-emmc,Kingston eMMC · Rebound · Rebound Electronics,weeks,2021-Q4,true,latest,1,"[""rebound-kingston-emmc-2021-Q4""]",rebound-kingston-emmc-2021-Q4,2021-Q4,발간호 분기 · 정확한 발간일 미확인,,2021-Q4,Rebound Electronics,Rebound 일반 유통시장 / Kingston / eMMC. 원문은 상세 규격·지역 미공개. SSD를 enterprise SSD로 간주하지 않음.,range,12,14,false,0.0,0.0,범위 하단끼리·상단끼리 비교. 변화율 구간이나 평균이 아님.,100.0,75.0,범위 하단끼리·상단끼리 비교. 변화율 구간이나 평균이 아님.,200.0,175.0,2020-Q4,범위 하단끼리·상단끼리 비교. 변화율 구간이나 평균이 아님.,false,false,https://reboundeu.com/wp-content/uploads/2022/06/Market-Insight-Q4-2021.pdf,"PDF p.31, Kingston / eMMC / LEAD TIME (WKS)",분기 내 마지막 확인값 · 원 자료 축 2021-Q4 (발간호 분기 · 정확한 발간일 미확인). 분기 평균·분기말 확정값 아님.,Rebound 2021-Q4호의 Kingston eMMC 보고 납기는 12-14주입니다. 분기는 발간호 표지 기준이며 정확한 조사일은 공개되지 않았습니다.
NAND · SSD · eMMC,rebound-kingston-emmc,Kingston eMMC · Rebound · Rebound Electronics,weeks,2022-Q1,true,latest,1,"[""rebound-kingston-emmc-2022-Q1""]",rebound-kingston-emmc-2022-Q1,2022-Q1,발간호 분기 · 정확한 발간일 미확인,,2022-Q1,Rebound Electronics,Rebound 일반 유통시장 / Kingston / eMMC. 원문은 상세 규격·지역 미공개. SSD를 enterprise SSD로 간주하지 않음.,range,6,12,false,-50.0,-14.285714,범위 하단끼리·상단끼리 비교. 변화율 구간이나 평균이 아님.,-25.0,20.0,범위 하단끼리·상단끼리 비교. 변화율 구간이나 평균이 아님.,100.0,150.0,2020-Q4,범위 하단끼리·상단끼리 비교. 변화율 구간이나 평균이 아님.,false,false,https://reboundeu.com/wp-content/uploads/2022/04/Market-Insight-Q1-2022.pdf,"PDF p.29, Kingston / eMMC / LEAD TIME (WKS)",분기 내 마지막 확인값 · 원 자료 축 2022-Q1 (발간호 분기 · 정확한 발간일 미확인). 분기 평균·분기말 확정값 아님.,Rebound 2022-Q1호의 Kingston eMMC 보고 납기는 6-12주입니다. 분기는 발간호 표지 기준이며 정확한 조사일은 공개되지 않았습니다.
NAND · SSD · eMMC,rebound-kingston-emmc,Kingston eMMC · Rebound · Rebound Electronics,weeks,2022-Q2,false,missing,0,[],,,,,,,,missing,,,false,,,이 분기에 확인된 관측이 없습니다.,,,이 분기에 확인된 관측이 없습니다.,,,,이 분기에 확인된 관측이 없습니다.,false,false,,,이 분기에 확인된 관측이 없습니다.,이 분기에 확인된 관측이 없습니다.
NAND · SSD · eMMC,rebound-kingston-emmc,Kingston eMMC · Rebound · Rebound Electronics,weeks,2022-Q3,false,missing,0,[],,,,,,,,missing,,,false,,,이 분기에 확인된 관측이 없습니다.,,,이 분기에 확인된 관측이 없습니다.,,,,이 분기에 확인된 관측이 없습니다.,false,false,,,이 분기에 확인된 관측이 없습니다.,이 분기에 확인된 관측이 없습니다.
NAND · SSD · eMMC,rebound-kingston-emmc,Kingston eMMC · Rebound · Rebound Electronics,weeks,2022-Q4,false,missing,0,[],,,,,,,,missing,,,false,,,이 분기에 확인된 관측이 없습니다.,,,이 분기에 확인된 관측이 없습니다.,,,,이 분기에 확인된 관측이 없습니다.,false,false,,,이 분기에 확인된 관측이 없습니다.,이 분기에 확인된 관측이 없습니다.
NAND · SSD · eMMC,rebound-kingston-emmc,Kingston eMMC · Rebound · Rebound Electronics,weeks,2023-Q1,false,missing,0,[],,,,,,,,missing,,,false,,,이 분기에 확인된 관측이 없습니다.,,,이 분기에 확인된 관측이 없습니다.,,,,이 분기에 확인된 관측이 없습니다.,false,false,,,이 분기에 확인된 관측이 없습니다.,이 분기에 확인된 관측이 없습니다.
NAND · SSD · eMMC,rebound-kingston-emmc,Kingston eMMC · Rebound · Rebound Electronics,weeks,2023-Q2,true,latest,1,"[""rebound-kingston-emmc-2023-Q2""]",rebound-kingston-emmc-2023-Q2,2023-Q2,발간호 분기 · 정확한 발간일 미확인,,2023-Q2,Rebound Electronics,Rebound 일반 유통시장 / Kingston / eMMC. 원문은 상세 규격·지역 미공개. SSD를 enterprise SSD로 간주하지 않음.,range,6,10,false,,,바로 이전 분기 대표값 없음,,,전년 동기 대표값 없음 또는 제품 범위 변경,100.0,125.0,2020-Q4,범위 하단끼리·상단끼리 비교. 변화율 구간이나 평균이 아님.,false,false,https://reboundeu.com/wp-content/uploads/2023/06/Market-Insights-Q2-20231-Read-Only.pdf,"PDF p.31, Kingston / eMMC / LEAD TIME (WKS)",분기 내 마지막 확인값 · 원 자료 축 2023-Q2 (발간호 분기 · 정확한 발간일 미확인). 분기 평균·분기말 확정값 아님.,Rebound 2023-Q2호의 Kingston eMMC 보고 납기는 6-10주입니다. 분기는 발간호 표지 기준이며 정확한 조사일은 공개되지 않았습니다.
NAND · SSD · eMMC,rebound-skyhigh-slc-nand,SkyHigh Memory SLC NAND Flash · Rebound · Rebound Electronics,weeks,2020-Q4,true,latest,1,"[""rebound-skyhigh-slc-nand-2020-Q4""]",rebound-skyhigh-slc-nand-2020-Q4,2020-Q4,발간호 분기 · 정확한 발간일 미확인,,2020-Q4,Rebound Electronics,Rebound 일반 유통시장 / SkyHigh Memory / SLC NAND Flash. 원문은 상세 규격·지역 미공개. SSD를 enterprise SSD로 간주하지 않음.,range,8,10,false,,,바로 이전 분기 대표값 없음,,,전년 동기 대표값 없음 또는 제품 범위 변경,100.0,100.0,2020-Q4,범위 하단끼리·상단끼리 비교. 변화율 구간이나 평균이 아님.,false,false,https://reboundeu.com/wp-content/uploads/2020/09/Market-Insight-Q4-2020.pdf,"PDF p.24, SkyHigh Memory / SLC NAND Flash / LEAD TIME (WKS)",분기 내 마지막 확인값 · 원 자료 축 2020-Q4 (발간호 분기 · 정확한 발간일 미확인). 분기 평균·분기말 확정값 아님.,Rebound 2020-Q4호의 SkyHigh Memory SLC NAND Flash 보고 납기는 8-10주입니다. 분기는 발간호 표지 기준이며 정확한 조사일은 공개되지 않았습니다.
NAND · SSD · eMMC,rebound-skyhigh-slc-nand,SkyHigh Memory SLC NAND Flash · Rebound · Rebound Electronics,weeks,2021-Q1,true,latest,1,"[""rebound-skyhigh-slc-nand-2021-Q1""]",rebound-skyhigh-slc-nand-2021-Q1,2021-Q1,발간호 분기 · 정확한 발간일 미확인,,2021-Q1,Rebound Electronics,Rebound 일반 유통시장 / SkyHigh Memory / SLC NAND Flash. 원문은 상세 규격·지역 미공개. SSD를 enterprise SSD로 간주하지 않음.,range,8,10,false,0.0,0.0,범위 하단끼리·상단끼리 비교. 변화율 구간이나 평균이 아님.,,,전년 동기 대표값 없음 또는 제품 범위 변경,100.0,100.0,2020-Q4,범위 하단끼리·상단끼리 비교. 변화율 구간이나 평균이 아님.,false,false,https://reboundeu.com/wp-content/uploads/2022/06/Market-Insight-Q1-20212.pdf,"PDF p.31, SkyHigh Memory / SLC NAND Flash / LEAD TIME (WKS)",분기 내 마지막 확인값 · 원 자료 축 2021-Q1 (발간호 분기 · 정확한 발간일 미확인). 분기 평균·분기말 확정값 아님.,Rebound 2021-Q1호의 SkyHigh Memory SLC NAND Flash 보고 납기는 8-10주입니다. 분기는 발간호 표지 기준이며 정확한 조사일은 공개되지 않았습니다.
NAND · SSD · eMMC,rebound-skyhigh-slc-nand,SkyHigh Memory SLC NAND Flash · Rebound · Rebound Electronics,weeks,2021-Q2,true,latest,1,"[""rebound-skyhigh-slc-nand-2021-Q2""]",rebound-skyhigh-slc-nand-2021-Q2,2021-Q2,발간호 분기 · 정확한 발간일 미확인,,2021-Q2,Rebound Electronics,Rebound 일반 유통시장 / SkyHigh Memory / SLC NAND Flash. 원문은 상세 규격·지역 미공개. SSD를 enterprise SSD로 간주하지 않음.,range,14,20,false,75.0,100.0,범위 하단끼리·상단끼리 비교. 변화율 구간이나 평균이 아님.,,,전년 동기 대표값 없음 또는 제품 범위 변경,175.0,200.0,2020-Q4,범위 하단끼리·상단끼리 비교. 변화율 구간이나 평균이 아님.,false,false,https://reboundeu.com/wp-content/uploads/2022/06/Market-Insight-Q2-2021.pdf,"PDF p.30, SkyHigh Memory / SLC NAND Flash / LEAD TIME (WKS)",분기 내 마지막 확인값 · 원 자료 축 2021-Q2 (발간호 분기 · 정확한 발간일 미확인). 분기 평균·분기말 확정값 아님.,Rebound 2021-Q2호의 SkyHigh Memory SLC NAND Flash 보고 납기는 14-20주입니다. 분기는 발간호 표지 기준이며 정확한 조사일은 공개되지 않았습니다.
NAND · SSD · eMMC,rebound-skyhigh-slc-nand,SkyHigh Memory SLC NAND Flash · Rebound · Rebound Electronics,weeks,2021-Q3,true,latest,1,"[""rebound-skyhigh-slc-nand-2021-Q3""]",rebound-skyhigh-slc-nand-2021-Q3,2021-Q3,발간호 분기 · 정확한 발간일 미확인,,2021-Q3,Rebound Electronics,Rebound 일반 유통시장 / SkyHigh Memory / SLC NAND Flash. 원문은 상세 규격·지역 미공개. SSD를 enterprise SSD로 간주하지 않음.,range,20,22,false,42.857143,10.0,범위 하단끼리·상단끼리 비교. 변화율 구간이나 평균이 아님.,,,전년 동기 대표값 없음 또는 제품 범위 변경,250.0,220.0,2020-Q4,범위 하단끼리·상단끼리 비교. 변화율 구간이나 평균이 아님.,false,false,https://reboundeu.com/wp-content/uploads/2022/06/Market-Insight-Q3-2021.pdf,"PDF p.31, SkyHigh Memory / SLC NAND Flash / LEAD TIME (WKS)",분기 내 마지막 확인값 · 원 자료 축 2021-Q3 (발간호 분기 · 정확한 발간일 미확인). 분기 평균·분기말 확정값 아님.,Rebound 2021-Q3호의 SkyHigh Memory SLC NAND Flash 보고 납기는 20-22주입니다. 분기는 발간호 표지 기준이며 정확한 조사일은 공개되지 않았습니다.
NAND · SSD · eMMC,rebound-skyhigh-slc-nand,SkyHigh Memory SLC NAND Flash · Rebound · Rebound Electronics,weeks,2021-Q4,true,latest,1,"[""rebound-skyhigh-slc-nand-2021-Q4""]",rebound-skyhigh-slc-nand-2021-Q4,2021-Q4,발간호 분기 · 정확한 발간일 미확인,,2021-Q4,Rebound Electronics,Rebound 일반 유통시장 / SkyHigh Memory / SLC NAND Flash. 원문은 상세 규격·지역 미공개. SSD를 enterprise SSD로 간주하지 않음.,range,20,22,false,0.0,0.0,범위 하단끼리·상단끼리 비교. 변화율 구간이나 평균이 아님.,150.0,120.0,범위 하단끼리·상단끼리 비교. 변화율 구간이나 평균이 아님.,250.0,220.0,2020-Q4,범위 하단끼리·상단끼리 비교. 변화율 구간이나 평균이 아님.,false,false,https://reboundeu.com/wp-content/uploads/2022/06/Market-Insight-Q4-2021.pdf,"PDF p.32, SkyHigh Memory / SLC NAND Flash / LEAD TIME (WKS)",분기 내 마지막 확인값 · 원 자료 축 2021-Q4 (발간호 분기 · 정확한 발간일 미확인). 분기 평균·분기말 확정값 아님.,Rebound 2021-Q4호의 SkyHigh Memory SLC NAND Flash 보고 납기는 20-22주입니다. 분기는 발간호 표지 기준이며 정확한 조사일은 공개되지 않았습니다.
NAND · SSD · eMMC,rebound-skyhigh-slc-nand,SkyHigh Memory SLC NAND Flash · Rebound · Rebound Electronics,weeks,2022-Q1,true,latest,1,"[""rebound-skyhigh-slc-nand-2022-Q1""]",rebound-skyhigh-slc-nand-2022-Q1,2022-Q1,발간호 분기 · 정확한 발간일 미확인,,2022-Q1,Rebound Electronics,Rebound 일반 유통시장 / SkyHigh Memory / SLC NAND Flash. 원문은 상세 규격·지역 미공개. SSD를 enterprise SSD로 간주하지 않음.,range,20,22,false,0.0,0.0,범위 하단끼리·상단끼리 비교. 변화율 구간이나 평균이 아님.,150.0,120.0,범위 하단끼리·상단끼리 비교. 변화율 구간이나 평균이 아님.,250.0,220.0,2020-Q4,범위 하단끼리·상단끼리 비교. 변화율 구간이나 평균이 아님.,false,false,https://reboundeu.com/wp-content/uploads/2022/04/Market-Insight-Q1-2022.pdf,"PDF p.30, SkyHigh Memory / SLC NAND Flash / LEAD TIME (WKS)",분기 내 마지막 확인값 · 원 자료 축 2022-Q1 (발간호 분기 · 정확한 발간일 미확인). 분기 평균·분기말 확정값 아님.,Rebound 2022-Q1호의 SkyHigh Memory SLC NAND Flash 보고 납기는 20-22주입니다. 분기는 발간호 표지 기준이며 정확한 조사일은 공개되지 않았습니다.
NAND · SSD · eMMC,rebound-skyhigh-slc-nand,SkyHigh Memory SLC NAND Flash · Rebound · Rebound Electronics,weeks,2022-Q2,false,missing,0,[],,,,,,,,missing,,,false,,,이 분기에 확인된 관측이 없습니다.,,,이 분기에 확인된 관측이 없습니다.,,,,이 분기에 확인된 관측이 없습니다.,false,false,,,이 분기에 확인된 관측이 없습니다.,이 분기에 확인된 관측이 없습니다.
NAND · SSD · eMMC,rebound-skyhigh-slc-nand,SkyHigh Memory SLC NAND Flash · Rebound · Rebound Electronics,weeks,2022-Q3,false,missing,0,[],,,,,,,,missing,,,false,,,이 분기에 확인된 관측이 없습니다.,,,이 분기에 확인된 관측이 없습니다.,,,,이 분기에 확인된 관측이 없습니다.,false,false,,,이 분기에 확인된 관측이 없습니다.,이 분기에 확인된 관측이 없습니다.
NAND · SSD · eMMC,rebound-skyhigh-slc-nand,SkyHigh Memory SLC NAND Flash · Rebound · Rebound Electronics,weeks,2022-Q4,false,missing,0,[],,,,,,,,missing,,,false,,,이 분기에 확인된 관측이 없습니다.,,,이 분기에 확인된 관측이 없습니다.,,,,이 분기에 확인된 관측이 없습니다.,false,false,,,이 분기에 확인된 관측이 없습니다.,이 분기에 확인된 관측이 없습니다.
NAND · SSD · eMMC,rebound-skyhigh-slc-nand,SkyHigh Memory SLC NAND Flash · Rebound · Rebound Electronics,weeks,2023-Q1,false,missing,0,[],,,,,,,,missing,,,false,,,이 분기에 확인된 관측이 없습니다.,,,이 분기에 확인된 관측이 없습니다.,,,,이 분기에 확인된 관측이 없습니다.,false,false,,,이 분기에 확인된 관측이 없습니다.,이 분기에 확인된 관측이 없습니다.
NAND · SSD · eMMC,rebound-skyhigh-slc-nand,SkyHigh Memory SLC NAND Flash · Rebound · Rebound Electronics,weeks,2023-Q2,true,latest,1,"[""rebound-skyhigh-slc-nand-2023-Q2""]",rebound-skyhigh-slc-nand-2023-Q2,2023-Q2,발간호 분기 · 정확한 발간일 미확인,,2023-Q2,Rebound Electronics,Rebound 일반 유통시장 / SkyHigh Memory / SLC NAND Flash. 원문은 상세 규격·지역 미공개. SSD를 enterprise SSD로 간주하지 않음.,range,10,14,false,,,바로 이전 분기 대표값 없음,,,전년 동기 대표값 없음 또는 제품 범위 변경,125.0,140.0,2020-Q4,범위 하단끼리·상단끼리 비교. 변화율 구간이나 평균이 아님.,false,false,https://reboundeu.com/wp-content/uploads/2023/06/Market-Insights-Q2-20231-Read-Only.pdf,"PDF p.32, SkyHigh Memory / SLC NAND Flash / LEAD TIME (WKS)",분기 내 마지막 확인값 · 원 자료 축 2023-Q2 (발간호 분기 · 정확한 발간일 미확인). 분기 평균·분기말 확정값 아님.,Rebound 2023-Q2호의 SkyHigh Memory SLC NAND Flash 보고 납기는 10-14주입니다. 분기는 발간호 표지 기준이며 정확한 조사일은 공개되지 않았습니다.
NAND · SSD · eMMC,rebound-skyhigh-emmc,SkyHigh Memory eMMC · Rebound · Rebound Electronics,weeks,2020-Q4,true,latest,1,"[""rebound-skyhigh-emmc-2020-Q4""]",rebound-skyhigh-emmc-2020-Q4,2020-Q4,발간호 분기 · 정확한 발간일 미확인,,2020-Q4,Rebound Electronics,Rebound 일반 유통시장 / SkyHigh Memory / eMMC. 원문은 상세 규격·지역 미공개. SSD를 enterprise SSD로 간주하지 않음.,range,8,10,false,,,바로 이전 분기 대표값 없음,,,전년 동기 대표값 없음 또는 제품 범위 변경,100.0,100.0,2020-Q4,범위 하단끼리·상단끼리 비교. 변화율 구간이나 평균이 아님.,false,false,https://reboundeu.com/wp-content/uploads/2020/09/Market-Insight-Q4-2020.pdf,"PDF p.24, SkyHigh Memory / eMMC / LEAD TIME (WKS)",분기 내 마지막 확인값 · 원 자료 축 2020-Q4 (발간호 분기 · 정확한 발간일 미확인). 분기 평균·분기말 확정값 아님.,Rebound 2020-Q4호의 SkyHigh Memory eMMC 보고 납기는 8-10주입니다. 분기는 발간호 표지 기준이며 정확한 조사일은 공개되지 않았습니다.
NAND · SSD · eMMC,rebound-skyhigh-emmc,SkyHigh Memory eMMC · Rebound · Rebound Electronics,weeks,2021-Q1,true,latest,1,"[""rebound-skyhigh-emmc-2021-Q1""]",rebound-skyhigh-emmc-2021-Q1,2021-Q1,발간호 분기 · 정확한 발간일 미확인,,2021-Q1,Rebound Electronics,Rebound 일반 유통시장 / SkyHigh Memory / eMMC. 원문은 상세 규격·지역 미공개. SSD를 enterprise SSD로 간주하지 않음.,range,8,10,false,0.0,0.0,범위 하단끼리·상단끼리 비교. 변화율 구간이나 평균이 아님.,,,전년 동기 대표값 없음 또는 제품 범위 변경,100.0,100.0,2020-Q4,범위 하단끼리·상단끼리 비교. 변화율 구간이나 평균이 아님.,false,false,https://reboundeu.com/wp-content/uploads/2022/06/Market-Insight-Q1-20212.pdf,"PDF p.31, SkyHigh Memory / eMMC / LEAD TIME (WKS)",분기 내 마지막 확인값 · 원 자료 축 2021-Q1 (발간호 분기 · 정확한 발간일 미확인). 분기 평균·분기말 확정값 아님.,Rebound 2021-Q1호의 SkyHigh Memory eMMC 보고 납기는 8-10주입니다. 분기는 발간호 표지 기준이며 정확한 조사일은 공개되지 않았습니다.
NAND · SSD · eMMC,rebound-skyhigh-emmc,SkyHigh Memory eMMC · Rebound · Rebound Electronics,weeks,2021-Q2,true,latest,1,"[""rebound-skyhigh-emmc-2021-Q2""]",rebound-skyhigh-emmc-2021-Q2,2021-Q2,발간호 분기 · 정확한 발간일 미확인,,2021-Q2,Rebound Electronics,Rebound 일반 유통시장 / SkyHigh Memory / eMMC. 원문은 상세 규격·지역 미공개. SSD를 enterprise SSD로 간주하지 않음.,range,14,18,false,75.0,80.0,범위 하단끼리·상단끼리 비교. 변화율 구간이나 평균이 아님.,,,전년 동기 대표값 없음 또는 제품 범위 변경,175.0,180.0,2020-Q4,범위 하단끼리·상단끼리 비교. 변화율 구간이나 평균이 아님.,false,false,https://reboundeu.com/wp-content/uploads/2022/06/Market-Insight-Q2-2021.pdf,"PDF p.30, SkyHigh Memory / eMMC / LEAD TIME (WKS)",분기 내 마지막 확인값 · 원 자료 축 2021-Q2 (발간호 분기 · 정확한 발간일 미확인). 분기 평균·분기말 확정값 아님.,Rebound 2021-Q2호의 SkyHigh Memory eMMC 보고 납기는 14-18주입니다. 분기는 발간호 표지 기준이며 정확한 조사일은 공개되지 않았습니다.
NAND · SSD · eMMC,rebound-skyhigh-emmc,SkyHigh Memory eMMC · Rebound · Rebound Electronics,weeks,2021-Q3,true,latest,1,"[""rebound-skyhigh-emmc-2021-Q3""]",rebound-skyhigh-emmc-2021-Q3,2021-Q3,발간호 분기 · 정확한 발간일 미확인,,2021-Q3,Rebound Electronics,Rebound 일반 유통시장 / SkyHigh Memory / eMMC. 원문은 상세 규격·지역 미공개. SSD를 enterprise SSD로 간주하지 않음.,range,20,22,false,42.857143,22.222222,범위 하단끼리·상단끼리 비교. 변화율 구간이나 평균이 아님.,,,전년 동기 대표값 없음 또는 제품 범위 변경,250.0,220.0,2020-Q4,범위 하단끼리·상단끼리 비교. 변화율 구간이나 평균이 아님.,false,false,https://reboundeu.com/wp-content/uploads/2022/06/Market-Insight-Q3-2021.pdf,"PDF p.31, SkyHigh Memory / eMMC / LEAD TIME (WKS)",분기 내 마지막 확인값 · 원 자료 축 2021-Q3 (발간호 분기 · 정확한 발간일 미확인). 분기 평균·분기말 확정값 아님.,Rebound 2021-Q3호의 SkyHigh Memory eMMC 보고 납기는 20-22주입니다. 분기는 발간호 표지 기준이며 정확한 조사일은 공개되지 않았습니다.
NAND · SSD · eMMC,rebound-skyhigh-emmc,SkyHigh Memory eMMC · Rebound · Rebound Electronics,weeks,2021-Q4,true,latest,1,"[""rebound-skyhigh-emmc-2021-Q4""]",rebound-skyhigh-emmc-2021-Q4,2021-Q4,발간호 분기 · 정확한 발간일 미확인,,2021-Q4,Rebound Electronics,Rebound 일반 유통시장 / SkyHigh Memory / eMMC. 원문은 상세 규격·지역 미공개. SSD를 enterprise SSD로 간주하지 않음.,range,20,22,false,0.0,0.0,범위 하단끼리·상단끼리 비교. 변화율 구간이나 평균이 아님.,150.0,120.0,범위 하단끼리·상단끼리 비교. 변화율 구간이나 평균이 아님.,250.0,220.0,2020-Q4,범위 하단끼리·상단끼리 비교. 변화율 구간이나 평균이 아님.,false,false,https://reboundeu.com/wp-content/uploads/2022/06/Market-Insight-Q4-2021.pdf,"PDF p.32, SkyHigh Memory / eMMC / LEAD TIME (WKS)",분기 내 마지막 확인값 · 원 자료 축 2021-Q4 (발간호 분기 · 정확한 발간일 미확인). 분기 평균·분기말 확정값 아님.,Rebound 2021-Q4호의 SkyHigh Memory eMMC 보고 납기는 20-22주입니다. 분기는 발간호 표지 기준이며 정확한 조사일은 공개되지 않았습니다.
NAND · SSD · eMMC,rebound-skyhigh-emmc,SkyHigh Memory eMMC · Rebound · Rebound Electronics,weeks,2022-Q1,true,latest,1,"[""rebound-skyhigh-emmc-2022-Q1""]",rebound-skyhigh-emmc-2022-Q1,2022-Q1,발간호 분기 · 정확한 발간일 미확인,,2022-Q1,Rebound Electronics,Rebound 일반 유통시장 / SkyHigh Memory / eMMC. 원문은 상세 규격·지역 미공개. SSD를 enterprise SSD로 간주하지 않음.,range,20,22,false,0.0,0.0,범위 하단끼리·상단끼리 비교. 변화율 구간이나 평균이 아님.,150.0,120.0,범위 하단끼리·상단끼리 비교. 변화율 구간이나 평균이 아님.,250.0,220.0,2020-Q4,범위 하단끼리·상단끼리 비교. 변화율 구간이나 평균이 아님.,false,false,https://reboundeu.com/wp-content/uploads/2022/04/Market-Insight-Q1-2022.pdf,"PDF p.30, SkyHigh Memory / eMMC / LEAD TIME (WKS)",분기 내 마지막 확인값 · 원 자료 축 2022-Q1 (발간호 분기 · 정확한 발간일 미확인). 분기 평균·분기말 확정값 아님.,Rebound 2022-Q1호의 SkyHigh Memory eMMC 보고 납기는 20-22주입니다. 분기는 발간호 표지 기준이며 정확한 조사일은 공개되지 않았습니다.
NAND · SSD · eMMC,rebound-skyhigh-emmc,SkyHigh Memory eMMC · Rebound · Rebound Electronics,weeks,2022-Q2,false,missing,0,[],,,,,,,,missing,,,false,,,이 분기에 확인된 관측이 없습니다.,,,이 분기에 확인된 관측이 없습니다.,,,,이 분기에 확인된 관측이 없습니다.,false,false,,,이 분기에 확인된 관측이 없습니다.,이 분기에 확인된 관측이 없습니다.
NAND · SSD · eMMC,rebound-skyhigh-emmc,SkyHigh Memory eMMC · Rebound · Rebound Electronics,weeks,2022-Q3,false,missing,0,[],,,,,,,,missing,,,false,,,이 분기에 확인된 관측이 없습니다.,,,이 분기에 확인된 관측이 없습니다.,,,,이 분기에 확인된 관측이 없습니다.,false,false,,,이 분기에 확인된 관측이 없습니다.,이 분기에 확인된 관측이 없습니다.
NAND · SSD · eMMC,rebound-skyhigh-emmc,SkyHigh Memory eMMC · Rebound · Rebound Electronics,weeks,2022-Q4,false,missing,0,[],,,,,,,,missing,,,false,,,이 분기에 확인된 관측이 없습니다.,,,이 분기에 확인된 관측이 없습니다.,,,,이 분기에 확인된 관측이 없습니다.,false,false,,,이 분기에 확인된 관측이 없습니다.,이 분기에 확인된 관측이 없습니다.
NAND · SSD · eMMC,rebound-skyhigh-emmc,SkyHigh Memory eMMC · Rebound · Rebound Electronics,weeks,2023-Q1,false,missing,0,[],,,,,,,,missing,,,false,,,이 분기에 확인된 관측이 없습니다.,,,이 분기에 확인된 관측이 없습니다.,,,,이 분기에 확인된 관측이 없습니다.,false,false,,,이 분기에 확인된 관측이 없습니다.,이 분기에 확인된 관측이 없습니다.
NAND · SSD · eMMC,rebound-skyhigh-emmc,SkyHigh Memory eMMC · Rebound · Rebound Electronics,weeks,2023-Q2,true,latest,1,"[""rebound-skyhigh-emmc-2023-Q2""]",rebound-skyhigh-emmc-2023-Q2,2023-Q2,발간호 분기 · 정확한 발간일 미확인,,2023-Q2,Rebound Electronics,Rebound 일반 유통시장 / SkyHigh Memory / eMMC. 원문은 상세 규격·지역 미공개. SSD를 enterprise SSD로 간주하지 않음.,range,10,14,false,,,바로 이전 분기 대표값 없음,,,전년 동기 대표값 없음 또는 제품 범위 변경,125.0,140.0,2020-Q4,범위 하단끼리·상단끼리 비교. 변화율 구간이나 평균이 아님.,false,false,https://reboundeu.com/wp-content/uploads/2023/06/Market-Insights-Q2-20231-Read-Only.pdf,"PDF p.32, SkyHigh Memory / eMMC / LEAD TIME (WKS)",분기 내 마지막 확인값 · 원 자료 축 2023-Q2 (발간호 분기 · 정확한 발간일 미확인). 분기 평균·분기말 확정값 아님.,Rebound 2023-Q2호의 SkyHigh Memory eMMC 보고 납기는 10-14주입니다. 분기는 발간호 표지 기준이며 정확한 조사일은 공개되지 않았습니다.
NAND · SSD · eMMC,rebound-macronix-slc-nand,Macronix SLC NAND Flash · Rebound · Rebound Electronics,weeks,2020-Q4,true,latest,1,"[""rebound-macronix-slc-nand-2020-Q4""]",rebound-macronix-slc-nand-2020-Q4,2020-Q4,발간호 분기 · 정확한 발간일 미확인,,2020-Q4,Rebound Electronics,Rebound 일반 유통시장 / Macronix / SLC NAND Flash. 원문은 상세 규격·지역 미공개. SSD를 enterprise SSD로 간주하지 않음.,range,10,12,false,,,바로 이전 분기 대표값 없음,,,전년 동기 대표값 없음 또는 제품 범위 변경,100.0,100.0,2020-Q4,범위 하단끼리·상단끼리 비교. 변화율 구간이나 평균이 아님.,false,false,https://reboundeu.com/wp-content/uploads/2020/09/Market-Insight-Q4-2020.pdf,"PDF p.23, Macronix / SLC NAND Flash / LEAD TIME (WKS)",분기 내 마지막 확인값 · 원 자료 축 2020-Q4 (발간호 분기 · 정확한 발간일 미확인). 분기 평균·분기말 확정값 아님.,Rebound 2020-Q4호의 Macronix SLC NAND Flash 보고 납기는 10-12주입니다. 분기는 발간호 표지 기준이며 정확한 조사일은 공개되지 않았습니다.
NAND · SSD · eMMC,rebound-macronix-slc-nand,Macronix SLC NAND Flash · Rebound · Rebound Electronics,weeks,2021-Q1,true,latest,1,"[""rebound-macronix-slc-nand-2021-Q1""]",rebound-macronix-slc-nand-2021-Q1,2021-Q1,발간호 분기 · 정확한 발간일 미확인,,2021-Q1,Rebound Electronics,Rebound 일반 유통시장 / Macronix / SLC NAND Flash. 원문은 상세 규격·지역 미공개. SSD를 enterprise SSD로 간주하지 않음.,range,22,30,false,120.0,150.0,범위 하단끼리·상단끼리 비교. 변화율 구간이나 평균이 아님.,,,전년 동기 대표값 없음 또는 제품 범위 변경,220.0,250.0,2020-Q4,범위 하단끼리·상단끼리 비교. 변화율 구간이나 평균이 아님.,false,false,https://reboundeu.com/wp-content/uploads/2022/06/Market-Insight-Q1-20212.pdf,"PDF p.30, Macronix / SLC NAND Flash / LEAD TIME (WKS)",분기 내 마지막 확인값 · 원 자료 축 2021-Q1 (발간호 분기 · 정확한 발간일 미확인). 분기 평균·분기말 확정값 아님.,Rebound 2021-Q1호의 Macronix SLC NAND Flash 보고 납기는 22-30주입니다. 분기는 발간호 표지 기준이며 정확한 조사일은 공개되지 않았습니다.
NAND · SSD · eMMC,rebound-macronix-slc-nand,Macronix SLC NAND Flash · Rebound · Rebound Electronics,weeks,2021-Q2,true,latest,1,"[""rebound-macronix-slc-nand-2021-Q2""]",rebound-macronix-slc-nand-2021-Q2,2021-Q2,발간호 분기 · 정확한 발간일 미확인,,2021-Q2,Rebound Electronics,Rebound 일반 유통시장 / Macronix / SLC NAND Flash. 원문은 상세 규격·지역 미공개. SSD를 enterprise SSD로 간주하지 않음.,range,22,30,false,0.0,0.0,범위 하단끼리·상단끼리 비교. 변화율 구간이나 평균이 아님.,,,전년 동기 대표값 없음 또는 제품 범위 변경,220.0,250.0,2020-Q4,범위 하단끼리·상단끼리 비교. 변화율 구간이나 평균이 아님.,false,false,https://reboundeu.com/wp-content/uploads/2022/06/Market-Insight-Q2-2021.pdf,"PDF p.29, Macronix / SLC NAND Flash / LEAD TIME (WKS)",분기 내 마지막 확인값 · 원 자료 축 2021-Q2 (발간호 분기 · 정확한 발간일 미확인). 분기 평균·분기말 확정값 아님.,Rebound 2021-Q2호의 Macronix SLC NAND Flash 보고 납기는 22-30주입니다. 분기는 발간호 표지 기준이며 정확한 조사일은 공개되지 않았습니다.
NAND · SSD · eMMC,rebound-macronix-slc-nand,Macronix SLC NAND Flash · Rebound · Rebound Electronics,weeks,2021-Q3,true,latest,1,"[""rebound-macronix-slc-nand-2021-Q3""]",rebound-macronix-slc-nand-2021-Q3,2021-Q3,발간호 분기 · 정확한 발간일 미확인,,2021-Q3,Rebound Electronics,Rebound 일반 유통시장 / Macronix / SLC NAND Flash. 원문은 상세 규격·지역 미공개. SSD를 enterprise SSD로 간주하지 않음.,range,30,34,false,36.363636,13.333333,범위 하단끼리·상단끼리 비교. 변화율 구간이나 평균이 아님.,,,전년 동기 대표값 없음 또는 제품 범위 변경,300.0,283.333333,2020-Q4,범위 하단끼리·상단끼리 비교. 변화율 구간이나 평균이 아님.,false,false,https://reboundeu.com/wp-content/uploads/2022/06/Market-Insight-Q3-2021.pdf,"PDF p.30, Macronix / SLC NAND Flash / LEAD TIME (WKS)",분기 내 마지막 확인값 · 원 자료 축 2021-Q3 (발간호 분기 · 정확한 발간일 미확인). 분기 평균·분기말 확정값 아님.,Rebound 2021-Q3호의 Macronix SLC NAND Flash 보고 납기는 30-34주입니다. 분기는 발간호 표지 기준이며 정확한 조사일은 공개되지 않았습니다.
NAND · SSD · eMMC,rebound-macronix-slc-nand,Macronix SLC NAND Flash · Rebound · Rebound Electronics,weeks,2021-Q4,true,latest,1,"[""rebound-macronix-slc-nand-2021-Q4""]",rebound-macronix-slc-nand-2021-Q4,2021-Q4,발간호 분기 · 정확한 발간일 미확인,,2021-Q4,Rebound Electronics,Rebound 일반 유통시장 / Macronix / SLC NAND Flash. 원문은 상세 규격·지역 미공개. SSD를 enterprise SSD로 간주하지 않음.,range,30,34,false,0.0,0.0,범위 하단끼리·상단끼리 비교. 변화율 구간이나 평균이 아님.,200.0,183.333333,범위 하단끼리·상단끼리 비교. 변화율 구간이나 평균이 아님.,300.0,283.333333,2020-Q4,범위 하단끼리·상단끼리 비교. 변화율 구간이나 평균이 아님.,false,false,https://reboundeu.com/wp-content/uploads/2022/06/Market-Insight-Q4-2021.pdf,"PDF p.31, Macronix / SLC NAND Flash / LEAD TIME (WKS)",분기 내 마지막 확인값 · 원 자료 축 2021-Q4 (발간호 분기 · 정확한 발간일 미확인). 분기 평균·분기말 확정값 아님.,Rebound 2021-Q4호의 Macronix SLC NAND Flash 보고 납기는 30-34주입니다. 분기는 발간호 표지 기준이며 정확한 조사일은 공개되지 않았습니다.
NAND · SSD · eMMC,rebound-macronix-slc-nand,Macronix SLC NAND Flash · Rebound · Rebound Electronics,weeks,2022-Q1,true,latest,1,"[""rebound-macronix-slc-nand-2022-Q1""]",rebound-macronix-slc-nand-2022-Q1,2022-Q1,발간호 분기 · 정확한 발간일 미확인,,2022-Q1,Rebound Electronics,Rebound 일반 유통시장 / Macronix / SLC NAND Flash. 원문은 상세 규격·지역 미공개. SSD를 enterprise SSD로 간주하지 않음.,range,30,34,false,0.0,0.0,범위 하단끼리·상단끼리 비교. 변화율 구간이나 평균이 아님.,36.363636,13.333333,범위 하단끼리·상단끼리 비교. 변화율 구간이나 평균이 아님.,300.0,283.333333,2020-Q4,범위 하단끼리·상단끼리 비교. 변화율 구간이나 평균이 아님.,false,false,https://reboundeu.com/wp-content/uploads/2022/04/Market-Insight-Q1-2022.pdf,"PDF p.29, Macronix / SLC NAND Flash / LEAD TIME (WKS)",분기 내 마지막 확인값 · 원 자료 축 2022-Q1 (발간호 분기 · 정확한 발간일 미확인). 분기 평균·분기말 확정값 아님.,Rebound 2022-Q1호의 Macronix SLC NAND Flash 보고 납기는 30-34주입니다. 분기는 발간호 표지 기준이며 정확한 조사일은 공개되지 않았습니다.
NAND · SSD · eMMC,rebound-macronix-emmc,Macronix eMMC · Rebound · Rebound Electronics,weeks,2020-Q4,true,latest,1,"[""rebound-macronix-emmc-2020-Q4""]",rebound-macronix-emmc-2020-Q4,2020-Q4,발간호 분기 · 정확한 발간일 미확인,,2020-Q4,Rebound Electronics,Rebound 일반 유통시장 / Macronix / eMMC. 원문은 상세 규격·지역 미공개. SSD를 enterprise SSD로 간주하지 않음.,range,8,10,false,,,바로 이전 분기 대표값 없음,,,전년 동기 대표값 없음 또는 제품 범위 변경,100.0,100.0,2020-Q4,범위 하단끼리·상단끼리 비교. 변화율 구간이나 평균이 아님.,false,false,https://reboundeu.com/wp-content/uploads/2020/09/Market-Insight-Q4-2020.pdf,"PDF p.23, Macronix / eMMC / LEAD TIME (WKS)",분기 내 마지막 확인값 · 원 자료 축 2020-Q4 (발간호 분기 · 정확한 발간일 미확인). 분기 평균·분기말 확정값 아님.,Rebound 2020-Q4호의 Macronix eMMC 보고 납기는 8-10주입니다. 분기는 발간호 표지 기준이며 정확한 조사일은 공개되지 않았습니다.
NAND · SSD · eMMC,rebound-macronix-emmc,Macronix eMMC · Rebound · Rebound Electronics,weeks,2021-Q1,true,latest,1,"[""rebound-macronix-emmc-2021-Q1""]",rebound-macronix-emmc-2021-Q1,2021-Q1,발간호 분기 · 정확한 발간일 미확인,,2021-Q1,Rebound Electronics,Rebound 일반 유통시장 / Macronix / eMMC. 원문은 상세 규격·지역 미공개. SSD를 enterprise SSD로 간주하지 않음.,range,12,14,false,50.0,40.0,범위 하단끼리·상단끼리 비교. 변화율 구간이나 평균이 아님.,,,전년 동기 대표값 없음 또는 제품 범위 변경,150.0,140.0,2020-Q4,범위 하단끼리·상단끼리 비교. 변화율 구간이나 평균이 아님.,false,false,https://reboundeu.com/wp-content/uploads/2022/06/Market-Insight-Q1-20212.pdf,"PDF p.30, Macronix / eMMC / LEAD TIME (WKS)",분기 내 마지막 확인값 · 원 자료 축 2021-Q1 (발간호 분기 · 정확한 발간일 미확인). 분기 평균·분기말 확정값 아님.,Rebound 2021-Q1호의 Macronix eMMC 보고 납기는 12-14주입니다. 분기는 발간호 표지 기준이며 정확한 조사일은 공개되지 않았습니다.
NAND · SSD · eMMC,rebound-macronix-emmc,Macronix eMMC · Rebound · Rebound Electronics,weeks,2021-Q2,true,latest,1,"[""rebound-macronix-emmc-2021-Q2""]",rebound-macronix-emmc-2021-Q2,2021-Q2,발간호 분기 · 정확한 발간일 미확인,,2021-Q2,Rebound Electronics,Rebound 일반 유통시장 / Macronix / eMMC. 원문은 상세 규격·지역 미공개. SSD를 enterprise SSD로 간주하지 않음.,range,54,56,false,350.0,300.0,범위 하단끼리·상단끼리 비교. 변화율 구간이나 평균이 아님.,,,전년 동기 대표값 없음 또는 제품 범위 변경,675.0,560.0,2020-Q4,범위 하단끼리·상단끼리 비교. 변화율 구간이나 평균이 아님.,false,false,https://reboundeu.com/wp-content/uploads/2022/06/Market-Insight-Q2-2021.pdf,"PDF p.29, Macronix / eMMC / LEAD TIME (WKS)",분기 내 마지막 확인값 · 원 자료 축 2021-Q2 (발간호 분기 · 정확한 발간일 미확인). 분기 평균·분기말 확정값 아님.,Rebound 2021-Q2호의 Macronix eMMC 보고 납기는 54-56주입니다. 분기는 발간호 표지 기준이며 정확한 조사일은 공개되지 않았습니다.
NAND · SSD · eMMC,rebound-macronix-emmc,Macronix eMMC · Rebound · Rebound Electronics,weeks,2021-Q3,true,latest,1,"[""rebound-macronix-emmc-2021-Q3""]",rebound-macronix-emmc-2021-Q3,2021-Q3,발간호 분기 · 정확한 발간일 미확인,,2021-Q3,Rebound Electronics,Rebound 일반 유통시장 / Macronix / eMMC. 원문은 상세 규격·지역 미공개. SSD를 enterprise SSD로 간주하지 않음.,range,54,56,false,0.0,0.0,범위 하단끼리·상단끼리 비교. 변화율 구간이나 평균이 아님.,,,전년 동기 대표값 없음 또는 제품 범위 변경,675.0,560.0,2020-Q4,범위 하단끼리·상단끼리 비교. 변화율 구간이나 평균이 아님.,false,false,https://reboundeu.com/wp-content/uploads/2022/06/Market-Insight-Q3-2021.pdf,"PDF p.30, Macronix / eMMC / LEAD TIME (WKS)",분기 내 마지막 확인값 · 원 자료 축 2021-Q3 (발간호 분기 · 정확한 발간일 미확인). 분기 평균·분기말 확정값 아님.,Rebound 2021-Q3호의 Macronix eMMC 보고 납기는 54-56주입니다. 분기는 발간호 표지 기준이며 정확한 조사일은 공개되지 않았습니다. 원문은 allocation 중이며 신규 견적·주문을 받지 않는다고 명시합니다.
NAND · SSD · eMMC,rebound-macronix-emmc,Macronix eMMC · Rebound · Rebound Electronics,weeks,2021-Q4,true,latest,1,"[""rebound-macronix-emmc-2021-Q4""]",rebound-macronix-emmc-2021-Q4,2021-Q4,발간호 분기 · 정확한 발간일 미확인,,2021-Q4,Rebound Electronics,Rebound 일반 유통시장 / Macronix / eMMC. 원문은 상세 규격·지역 미공개. SSD를 enterprise SSD로 간주하지 않음.,range,54,56,false,0.0,0.0,범위 하단끼리·상단끼리 비교. 변화율 구간이나 평균이 아님.,575.0,460.0,범위 하단끼리·상단끼리 비교. 변화율 구간이나 평균이 아님.,675.0,560.0,2020-Q4,범위 하단끼리·상단끼리 비교. 변화율 구간이나 평균이 아님.,false,false,https://reboundeu.com/wp-content/uploads/2022/06/Market-Insight-Q4-2021.pdf,"PDF p.31, Macronix / eMMC / LEAD TIME (WKS)",분기 내 마지막 확인값 · 원 자료 축 2021-Q4 (발간호 분기 · 정확한 발간일 미확인). 분기 평균·분기말 확정값 아님.,Rebound 2021-Q4호의 Macronix eMMC 보고 납기는 54-56주입니다. 분기는 발간호 표지 기준이며 정확한 조사일은 공개되지 않았습니다. 원문은 allocation 중이며 신규 견적·주문을 받지 않는다고 명시합니다.
NAND · SSD · eMMC,rebound-macronix-emmc,Macronix eMMC · Rebound · Rebound Electronics,weeks,2022-Q1,true,latest,1,"[""rebound-macronix-emmc-2022-Q1""]",rebound-macronix-emmc-2022-Q1,2022-Q1,발간호 분기 · 정확한 발간일 미확인,,2022-Q1,Rebound Electronics,Rebound 일반 유통시장 / Macronix / eMMC. 원문은 상세 규격·지역 미공개. SSD를 enterprise SSD로 간주하지 않음.,range,54,56,false,0.0,0.0,범위 하단끼리·상단끼리 비교. 변화율 구간이나 평균이 아님.,350.0,300.0,범위 하단끼리·상단끼리 비교. 변화율 구간이나 평균이 아님.,675.0,560.0,2020-Q4,범위 하단끼리·상단끼리 비교. 변화율 구간이나 평균이 아님.,false,false,https://reboundeu.com/wp-content/uploads/2022/04/Market-Insight-Q1-2022.pdf,"PDF p.29, Macronix / eMMC / LEAD TIME (WKS)",분기 내 마지막 확인값 · 원 자료 축 2022-Q1 (발간호 분기 · 정확한 발간일 미확인). 분기 평균·분기말 확정값 아님.,Rebound 2022-Q1호의 Macronix eMMC 보고 납기는 54-56주입니다. 분기는 발간호 표지 기준이며 정확한 조사일은 공개되지 않았습니다. 원문은 allocation 중이며 신규 견적·주문을 받지 않는다고 명시합니다.
NAND · SSD · eMMC,rebound-macronix-emmc,Macronix eMMC · Rebound · Rebound Electronics,weeks,2022-Q2,false,missing,0,[],,,,,,,,missing,,,false,,,이 분기에 확인된 관측이 없습니다.,,,이 분기에 확인된 관측이 없습니다.,,,,이 분기에 확인된 관측이 없습니다.,false,false,,,이 분기에 확인된 관측이 없습니다.,이 분기에 확인된 관측이 없습니다.
NAND · SSD · eMMC,rebound-macronix-emmc,Macronix eMMC · Rebound · Rebound Electronics,weeks,2022-Q3,false,missing,0,[],,,,,,,,missing,,,false,,,이 분기에 확인된 관측이 없습니다.,,,이 분기에 확인된 관측이 없습니다.,,,,이 분기에 확인된 관측이 없습니다.,false,false,,,이 분기에 확인된 관측이 없습니다.,이 분기에 확인된 관측이 없습니다.
NAND · SSD · eMMC,rebound-macronix-emmc,Macronix eMMC · Rebound · Rebound Electronics,weeks,2022-Q4,false,missing,0,[],,,,,,,,missing,,,false,,,이 분기에 확인된 관측이 없습니다.,,,이 분기에 확인된 관측이 없습니다.,,,,이 분기에 확인된 관측이 없습니다.,false,false,,,이 분기에 확인된 관측이 없습니다.,이 분기에 확인된 관측이 없습니다.
NAND · SSD · eMMC,rebound-macronix-emmc,Macronix eMMC · Rebound · Rebound Electronics,weeks,2023-Q1,false,missing,0,[],,,,,,,,missing,,,false,,,이 분기에 확인된 관측이 없습니다.,,,이 분기에 확인된 관측이 없습니다.,,,,이 분기에 확인된 관측이 없습니다.,false,false,,,이 분기에 확인된 관측이 없습니다.,이 분기에 확인된 관측이 없습니다.
NAND · SSD · eMMC,rebound-macronix-emmc,Macronix eMMC · Rebound · Rebound Electronics,weeks,2023-Q2,true,latest,1,"[""rebound-macronix-emmc-2023-Q2""]",rebound-macronix-emmc-2023-Q2,2023-Q2,발간호 분기 · 정확한 발간일 미확인,,2023-Q2,Rebound Electronics,Rebound 일반 유통시장 / Macronix / eMMC. 원문은 상세 규격·지역 미공개. SSD를 enterprise SSD로 간주하지 않음.,range,54,56,false,,,바로 이전 분기 대표값 없음,,,전년 동기 대표값 없음 또는 제품 범위 변경,675.0,560.0,2020-Q4,범위 하단끼리·상단끼리 비교. 변화율 구간이나 평균이 아님.,false,false,https://reboundeu.com/wp-content/uploads/2023/06/Market-Insights-Q2-20231-Read-Only.pdf,"PDF p.31, Macronix / eMMC / LEAD TIME (WKS)",분기 내 마지막 확인값 · 원 자료 축 2023-Q2 (발간호 분기 · 정확한 발간일 미확인). 분기 평균·분기말 확정값 아님.,Rebound 2023-Q2호의 Macronix eMMC 보고 납기는 54-56주입니다. 분기는 발간호 표지 기준이며 정확한 조사일은 공개되지 않았습니다. 원문은 allocation 중이며 신규 견적·주문을 받지 않는다고 명시합니다.
NAND · SSD · eMMC,rebound-adata-ssd,ADATA Solid State Drives (SSD) · Rebound · Rebound Electronics,weeks,2020-Q4,true,latest,1,"[""rebound-adata-ssd-2020-Q4""]",rebound-adata-ssd-2020-Q4,2020-Q4,발간호 분기 · 정확한 발간일 미확인,,2020-Q4,Rebound Electronics,Rebound 일반 유통시장 / ADATA / Solid State Drives (SSD). 원문은 상세 규격·지역 미공개. SSD를 enterprise SSD로 간주하지 않음.,range,8,10,false,,,바로 이전 분기 대표값 없음,,,전년 동기 대표값 없음 또는 제품 범위 변경,100.0,100.0,2020-Q4,범위 하단끼리·상단끼리 비교. 변화율 구간이나 평균이 아님.,false,false,https://reboundeu.com/wp-content/uploads/2020/09/Market-Insight-Q4-2020.pdf,"PDF p.23, ADATA / Solid State Drives (SSD) / LEAD TIME (WKS)",분기 내 마지막 확인값 · 원 자료 축 2020-Q4 (발간호 분기 · 정확한 발간일 미확인). 분기 평균·분기말 확정값 아님.,Rebound 2020-Q4호의 ADATA Solid State Drives (SSD) 보고 납기는 8-10주입니다. 분기는 발간호 표지 기준이며 정확한 조사일은 공개되지 않았습니다.
NAND · SSD · eMMC,rebound-adata-ssd,ADATA Solid State Drives (SSD) · Rebound · Rebound Electronics,weeks,2021-Q1,true,latest,1,"[""rebound-adata-ssd-2021-Q1""]",rebound-adata-ssd-2021-Q1,2021-Q1,발간호 분기 · 정확한 발간일 미확인,,2021-Q1,Rebound Electronics,Rebound 일반 유통시장 / ADATA / Solid State Drives (SSD). 원문은 상세 규격·지역 미공개. SSD를 enterprise SSD로 간주하지 않음.,range,10,12,false,25.0,20.0,범위 하단끼리·상단끼리 비교. 변화율 구간이나 평균이 아님.,,,전년 동기 대표값 없음 또는 제품 범위 변경,125.0,120.0,2020-Q4,범위 하단끼리·상단끼리 비교. 변화율 구간이나 평균이 아님.,false,false,https://reboundeu.com/wp-content/uploads/2022/06/Market-Insight-Q1-20212.pdf,"PDF p.30, ADATA / Solid State Drives (SSD) / LEAD TIME (WKS)",분기 내 마지막 확인값 · 원 자료 축 2021-Q1 (발간호 분기 · 정확한 발간일 미확인). 분기 평균·분기말 확정값 아님.,Rebound 2021-Q1호의 ADATA Solid State Drives (SSD) 보고 납기는 10-12주입니다. 분기는 발간호 표지 기준이며 정확한 조사일은 공개되지 않았습니다.
NAND · SSD · eMMC,rebound-adata-ssd,ADATA Solid State Drives (SSD) · Rebound · Rebound Electronics,weeks,2021-Q2,true,latest,1,"[""rebound-adata-ssd-2021-Q2""]",rebound-adata-ssd-2021-Q2,2021-Q2,발간호 분기 · 정확한 발간일 미확인,,2021-Q2,Rebound Electronics,Rebound 일반 유통시장 / ADATA / Solid State Drives (SSD). 원문은 상세 규격·지역 미공개. SSD를 enterprise SSD로 간주하지 않음.,range,10,14,false,0.0,16.666667,범위 하단끼리·상단끼리 비교. 변화율 구간이나 평균이 아님.,,,전년 동기 대표값 없음 또는 제품 범위 변경,125.0,140.0,2020-Q4,범위 하단끼리·상단끼리 비교. 변화율 구간이나 평균이 아님.,false,false,https://reboundeu.com/wp-content/uploads/2022/06/Market-Insight-Q2-2021.pdf,"PDF p.29, ADATA / Solid State Drives (SSD) / LEAD TIME (WKS)",분기 내 마지막 확인값 · 원 자료 축 2021-Q2 (발간호 분기 · 정확한 발간일 미확인). 분기 평균·분기말 확정값 아님.,Rebound 2021-Q2호의 ADATA Solid State Drives (SSD) 보고 납기는 10-14주입니다. 분기는 발간호 표지 기준이며 정확한 조사일은 공개되지 않았습니다.
NAND · SSD · eMMC,rebound-adata-ssd,ADATA Solid State Drives (SSD) · Rebound · Rebound Electronics,weeks,2021-Q3,true,latest,1,"[""rebound-adata-ssd-2021-Q3""]",rebound-adata-ssd-2021-Q3,2021-Q3,발간호 분기 · 정확한 발간일 미확인,,2021-Q3,Rebound Electronics,Rebound 일반 유통시장 / ADATA / Solid State Drives (SSD). 원문은 상세 규격·지역 미공개. SSD를 enterprise SSD로 간주하지 않음.,range,10,14,false,0.0,0.0,범위 하단끼리·상단끼리 비교. 변화율 구간이나 평균이 아님.,,,전년 동기 대표값 없음 또는 제품 범위 변경,125.0,140.0,2020-Q4,범위 하단끼리·상단끼리 비교. 변화율 구간이나 평균이 아님.,false,false,https://reboundeu.com/wp-content/uploads/2022/06/Market-Insight-Q3-2021.pdf,"PDF p.30, ADATA / Solid State Drives (SSD) / LEAD TIME (WKS)",분기 내 마지막 확인값 · 원 자료 축 2021-Q3 (발간호 분기 · 정확한 발간일 미확인). 분기 평균·분기말 확정값 아님.,Rebound 2021-Q3호의 ADATA Solid State Drives (SSD) 보고 납기는 10-14주입니다. 분기는 발간호 표지 기준이며 정확한 조사일은 공개되지 않았습니다.
NAND · SSD · eMMC,rebound-adata-ssd,ADATA Solid State Drives (SSD) · Rebound · Rebound Electronics,weeks,2021-Q4,true,latest,1,"[""rebound-adata-ssd-2021-Q4""]",rebound-adata-ssd-2021-Q4,2021-Q4,발간호 분기 · 정확한 발간일 미확인,,2021-Q4,Rebound Electronics,Rebound 일반 유통시장 / ADATA / Solid State Drives (SSD). 원문은 상세 규격·지역 미공개. SSD를 enterprise SSD로 간주하지 않음.,range,10,14,false,0.0,0.0,범위 하단끼리·상단끼리 비교. 변화율 구간이나 평균이 아님.,25.0,40.0,범위 하단끼리·상단끼리 비교. 변화율 구간이나 평균이 아님.,125.0,140.0,2020-Q4,범위 하단끼리·상단끼리 비교. 변화율 구간이나 평균이 아님.,false,false,https://reboundeu.com/wp-content/uploads/2022/06/Market-Insight-Q4-2021.pdf,"PDF p.31, ADATA / Solid State Drives (SSD) / LEAD TIME (WKS)",분기 내 마지막 확인값 · 원 자료 축 2021-Q4 (발간호 분기 · 정확한 발간일 미확인). 분기 평균·분기말 확정값 아님.,Rebound 2021-Q4호의 ADATA Solid State Drives (SSD) 보고 납기는 10-14주입니다. 분기는 발간호 표지 기준이며 정확한 조사일은 공개되지 않았습니다.
NAND · SSD · eMMC,rebound-adata-ssd,ADATA Solid State Drives (SSD) · Rebound · Rebound Electronics,weeks,2022-Q1,true,latest,1,"[""rebound-adata-ssd-2022-Q1""]",rebound-adata-ssd-2022-Q1,2022-Q1,발간호 분기 · 정확한 발간일 미확인,,2022-Q1,Rebound Electronics,Rebound 일반 유통시장 / ADATA / Solid State Drives (SSD). 원문은 상세 규격·지역 미공개. SSD를 enterprise SSD로 간주하지 않음.,range,10,14,false,0.0,0.0,범위 하단끼리·상단끼리 비교. 변화율 구간이나 평균이 아님.,0.0,16.666667,범위 하단끼리·상단끼리 비교. 변화율 구간이나 평균이 아님.,125.0,140.0,2020-Q4,범위 하단끼리·상단끼리 비교. 변화율 구간이나 평균이 아님.,false,false,https://reboundeu.com/wp-content/uploads/2022/04/Market-Insight-Q1-2022.pdf,"PDF p.29, ADATA / Solid State Drives (SSD) / LEAD TIME (WKS)",분기 내 마지막 확인값 · 원 자료 축 2022-Q1 (발간호 분기 · 정확한 발간일 미확인). 분기 평균·분기말 확정값 아님.,Rebound 2022-Q1호의 ADATA Solid State Drives (SSD) 보고 납기는 10-14주입니다. 분기는 발간호 표지 기준이며 정확한 조사일은 공개되지 않았습니다.
NAND · SSD · eMMC,rebound-adata-ssd,ADATA Solid State Drives (SSD) · Rebound · Rebound Electronics,weeks,2022-Q2,false,missing,0,[],,,,,,,,missing,,,false,,,이 분기에 확인된 관측이 없습니다.,,,이 분기에 확인된 관측이 없습니다.,,,,이 분기에 확인된 관측이 없습니다.,false,false,,,이 분기에 확인된 관측이 없습니다.,이 분기에 확인된 관측이 없습니다.
NAND · SSD · eMMC,rebound-adata-ssd,ADATA Solid State Drives (SSD) · Rebound · Rebound Electronics,weeks,2022-Q3,false,missing,0,[],,,,,,,,missing,,,false,,,이 분기에 확인된 관측이 없습니다.,,,이 분기에 확인된 관측이 없습니다.,,,,이 분기에 확인된 관측이 없습니다.,false,false,,,이 분기에 확인된 관측이 없습니다.,이 분기에 확인된 관측이 없습니다.
NAND · SSD · eMMC,rebound-adata-ssd,ADATA Solid State Drives (SSD) · Rebound · Rebound Electronics,weeks,2022-Q4,false,missing,0,[],,,,,,,,missing,,,false,,,이 분기에 확인된 관측이 없습니다.,,,이 분기에 확인된 관측이 없습니다.,,,,이 분기에 확인된 관측이 없습니다.,false,false,,,이 분기에 확인된 관측이 없습니다.,이 분기에 확인된 관측이 없습니다.
NAND · SSD · eMMC,rebound-adata-ssd,ADATA Solid State Drives (SSD) · Rebound · Rebound Electronics,weeks,2023-Q1,false,missing,0,[],,,,,,,,missing,,,false,,,이 분기에 확인된 관측이 없습니다.,,,이 분기에 확인된 관측이 없습니다.,,,,이 분기에 확인된 관측이 없습니다.,false,false,,,이 분기에 확인된 관측이 없습니다.,이 분기에 확인된 관측이 없습니다.
NAND · SSD · eMMC,rebound-adata-ssd,ADATA Solid State Drives (SSD) · Rebound · Rebound Electronics,weeks,2023-Q2,true,latest,1,"[""rebound-adata-ssd-2023-Q2""]",rebound-adata-ssd-2023-Q2,2023-Q2,발간호 분기 · 정확한 발간일 미확인,,2023-Q2,Rebound Electronics,Rebound 일반 유통시장 / ADATA / Solid State Drives (SSD). 원문은 상세 규격·지역 미공개. SSD를 enterprise SSD로 간주하지 않음.,range,10,14,false,,,바로 이전 분기 대표값 없음,,,전년 동기 대표값 없음 또는 제품 범위 변경,125.0,140.0,2020-Q4,범위 하단끼리·상단끼리 비교. 변화율 구간이나 평균이 아님.,false,false,https://reboundeu.com/wp-content/uploads/2023/06/Market-Insights-Q2-20231-Read-Only.pdf,"PDF p.31, ADATA / Solid State Drives (SSD) / LEAD TIME (WKS)",분기 내 마지막 확인값 · 원 자료 축 2023-Q2 (발간호 분기 · 정확한 발간일 미확인). 분기 평균·분기말 확정값 아님.,Rebound 2023-Q2호의 ADATA Solid State Drives (SSD) 보고 납기는 10-14주입니다. 분기는 발간호 표지 기준이며 정확한 조사일은 공개되지 않았습니다.
NAND · SSD · eMMC,rebound-greenliant-ssd,Greenliant Solid State Drives (SSD) · Rebound · Rebound Electronics,weeks,2020-Q4,true,latest,1,"[""rebound-greenliant-ssd-2020-Q4""]",rebound-greenliant-ssd-2020-Q4,2020-Q4,발간호 분기 · 정확한 발간일 미확인,,2020-Q4,Rebound Electronics,Rebound 일반 유통시장 / Greenliant / Solid State Drives (SSD). 원문은 상세 규격·지역 미공개. SSD를 enterprise SSD로 간주하지 않음.,range,12,14,false,,,바로 이전 분기 대표값 없음,,,전년 동기 대표값 없음 또는 제품 범위 변경,100.0,100.0,2020-Q4,범위 하단끼리·상단끼리 비교. 변화율 구간이나 평균이 아님.,false,false,https://reboundeu.com/wp-content/uploads/2020/09/Market-Insight-Q4-2020.pdf,"PDF p.23, Greenliant / Solid State Drives (SSD) / LEAD TIME (WKS)",분기 내 마지막 확인값 · 원 자료 축 2020-Q4 (발간호 분기 · 정확한 발간일 미확인). 분기 평균·분기말 확정값 아님.,Rebound 2020-Q4호의 Greenliant Solid State Drives (SSD) 보고 납기는 12-14주입니다. 분기는 발간호 표지 기준이며 정확한 조사일은 공개되지 않았습니다.
NAND · SSD · eMMC,rebound-greenliant-ssd,Greenliant Solid State Drives (SSD) · Rebound · Rebound Electronics,weeks,2021-Q1,true,latest,1,"[""rebound-greenliant-ssd-2021-Q1""]",rebound-greenliant-ssd-2021-Q1,2021-Q1,발간호 분기 · 정확한 발간일 미확인,,2021-Q1,Rebound Electronics,Rebound 일반 유통시장 / Greenliant / Solid State Drives (SSD). 원문은 상세 규격·지역 미공개. SSD를 enterprise SSD로 간주하지 않음.,range,12,14,false,0.0,0.0,범위 하단끼리·상단끼리 비교. 변화율 구간이나 평균이 아님.,,,전년 동기 대표값 없음 또는 제품 범위 변경,100.0,100.0,2020-Q4,범위 하단끼리·상단끼리 비교. 변화율 구간이나 평균이 아님.,false,false,https://reboundeu.com/wp-content/uploads/2022/06/Market-Insight-Q1-20212.pdf,"PDF p.30, Greenliant / Solid State Drives (SSD) / LEAD TIME (WKS)",분기 내 마지막 확인값 · 원 자료 축 2021-Q1 (발간호 분기 · 정확한 발간일 미확인). 분기 평균·분기말 확정값 아님.,Rebound 2021-Q1호의 Greenliant Solid State Drives (SSD) 보고 납기는 12-14주입니다. 분기는 발간호 표지 기준이며 정확한 조사일은 공개되지 않았습니다.
NAND · SSD · eMMC,rebound-greenliant-ssd,Greenliant Solid State Drives (SSD) · Rebound · Rebound Electronics,weeks,2021-Q2,true,latest,1,"[""rebound-greenliant-ssd-2021-Q2""]",rebound-greenliant-ssd-2021-Q2,2021-Q2,발간호 분기 · 정확한 발간일 미확인,,2021-Q2,Rebound Electronics,Rebound 일반 유통시장 / Greenliant / Solid State Drives (SSD). 원문은 상세 규격·지역 미공개. SSD를 enterprise SSD로 간주하지 않음.,range,12,14,false,0.0,0.0,범위 하단끼리·상단끼리 비교. 변화율 구간이나 평균이 아님.,,,전년 동기 대표값 없음 또는 제품 범위 변경,100.0,100.0,2020-Q4,범위 하단끼리·상단끼리 비교. 변화율 구간이나 평균이 아님.,false,false,https://reboundeu.com/wp-content/uploads/2022/06/Market-Insight-Q2-2021.pdf,"PDF p.29, Greenliant / Solid State Drives (SSD) / LEAD TIME (WKS)",분기 내 마지막 확인값 · 원 자료 축 2021-Q2 (발간호 분기 · 정확한 발간일 미확인). 분기 평균·분기말 확정값 아님.,Rebound 2021-Q2호의 Greenliant Solid State Drives (SSD) 보고 납기는 12-14주입니다. 분기는 발간호 표지 기준이며 정확한 조사일은 공개되지 않았습니다.
NAND · SSD · eMMC,rebound-greenliant-ssd,Greenliant Solid State Drives (SSD) · Rebound · Rebound Electronics,weeks,2021-Q3,true,latest,1,"[""rebound-greenliant-ssd-2021-Q3""]",rebound-greenliant-ssd-2021-Q3,2021-Q3,발간호 분기 · 정확한 발간일 미확인,,2021-Q3,Rebound Electronics,Rebound 일반 유통시장 / Greenliant / Solid State Drives (SSD). 원문은 상세 규격·지역 미공개. SSD를 enterprise SSD로 간주하지 않음.,range,20,28,false,66.666667,100.0,범위 하단끼리·상단끼리 비교. 변화율 구간이나 평균이 아님.,,,전년 동기 대표값 없음 또는 제품 범위 변경,166.666667,200.0,2020-Q4,범위 하단끼리·상단끼리 비교. 변화율 구간이나 평균이 아님.,false,false,https://reboundeu.com/wp-content/uploads/2022/06/Market-Insight-Q3-2021.pdf,"PDF p.30, Greenliant / Solid State Drives (SSD) / LEAD TIME (WKS)",분기 내 마지막 확인값 · 원 자료 축 2021-Q3 (발간호 분기 · 정확한 발간일 미확인). 분기 평균·분기말 확정값 아님.,Rebound 2021-Q3호의 Greenliant Solid State Drives (SSD) 보고 납기는 20-28주입니다. 분기는 발간호 표지 기준이며 정확한 조사일은 공개되지 않았습니다.
NAND · SSD · eMMC,rebound-greenliant-ssd,Greenliant Solid State Drives (SSD) · Rebound · Rebound Electronics,weeks,2021-Q4,true,latest,1,"[""rebound-greenliant-ssd-2021-Q4""]",rebound-greenliant-ssd-2021-Q4,2021-Q4,발간호 분기 · 정확한 발간일 미확인,,2021-Q4,Rebound Electronics,Rebound 일반 유통시장 / Greenliant / Solid State Drives (SSD). 원문은 상세 규격·지역 미공개. SSD를 enterprise SSD로 간주하지 않음.,range,20,28,false,0.0,0.0,범위 하단끼리·상단끼리 비교. 변화율 구간이나 평균이 아님.,66.666667,100.0,범위 하단끼리·상단끼리 비교. 변화율 구간이나 평균이 아님.,166.666667,200.0,2020-Q4,범위 하단끼리·상단끼리 비교. 변화율 구간이나 평균이 아님.,false,false,https://reboundeu.com/wp-content/uploads/2022/06/Market-Insight-Q4-2021.pdf,"PDF p.31, Greenliant / Solid State Drives (SSD) / LEAD TIME (WKS)",분기 내 마지막 확인값 · 원 자료 축 2021-Q4 (발간호 분기 · 정확한 발간일 미확인). 분기 평균·분기말 확정값 아님.,Rebound 2021-Q4호의 Greenliant Solid State Drives (SSD) 보고 납기는 20-28주입니다. 분기는 발간호 표지 기준이며 정확한 조사일은 공개되지 않았습니다.
NAND · SSD · eMMC,rebound-greenliant-ssd,Greenliant Solid State Drives (SSD) · Rebound · Rebound Electronics,weeks,2022-Q1,true,latest,1,"[""rebound-greenliant-ssd-2022-Q1""]",rebound-greenliant-ssd-2022-Q1,2022-Q1,발간호 분기 · 정확한 발간일 미확인,,2022-Q1,Rebound Electronics,Rebound 일반 유통시장 / Greenliant / Solid State Drives (SSD). 원문은 상세 규격·지역 미공개. SSD를 enterprise SSD로 간주하지 않음.,range,20,28,false,0.0,0.0,범위 하단끼리·상단끼리 비교. 변화율 구간이나 평균이 아님.,66.666667,100.0,범위 하단끼리·상단끼리 비교. 변화율 구간이나 평균이 아님.,166.666667,200.0,2020-Q4,범위 하단끼리·상단끼리 비교. 변화율 구간이나 평균이 아님.,false,false,https://reboundeu.com/wp-content/uploads/2022/04/Market-Insight-Q1-2022.pdf,"PDF p.29, Greenliant / Solid State Drives (SSD) / LEAD TIME (WKS)",분기 내 마지막 확인값 · 원 자료 축 2022-Q1 (발간호 분기 · 정확한 발간일 미확인). 분기 평균·분기말 확정값 아님.,Rebound 2022-Q1호의 Greenliant Solid State Drives (SSD) 보고 납기는 20-28주입니다. 분기는 발간호 표지 기준이며 정확한 조사일은 공개되지 않았습니다.
NAND · SSD · eMMC,rebound-greenliant-ssd,Greenliant Solid State Drives (SSD) · Rebound · Rebound Electronics,weeks,2022-Q2,false,missing,0,[],,,,,,,,missing,,,false,,,이 분기에 확인된 관측이 없습니다.,,,이 분기에 확인된 관측이 없습니다.,,,,이 분기에 확인된 관측이 없습니다.,false,false,,,이 분기에 확인된 관측이 없습니다.,이 분기에 확인된 관측이 없습니다.
NAND · SSD · eMMC,rebound-greenliant-ssd,Greenliant Solid State Drives (SSD) · Rebound · Rebound Electronics,weeks,2022-Q3,false,missing,0,[],,,,,,,,missing,,,false,,,이 분기에 확인된 관측이 없습니다.,,,이 분기에 확인된 관측이 없습니다.,,,,이 분기에 확인된 관측이 없습니다.,false,false,,,이 분기에 확인된 관측이 없습니다.,이 분기에 확인된 관측이 없습니다.
NAND · SSD · eMMC,rebound-greenliant-ssd,Greenliant Solid State Drives (SSD) · Rebound · Rebound Electronics,weeks,2022-Q4,false,missing,0,[],,,,,,,,missing,,,false,,,이 분기에 확인된 관측이 없습니다.,,,이 분기에 확인된 관측이 없습니다.,,,,이 분기에 확인된 관측이 없습니다.,false,false,,,이 분기에 확인된 관측이 없습니다.,이 분기에 확인된 관측이 없습니다.
NAND · SSD · eMMC,rebound-greenliant-ssd,Greenliant Solid State Drives (SSD) · Rebound · Rebound Electronics,weeks,2023-Q1,false,missing,0,[],,,,,,,,missing,,,false,,,이 분기에 확인된 관측이 없습니다.,,,이 분기에 확인된 관측이 없습니다.,,,,이 분기에 확인된 관측이 없습니다.,false,false,,,이 분기에 확인된 관측이 없습니다.,이 분기에 확인된 관측이 없습니다.
NAND · SSD · eMMC,rebound-greenliant-ssd,Greenliant Solid State Drives (SSD) · Rebound · Rebound Electronics,weeks,2023-Q2,true,latest,1,"[""rebound-greenliant-ssd-2023-Q2""]",rebound-greenliant-ssd-2023-Q2,2023-Q2,발간호 분기 · 정확한 발간일 미확인,,2023-Q2,Rebound Electronics,Rebound 일반 유통시장 / Greenliant / Solid State Drives (SSD). 원문은 상세 규격·지역 미공개. SSD를 enterprise SSD로 간주하지 않음.,range,10,18,false,,,바로 이전 분기 대표값 없음,,,전년 동기 대표값 없음 또는 제품 범위 변경,83.333333,128.571429,2020-Q4,범위 하단끼리·상단끼리 비교. 변화율 구간이나 평균이 아님.,false,false,https://reboundeu.com/wp-content/uploads/2023/06/Market-Insights-Q2-20231-Read-Only.pdf,"PDF p.31, Greenliant / Solid State Drives (SSD) / LEAD TIME (WKS)",분기 내 마지막 확인값 · 원 자료 축 2023-Q2 (발간호 분기 · 정확한 발간일 미확인). 분기 평균·분기말 확정값 아님.,Rebound 2023-Q2호의 Greenliant Solid State Drives (SSD) 보고 납기는 10-18주입니다. 분기는 발간호 표지 기준이며 정확한 조사일은 공개되지 않았습니다.
NAND · SSD · eMMC,history-ssd-202312,SSD 전체 · Fusion Worldwide,weeks,2023-Q4,true,latest,1,"[""history-ssd-202312""]",history-ssd-202312,2023-12-12,발간일,2023-12-12,2023-12-12,Fusion Worldwide,SSD general; capacity and interface unspecified; allocations to distributors/end customers,range,6,8,false,,,바로 이전 분기 대표값 없음,,,전년 동기 대표값 없음 또는 제품 범위 변경,100.0,100.0,2023-Q4,범위 하단끼리·상단끼리 비교. 변화율 구간이나 평균이 아님.,false,false,https://info.fusionww.com/blog/the-greensheet-december-2023,Hardware / SSD Pricing Changes Daily as Manufacturers Struggle to Fulfill Allocation,분기 내 마지막 확인값 · 원 자료 축 2023-12-12 (발간일). 분기 평균·분기말 확정값 아님.,SSD 전반의 생산·할당 축소로 납기가 6–8주까지 늘었습니다. 기업용 고용량 전용 집계는 아닙니다.
NAND · SSD · eMMC,history-essd-202510,고용량 기업용 SSD · Fusion Worldwide,weeks,2025-Q4,true,latest,1,"[""history-essd-202510""]",history-essd-202510,2025-10-02,발간일,2025-10-02,2025-10-02,Fusion Worldwide,"High-capacity enterprise SSDs; 3.8TB,7.6TB and above context; SATA/SAS/NVMe mixed",range,16,20,true,,,바로 이전 분기 대표값 없음,,,전년 동기 대표값 없음 또는 제품 범위 변경,100.0,,2025-Q4,범위 하단끼리·상단끼리 비교. 변화율 구간이나 평균이 아님.,false,false,https://info.fusionww.com/blog/enterprise-ssd-supply-what-buyers-need-to-know,What is Happening / Market Indicators,분기 내 마지막 확인값 · 원 자료 축 2025-10-02 (발간일). 분기 평균·분기말 확정값 아님.,고용량 기업용 SSD 납기는 16–20주 또는 그 이상입니다. 종전 8–12주의 날짜는 없어 과거 관측으로 추가하지 않습니다.
HDD,tf-weekly-hdd,HDD · TrendForce 주간 · TrendForce,weeks,2026-Q3,true,latest,2,"[""tf-weekly-hdd-20260914"", ""tf-weekly-hdd-20260921""]",tf-weekly-hdd-20260921,2026-09-21,발간일,2026-09-21,2026-09-21,TrendForce,AI 인프라 HDD 집계,exact,50,50,false,,,바로 이전 분기 대표값 없음,,,전년 동기 대표값 없음 또는 제품 범위 변경,100.0,100.0,2026-Q3,,false,false,https://insights.trendforce.com/p/weekly-radar-002,"Supply Chain Radar table; Source: TrendForce, Sep 21, 2026",분기 내 마지막 확인값 · 원 자료 축 2026-09-21 (발간일). 분기 평균·분기말 확정값 아님.,"현재 50주, 균형 기준 16주로 심각한 부족 상태입니다. 에이전트 AI 서비스 수요가 공급을 압박하며 2027년 말까지 납기 개선이 어려울 수 있다는 전망은 현재 관측치와 구분합니다."
HDD,tf-storage-20250915-hdd,Nearline HDD · TrendForce · TrendForce,weeks,2025-Q3,true,latest,1,"[""tf-storage-20250915-hdd-obs""]",tf-storage-20250915-hdd-obs,2025-09-15,발간일,2025-09-15,2025-09,TrendForce,Nearline HDD · 원문 표 기준,exact,52,52,false,,,바로 이전 분기 대표값 없음,,,전년 동기 대표값 없음 또는 제품 범위 변경,100.0,100.0,2025-Q3,,false,false,https://www.trendforce.com/presscenter/news/20250915-12714.html,"original comparison table, Source Sept. 2025",분기 내 마지막 확인값 · 원 자료 축 2025-09-15 (발간일). 분기 평균·분기말 확정값 아님.,원문 표의 Nearline HDD 납기는 52주입니다. 같은 기사 본문은 52주 초과로 표현하므로 표·본문의 차이를 보존했습니다. 최신 주간 HDD와 직접 연결하지 않습니다.
HDD,history-hdd-202105,HDD 전체 주문 · Fusion Worldwide,weeks,2021-Q2,true,latest,1,"[""history-hdd-202105""]",history-hdd-202105,2021-05-26,발간일,2021-05-26,2021-05-26,Fusion Worldwide,HDD orders; capacity not defined,at_most,13,,false,,,바로 이전 분기 대표값 없음,,,전년 동기 대표값 없음 또는 제품 범위 변경,,,2021-Q2,미만·이상 등 경계값은 실제 관측값이 아님,false,false,https://info.fusionww.com/resources/the-greensheet-may-2021,STORAGE / Cryptomining continues to affect SSD and HDD supply,분기 내 마지막 확인값 · 원 자료 축 2021-05-26 (발간일). 분기 평균·분기말 확정값 아님.,HDD 주문 납기가 최대 13주로 늘어났습니다. 기사에 12·14·16TB 가격을 언급하지만 납기 수치를 해당 용량 전용으로 한정하지 않았습니다.
HDD,history-hdd-202110,Seagate 4TB·저용량 HDD · Fusion Worldwide,weeks,2021-Q4,true,latest,1,"[""history-hdd-202110""]",history-hdd-202110,2021-11-04,발간일,2021-11-04,2021-11-04,Fusion Worldwide,Seagate 4TB HDDs and other low-capacity drives; some customers,range,12,16,false,,,바로 이전 분기 대표값 없음,,,전년 동기 대표값 없음 또는 제품 범위 변경,100.0,100.0,2021-Q4,범위 하단끼리·상단끼리 비교. 변화율 구간이나 평균이 아님.,false,false,https://info.fusionww.com/resources/the-greensheet-2021-october,STORAGE / HDD demand remains strong for high-density drives,분기 내 마지막 확인값 · 원 자료 축 2021-11-04 (발간일). 분기 평균·분기말 확정값 아님.,Seagate 4TB 및 기타 저용량 드라이브의 일부 고객 납기는 12–16주입니다. 고용량 니어라인 HDD와 사양이 다릅니다.
HDD,history-hdd-202202,Seagate 8TB SATA HDD · Fusion Worldwide,weeks,2022-Q1,true,latest,1,"[""history-hdd-202202""]",history-hdd-202202,2022-03-18,발간일,2022-03-18,2022-03-18,Fusion Worldwide,"Seagate 8TB SATA HDD; OEM reports, China demand context",exact,18,18,false,,,바로 이전 분기 대표값 없음,,,전년 동기 대표값 없음 또는 제품 범위 변경,100.0,100.0,2022-Q1,,false,false,https://info.fusionww.com/blog/the-greensheet-2022-february,STORAGE / Hard Disk Drive demand increases in Q1 2022,분기 내 마지막 확인값 · 원 자료 축 2022-03-18 (발간일). 분기 평균·분기말 확정값 아님.,8TB HDD 수급이 불안정해지며 Seagate 납기가 현재 18주로 늘었습니다. 종전 16주는 기준일을 알 수 없어 별도 과거점으로 만들지 않습니다.
HDD,history-hdd-202410,Seagate 고용량 HDD · Fusion Worldwide,weeks,2024-Q4,true,latest,1,"[""history-hdd-202410""]",history-hdd-202410,2024-10-30,발간일,2024-10-30,2024-10-30,Fusion Worldwide,"Seagate high-capacity HDD; delivery delays, capacity unspecified; mid-tier server OEM context",range,30,33,false,,,바로 이전 분기 대표값 없음,,,전년 동기 대표값 없음 또는 제품 범위 변경,100.0,100.0,2024-Q4,범위 하단끼리·상단끼리 비교. 변화율 구간이나 평균이 아님.,false,false,https://info.fusionww.com/blog/the-greensheet-october-2024,HDD / October Trends / Extended Delivery Times,분기 내 마지막 확인값 · 원 자료 축 2024-10-30 (발간일). 분기 평균·분기말 확정값 아님.,Seagate 고용량 HDD의 납기 지연은 30–33주입니다. 같은 기사의 52주 주문 약정 요구는 공급 가시성 조건이므로 별도 리드타임으로 채택하지 않았습니다.
HDD,history-hdd-202412,SATA 22TB·24TB HDD · Fusion Worldwide,weeks,2024-Q4,true,latest,1,"[""history-hdd-202412""]",history-hdd-202412,2024-12-11,발간일,2024-12-11,2024-12-11,Fusion Worldwide,SATA 22TB and 24TB HDDs; AI segments; vendor unspecified,range,6,8,false,,,바로 이전 분기 대표값 없음,,,전년 동기 대표값 없음 또는 제품 범위 변경,100.0,100.0,2024-Q4,범위 하단끼리·상단끼리 비교. 변화율 구간이나 평균이 아님.,false,false,https://info.fusionww.com/blog/the-greensheet-december-2024,HDD / SATA Drives Facing Extended Lead Times,분기 내 마지막 확인값 · 원 자료 축 2024-12-11 (발간일). 분기 평균·분기말 확정값 아님.,AI 부문의 SATA 22TB·24TB HDD 납기는 6–8주입니다. Seagate 고용량 집계와 용량·대상 고객 범위가 달라 직접 변화율 산출 시 범위 차이를 표시해야 합니다.
HDD,history-hdd-202507,2–8TB HDD · Fusion Worldwide,weeks,2025-Q3,true,latest,1,"[""history-hdd-202507""]",history-hdd-202507,2025-07-30,발간일,2025-07-30,2025-07-30,Fusion Worldwide,HDD 2–8TB; vendor unspecified,more_than,20,,false,,,바로 이전 분기 대표값 없음,,,전년 동기 대표값 없음 또는 제품 범위 변경,,,2025-Q3,미만·이상 등 경계값은 실제 관측값이 아님,false,false,https://info.fusionww.com/blog/the-greensheet-july-2025,HDD / Capacity Shifts and Lead Time Increases,분기 내 마지막 확인값 · 원 자료 축 2025-07-30 (발간일). 분기 평균·분기말 확정값 아님.,제조사가 18TB 이상으로 생산을 이동하면서 2–8TB HDD 납기는 20주를 초과합니다. 고용량 AI HDD와 다른 사양입니다.
ABF · 패키지 기판,tf-weekly-abf,ABF 기판 · TrendForce 주간 · TrendForce,weeks,2026-Q3,true,latest,2,"[""tf-weekly-abf-20260914"", ""tf-weekly-abf-20260921""]",tf-weekly-abf-20260921,2026-09-21,발간일,2026-09-21,2026-09-21,TrendForce,AI 인프라 ABF 기판 집계,range,48,56,false,,,바로 이전 분기 대표값 없음,,,전년 동기 대표값 없음 또는 제품 범위 변경,100.0,100.0,2026-Q3,범위 하단끼리·상단끼리 비교. 변화율 구간이나 평균이 아님.,false,false,https://insights.trendforce.com/p/weekly-radar-002,"Supply Chain Radar table; Source: TrendForce, Sep 21, 2026",분기 내 마지막 확인값 · 원 자료 축 2026-09-21 (발간일). 분기 평균·분기말 확정값 아님.,"현재 48–56주, 균형 기준 12주로 심각한 부족 상태입니다. 일본 저열팽창 유리섬유 증설은 2027년 소재 제약을 완화할 전망이지만, 기판 생산능력은 이미 예약돼 사전 확보분이 없는 고객의 납기가 길다고 설명합니다."
ABF · 패키지 기판,semianalysis-abf-20260827-abf,ABF 기판 총납기 · SemiAnalysis · SemiAnalysis,months,2026-Q3,true,latest,1,"[""semianalysis-abf-20260827-abf-obs""]",semianalysis-abf-20260827-abf-obs,2026-08-27,발간일,2026-08-27,2026-08-27,SemiAnalysis,연구사가 확인한 6개 기판 공급사 총납기,range,12,14,false,,,바로 이전 분기 대표값 없음,,,전년 동기 대표값 없음 또는 제품 범위 변경,100.0,100.0,2026-Q3,범위 하단끼리·상단끼리 비교. 변화율 구간이나 평균이 아님.,false,false,https://www.linkedin.com/posts/semianalysis_substrates-have-no-slack-2026-is-fully-booked-activity-7498545703879835648-rIEi,public publisher post; JSON-LD datePublished 2026-08-27T01:03:32.020Z,분기 내 마지막 확인값 · 원 자료 축 2026-08-27 (발간일). 분기 평균·분기말 확정값 아님.,6개 공급사 모두 총납기 12–14개월로 보고했습니다. 월 단위를 유지하며 주 단위 자료로 환산하거나 같은 선으로 연결하지 않습니다.
ABF · 패키지 기판,semi-package-substrates,IC 패키지 기판 · SEMI/TechSearch · SEMI / TechSearch International,weeks,2021-Q1,true,latest,1,"[""semi-techsearch-substrates-20210301-substrates""]",semi-techsearch-substrates-20210301-substrates,2021-03-01,발간일,2021-03-01,2021-03-01,SEMI / TechSearch International,"IC 패키지 기판 전반, FC-BGA가 가장 심한 부족으로 지목됨; ABF 단독 집계 아님",at_least,14,,false,,,바로 이전 분기 대표값 없음,,,전년 동기 대표값 없음 또는 제품 범위 변경,,,2021-Q1,미만·이상 등 경계값은 실제 관측값이 아님,false,false,https://www.semi.org/en/blogs/business-markets/the-substrate-crisis-deepens,body paragraph 3; publication date on SEMI taxonomy listing https://www.semi.org/en/business-markets/tag/capacity-shortage,분기 내 마지막 확인값 · 원 자료 축 2021-03-01 (발간일). 분기 평균·분기말 확정값 아님.,SEMI에 직접 기고한 TechSearch는 IC 패키지 기판 납기를 14주 이상으로 설명하고 FC-BGA를 가장 심한 부족 품목으로 지목했습니다. ABF 단독 납기로 바꾸지 않은 참고 관측입니다.
MLCC,tf-weekly-mlcc,MLCC · TrendForce 주간 · TrendForce,weeks,2026-Q3,true,latest,2,"[""tf-weekly-mlcc-20260914"", ""tf-weekly-mlcc-20260921""]",tf-weekly-mlcc-20260921,2026-09-21,발간일,2026-09-21,2026-09-21,TrendForce,AI 인프라 MLCC 집계,exact,32,32,false,,,바로 이전 분기 대표값 없음,,,전년 동기 대표값 없음 또는 제품 범위 변경,100.0,100.0,2026-Q3,,false,false,https://insights.trendforce.com/p/weekly-radar-002,"Supply Chain Radar table; Source: TrendForce, Sep 21, 2026",분기 내 마지막 확인값 · 원 자료 축 2026-09-21 (발간일). 분기 평균·분기말 확정값 아님.,"현재 32주로 001호의 30주보다 2주 늘었으며 균형 기준은 12주입니다. 공급 제약 상태가 유지됩니다. 개학 수요가 기대에 못 미쳐 저가 소비자용 표준 MLCC 유통 가격은 하락했고, 고급 소비자용 가격은 안정적이라고 설명합니다."
MLCC,avnet-mlcc_smd,MLCC 일반 SMD · Avnet 발간 이력 · Avnet Abacus,weeks,2019-Q3,true,latest,1,"[""avnet-2019-09-mlcc_smd""]",avnet-2019-09-mlcc_smd,2019-09,발간일,2019-09,2019-09,Avnet Abacus,Avnet Abacus 일반 유통시장 · MLCC 일반 SMD,range,16,52,true,,,바로 이전 분기 대표값 없음,,,전년 동기 대표값 없음 또는 제품 범위 변경,100.0,,2019-Q3,범위 하단끼리·상단끼리 비교. 변화율 구간이나 평균이 아님.,false,false,https://www.avnet.com/wcm/connect/b7202770-5e3f-4369-95f9-70bf9c04defe/AVA-Lead-Time-guide-September-2019-EN-Document.pdf?MOD=AJPERES&attachment=true&id=1568983700586&id=1568983700586%3FMOD%3DAJPERES,PDF p.2,분기 내 마지막 확인값 · 원 자료 축 2019-09 (발간일). 분기 평균·분기말 확정값 아님.,2019-09 Avnet Abacus의 MLCC 일반 SMD 리드타임은 16–52+주입니다. 일반 유통시장 집계이며 AI 서버 전용 수치와 범위를 구분합니다. +는 열린 상한으로 보존했습니다.
MLCC,avnet-mlcc_smd,MLCC 일반 SMD · Avnet 발간 이력 · Avnet Abacus,weeks,2019-Q4,false,missing,0,[],,,,,,,,missing,,,false,,,이 분기에 확인된 관측이 없습니다.,,,이 분기에 확인된 관측이 없습니다.,,,,이 분기에 확인된 관측이 없습니다.,false,false,,,이 분기에 확인된 관측이 없습니다.,이 분기에 확인된 관측이 없습니다.
MLCC,avnet-mlcc_smd,MLCC 일반 SMD · Avnet 발간 이력 · Avnet Abacus,weeks,2020-Q1,false,missing,0,[],,,,,,,,missing,,,false,,,이 분기에 확인된 관측이 없습니다.,,,이 분기에 확인된 관측이 없습니다.,,,,이 분기에 확인된 관측이 없습니다.,false,false,,,이 분기에 확인된 관측이 없습니다.,이 분기에 확인된 관측이 없습니다.
MLCC,avnet-mlcc_smd,MLCC 일반 SMD · Avnet 발간 이력 · Avnet Abacus,weeks,2020-Q2,true,latest,1,"[""avnet-2020-04-mlcc_smd""]",avnet-2020-04-mlcc_smd,2020-04,발간일,2020-04,2020-04,Avnet Abacus,Avnet Abacus 일반 유통시장 · MLCC 일반 SMD,range,6,30,true,,,바로 이전 분기 대표값 없음,,,전년 동기 대표값 없음 또는 제품 범위 변경,37.5,,2019-Q3,범위 하단끼리·상단끼리 비교. 변화율 구간이나 평균이 아님.,false,false,https://www.avnet.com/wcm/connect/101b4984-151c-4e9e-8c42-e55a2da865af/AVA-Lead-Time-guide-March-2020-EN-Document.pdf?MOD=AJPERES,PDF p.2,분기 내 마지막 확인값 · 원 자료 축 2020-04 (발간일). 분기 평균·분기말 확정값 아님.,2020-04 Avnet Abacus의 MLCC 일반 SMD 리드타임은 6–30+주입니다. 일반 유통시장 집계이며 AI 서버 전용 수치와 범위를 구분합니다. +는 열린 상한으로 보존했습니다.
MLCC,avnet-mlcc_smd,MLCC 일반 SMD · Avnet 발간 이력 · Avnet Abacus,weeks,2020-Q3,false,missing,0,[],,,,,,,,missing,,,false,,,이 분기에 확인된 관측이 없습니다.,,,이 분기에 확인된 관측이 없습니다.,,,,이 분기에 확인된 관측이 없습니다.,false,false,,,이 분기에 확인된 관측이 없습니다.,이 분기에 확인된 관측이 없습니다.
MLCC,avnet-mlcc_smd,MLCC 일반 SMD · Avnet 발간 이력 · Avnet Abacus,weeks,2020-Q4,false,missing,0,[],,,,,,,,missing,,,false,,,이 분기에 확인된 관측이 없습니다.,,,이 분기에 확인된 관측이 없습니다.,,,,이 분기에 확인된 관측이 없습니다.,false,false,,,이 분기에 확인된 관측이 없습니다.,이 분기에 확인된 관측이 없습니다.
MLCC,avnet-mlcc_smd,MLCC 일반 SMD · Avnet 발간 이력 · Avnet Abacus,weeks,2021-Q1,false,missing,0,[],,,,,,,,missing,,,false,,,이 분기에 확인된 관측이 없습니다.,,,이 분기에 확인된 관측이 없습니다.,,,,이 분기에 확인된 관측이 없습니다.,false,false,,,이 분기에 확인된 관측이 없습니다.,이 분기에 확인된 관측이 없습니다.
MLCC,avnet-mlcc_smd,MLCC 일반 SMD · Avnet 발간 이력 · Avnet Abacus,weeks,2021-Q2,true,latest,1,"[""avnet-2021-04-mlcc_smd""]",avnet-2021-04-mlcc_smd,2021-04,발간일,2021-04,2021-04,Avnet Abacus,Avnet Abacus 일반 유통시장 · MLCC 일반 SMD,range,12,30,false,,,바로 이전 분기 대표값 없음,100.0,,범위 하단끼리·상단끼리 비교. 변화율 구간이나 평균이 아님.,75.0,,2019-Q3,범위 하단끼리·상단끼리 비교. 변화율 구간이나 평균이 아님.,false,false,https://www.avnet.com/wcm/connect/6466625f-04e6-4164-bd2e-9acdd402fc9b/AVA-Lead-Time-Guide-April-2021-EN-Document.pdf?MOD=AJPERES,PDF p.3,분기 내 마지막 확인값 · 원 자료 축 2021-04 (발간일). 분기 평균·분기말 확정값 아님.,2021-04 Avnet Abacus의 MLCC 일반 SMD 리드타임은 12–30주입니다. 일반 유통시장 집계이며 AI 서버 전용 수치와 범위를 구분합니다.
MLCC,avnet-mlcc_smd,MLCC 일반 SMD · Avnet 발간 이력 · Avnet Abacus,weeks,2021-Q3,true,latest,1,"[""avnet-2021-07-mlcc_smd""]",avnet-2021-07-mlcc_smd,2021-07,발간일,2021-07,2021-07,Avnet Abacus,Avnet Abacus 일반 유통시장 · MLCC 일반 SMD,range,20,52,true,66.666667,,범위 하단끼리·상단끼리 비교. 변화율 구간이나 평균이 아님.,,,전년 동기 대표값 없음 또는 제품 범위 변경,125.0,,2019-Q3,범위 하단끼리·상단끼리 비교. 변화율 구간이나 평균이 아님.,false,false,https://www.avnet.com/wcm/connect/677978a9-b285-4a92-a841-00c85b0cefc5/AVA-Lead-Time-Guide-July-2021-EN-Document.pdf?MOD=AJPERES,PDF p.3,분기 내 마지막 확인값 · 원 자료 축 2021-07 (발간일). 분기 평균·분기말 확정값 아님.,2021-07 Avnet Abacus의 MLCC 일반 SMD 리드타임은 20–52+주입니다. 일반 유통시장 집계이며 AI 서버 전용 수치와 범위를 구분합니다. +는 열린 상한으로 보존했습니다.
MLCC,avnet-mlcc_smd,MLCC 일반 SMD · Avnet 발간 이력 · Avnet Abacus,weeks,2021-Q4,false,missing,0,[],,,,,,,,missing,,,false,,,이 분기에 확인된 관측이 없습니다.,,,이 분기에 확인된 관측이 없습니다.,,,,이 분기에 확인된 관측이 없습니다.,false,false,,,이 분기에 확인된 관측이 없습니다.,이 분기에 확인된 관측이 없습니다.
MLCC,avnet-mlcc_smd,MLCC 일반 SMD · Avnet 발간 이력 · Avnet Abacus,weeks,2022-Q1,false,missing,0,[],,,,,,,,missing,,,false,,,이 분기에 확인된 관측이 없습니다.,,,이 분기에 확인된 관측이 없습니다.,,,,이 분기에 확인된 관측이 없습니다.,false,false,,,이 분기에 확인된 관측이 없습니다.,이 분기에 확인된 관측이 없습니다.
MLCC,avnet-mlcc_smd,MLCC 일반 SMD · Avnet 발간 이력 · Avnet Abacus,weeks,2022-Q2,false,missing,0,[],,,,,,,,missing,,,false,,,이 분기에 확인된 관측이 없습니다.,,,이 분기에 확인된 관측이 없습니다.,,,,이 분기에 확인된 관측이 없습니다.,false,false,,,이 분기에 확인된 관측이 없습니다.,이 분기에 확인된 관측이 없습니다.
MLCC,avnet-mlcc_smd,MLCC 일반 SMD · Avnet 발간 이력 · Avnet Abacus,weeks,2022-Q3,false,missing,0,[],,,,,,,,missing,,,false,,,이 분기에 확인된 관측이 없습니다.,,,이 분기에 확인된 관측이 없습니다.,,,,이 분기에 확인된 관측이 없습니다.,false,false,,,이 분기에 확인된 관측이 없습니다.,이 분기에 확인된 관측이 없습니다.
MLCC,avnet-mlcc_smd,MLCC 일반 SMD · Avnet 발간 이력 · Avnet Abacus,weeks,2022-Q4,true,latest,1,"[""avnet-2022-12-mlcc_smd""]",avnet-2022-12-mlcc_smd,2022-12,발간일,2022-12,2022-12,Avnet Abacus,Avnet Abacus 일반 유통시장 · MLCC 일반 SMD,range,12,40,true,,,바로 이전 분기 대표값 없음,,,전년 동기 대표값 없음 또는 제품 범위 변경,75.0,,2019-Q3,범위 하단끼리·상단끼리 비교. 변화율 구간이나 평균이 아님.,false,false,https://www.avnet.com/wcm/connect/b496febc-6ece-4ee2-a4ae-eae91a34d9d1/AVA-Lead-Time-Guide-December-2022-EN-Document.pdf?MOD=AJPERES,PDF p.3,분기 내 마지막 확인값 · 원 자료 축 2022-12 (발간일). 분기 평균·분기말 확정값 아님.,2022-12 Avnet Abacus의 MLCC 일반 SMD 리드타임은 12–40+주입니다. 일반 유통시장 집계이며 AI 서버 전용 수치와 범위를 구분합니다. +는 열린 상한으로 보존했습니다.
MLCC,avnet-mlcc_smd,MLCC 일반 SMD · Avnet 발간 이력 · Avnet Abacus,weeks,2023-Q1,false,missing,0,[],,,,,,,,missing,,,false,,,이 분기에 확인된 관측이 없습니다.,,,이 분기에 확인된 관측이 없습니다.,,,,이 분기에 확인된 관측이 없습니다.,false,false,,,이 분기에 확인된 관측이 없습니다.,이 분기에 확인된 관측이 없습니다.
MLCC,avnet-mlcc_smd,MLCC 일반 SMD · Avnet 발간 이력 · Avnet Abacus,weeks,2023-Q2,false,missing,0,[],,,,,,,,missing,,,false,,,이 분기에 확인된 관측이 없습니다.,,,이 분기에 확인된 관측이 없습니다.,,,,이 분기에 확인된 관측이 없습니다.,false,false,,,이 분기에 확인된 관측이 없습니다.,이 분기에 확인된 관측이 없습니다.
MLCC,avnet-mlcc_smd,MLCC 일반 SMD · Avnet 발간 이력 · Avnet Abacus,weeks,2023-Q3,false,missing,0,[],,,,,,,,missing,,,false,,,이 분기에 확인된 관측이 없습니다.,,,이 분기에 확인된 관측이 없습니다.,,,,이 분기에 확인된 관측이 없습니다.,false,false,,,이 분기에 확인된 관측이 없습니다.,이 분기에 확인된 관측이 없습니다.
MLCC,avnet-mlcc_smd,MLCC 일반 SMD · Avnet 발간 이력 · Avnet Abacus,weeks,2023-Q4,true,latest,1,"[""avnet-2023-11-mlcc_smd""]",avnet-2023-11-mlcc_smd,2023-11,발간일,2023-11,2023-11,Avnet Abacus,Avnet Abacus 일반 유통시장 · MLCC 일반 SMD,range,8,26,true,,,바로 이전 분기 대표값 없음,-33.333333,,범위 하단끼리·상단끼리 비교. 변화율 구간이나 평균이 아님.,50.0,,2019-Q3,범위 하단끼리·상단끼리 비교. 변화율 구간이나 평균이 아님.,false,false,https://my.avnet.com/wcm/connect/affeb8c0-65e8-46cb-84bc-15fca9dae0bd/AVA-Lead-Time-Guide-November-2022-EN-Document.pdf?MOD=AJPERES,PDF p.3,분기 내 마지막 확인값 · 원 자료 축 2023-11 (발간일). 분기 평균·분기말 확정값 아님.,2023-11 Avnet Abacus의 MLCC 일반 SMD 리드타임은 8–26+주입니다. 일반 유통시장 집계이며 AI 서버 전용 수치와 범위를 구분합니다. +는 열린 상한으로 보존했습니다.
MLCC,avnet-mlcc_smd,MLCC 일반 SMD · Avnet 발간 이력 · Avnet Abacus,weeks,2024-Q1,true,latest,2,"[""avnet-2024-01-mlcc_smd"", ""avnet-2024-02-mlcc_smd""]",avnet-2024-02-mlcc_smd,2024-02,발간일,2024-02,2024-02,Avnet Abacus,Avnet Abacus 일반 유통시장 · MLCC 일반 SMD,range,8,20,true,0.0,,범위 하단끼리·상단끼리 비교. 변화율 구간이나 평균이 아님.,,,전년 동기 대표값 없음 또는 제품 범위 변경,50.0,,2019-Q3,범위 하단끼리·상단끼리 비교. 변화율 구간이나 평균이 아님.,false,false,https://my.avnet.com/wcm/connect/1c3e37ed-e911-4561-b888-cbea8ac78f55/AVA-Lead-Time-Guide-February-2024-EN-Document.pdf?MOD=AJPERES,PDF p.3,분기 내 마지막 확인값 · 원 자료 축 2024-02 (발간일). 분기 평균·분기말 확정값 아님.,2024-02 가이드의 MLCC 일반 SMD 납기는 8–20+주입니다. 일반 유통시장 보고값이며 AI 서버 전용 집계와 구분합니다. 상한 뒤 +는 더 긴 납기가 가능함을 뜻합니다.
MLCC,avnet-mlcc_smd,MLCC 일반 SMD · Avnet 발간 이력 · Avnet Abacus,weeks,2024-Q2,false,missing,0,[],,,,,,,,missing,,,false,,,이 분기에 확인된 관측이 없습니다.,,,이 분기에 확인된 관측이 없습니다.,,,,이 분기에 확인된 관측이 없습니다.,false,false,,,이 분기에 확인된 관측이 없습니다.,이 분기에 확인된 관측이 없습니다.
MLCC,avnet-mlcc_smd,MLCC 일반 SMD · Avnet 발간 이력 · Avnet Abacus,weeks,2024-Q3,true,latest,1,"[""avnet-2024-09-mlcc_smd""]",avnet-2024-09-mlcc_smd,2024-09,발간일,2024-09,2024-09,Avnet Abacus,Avnet Abacus 일반 유통시장 · MLCC 일반 SMD,range,8,20,true,,,바로 이전 분기 대표값 없음,,,전년 동기 대표값 없음 또는 제품 범위 변경,50.0,,2019-Q3,범위 하단끼리·상단끼리 비교. 변화율 구간이나 평균이 아님.,false,false,https://my.avnet.com/wcm/connect/e9d18ef4-6a53-4f76-b6cf-d63549a0694b/AVA-Lead-Time-Guide-September-2024-EN-Document-aba24037.pdf?MOD=AJPERES,PDF p.3,분기 내 마지막 확인값 · 원 자료 축 2024-09 (발간일). 분기 평균·분기말 확정값 아님.,"2024-09 가이드의 MLCC 일반 SMD 납기는 8–20+주입니다. 일반 유통시장 보고값으로 AI 서버용 집계와 구분합니다. 상한 뒤 +는 이보다 더 길어질 수 있음을 뜻하며, 닫힌 최댓값이 아닙니다."
MLCC,avnet-mlcc_smd,MLCC 일반 SMD · Avnet 발간 이력 · Avnet Abacus,weeks,2024-Q4,false,missing,0,[],,,,,,,,missing,,,false,,,이 분기에 확인된 관측이 없습니다.,,,이 분기에 확인된 관측이 없습니다.,,,,이 분기에 확인된 관측이 없습니다.,false,false,,,이 분기에 확인된 관측이 없습니다.,이 분기에 확인된 관측이 없습니다.
MLCC,avnet-mlcc_smd,MLCC 일반 SMD · Avnet 발간 이력 · Avnet Abacus,weeks,2025-Q1,false,missing,0,[],,,,,,,,missing,,,false,,,이 분기에 확인된 관측이 없습니다.,,,이 분기에 확인된 관측이 없습니다.,,,,이 분기에 확인된 관측이 없습니다.,false,false,,,이 분기에 확인된 관측이 없습니다.,이 분기에 확인된 관측이 없습니다.
MLCC,avnet-mlcc_smd,MLCC 일반 SMD · Avnet 발간 이력 · Avnet Abacus,weeks,2025-Q2,false,missing,0,[],,,,,,,,missing,,,false,,,이 분기에 확인된 관측이 없습니다.,,,이 분기에 확인된 관측이 없습니다.,,,,이 분기에 확인된 관측이 없습니다.,false,false,,,이 분기에 확인된 관측이 없습니다.,이 분기에 확인된 관측이 없습니다.
MLCC,avnet-mlcc_smd,MLCC 일반 SMD · Avnet 발간 이력 · Avnet Abacus,weeks,2025-Q3,true,latest,1,"[""avnet-2025-07-mlcc_smd""]",avnet-2025-07-mlcc_smd,2025-07,발간일,2025-07,2025-07,Avnet Abacus,Avnet Abacus 일반 유통시장 · MLCC 일반 SMD,range,8,20,true,,,바로 이전 분기 대표값 없음,0.0,,범위 하단끼리·상단끼리 비교. 변화율 구간이나 평균이 아님.,50.0,,2019-Q3,범위 하단끼리·상단끼리 비교. 변화율 구간이나 평균이 아님.,false,false,https://my.avnet.com/wcm/connect/a3326d60-174d-4224-8e1d-f2f5595919a1/AVA-Lead-Time-Guide-July-2025-EN-Document.pdf?MOD=AJPERES,PDF p.3,분기 내 마지막 확인값 · 원 자료 축 2025-07 (발간일). 분기 평균·분기말 확정값 아님.,"2025-07 가이드의 MLCC 일반 SMD 납기는 8–20+주입니다. 일반 유통시장 보고값으로 AI 서버용 집계와 구분합니다. 상한 뒤 +는 이보다 더 길어질 수 있음을 뜻하며, 닫힌 최댓값이 아닙니다."
MLCC,avnet-mlcc_smd,MLCC 일반 SMD · Avnet 발간 이력 · Avnet Abacus,weeks,2025-Q4,false,missing,0,[],,,,,,,,missing,,,false,,,이 분기에 확인된 관측이 없습니다.,,,이 분기에 확인된 관측이 없습니다.,,,,이 분기에 확인된 관측이 없습니다.,false,false,,,이 분기에 확인된 관측이 없습니다.,이 분기에 확인된 관측이 없습니다.
MLCC,avnet-mlcc_smd,MLCC 일반 SMD · Avnet 발간 이력 · Avnet Abacus,weeks,2026-Q1,false,missing,0,[],,,,,,,,missing,,,false,,,이 분기에 확인된 관측이 없습니다.,,,이 분기에 확인된 관측이 없습니다.,,,,이 분기에 확인된 관측이 없습니다.,false,false,,,이 분기에 확인된 관측이 없습니다.,이 분기에 확인된 관측이 없습니다.
MLCC,avnet-mlcc_smd,MLCC 일반 SMD · Avnet 발간 이력 · Avnet Abacus,weeks,2026-Q2,false,missing,0,[],,,,,,,,missing,,,false,,,이 분기에 확인된 관측이 없습니다.,,,이 분기에 확인된 관측이 없습니다.,,,,이 분기에 확인된 관측이 없습니다.,false,false,,,이 분기에 확인된 관측이 없습니다.,이 분기에 확인된 관측이 없습니다.
MLCC,avnet-mlcc_smd,MLCC 일반 SMD · Avnet 발간 이력 · Avnet Abacus,weeks,2026-Q3,true,latest,1,"[""avnet-2026-08-mlcc_smd""]",avnet-2026-08-mlcc_smd,2026-08,발간일,2026-08,2026-08,Avnet Abacus,Avnet Abacus 일반 유통시장 · MLCC 일반 SMD,range,8,20,true,,,바로 이전 분기 대표값 없음,0.0,,범위 하단끼리·상단끼리 비교. 변화율 구간이나 평균이 아님.,50.0,,2019-Q3,범위 하단끼리·상단끼리 비교. 변화율 구간이나 평균이 아님.,false,false,https://my.avnet.com/wcm/connect/2222f00c-e4dc-4143-899c-4a892756fcc7/AVA-Lead-Time-Guide-August-2026-EN-Document.pdf?MOD=AJPERES,PDF p.3,분기 내 마지막 확인값 · 원 자료 축 2026-08 (발간일). 분기 평균·분기말 확정값 아님.,"2026-08 가이드의 MLCC 일반 SMD 납기는 8–20+주입니다. 일반 유통시장 보고값으로 AI 서버용 집계와 구분합니다. 상한 뒤 +는 이보다 더 길어질 수 있음을 뜻하며, 닫힌 최댓값이 아닙니다."
MLCC,avnet-mlcc_high_cv,고용량 MLCC · Avnet 발간 이력 · Avnet Abacus,weeks,2019-Q3,true,latest,1,"[""avnet-2019-09-mlcc_high_cv""]",avnet-2019-09-mlcc_high_cv,2019-09,발간일,2019-09,2019-09,Avnet Abacus,Avnet Abacus 일반 유통시장 · 고용량 MLCC,range,16,52,true,,,바로 이전 분기 대표값 없음,,,전년 동기 대표값 없음 또는 제품 범위 변경,100.0,,2019-Q3,범위 하단끼리·상단끼리 비교. 변화율 구간이나 평균이 아님.,false,false,https://www.avnet.com/wcm/connect/b7202770-5e3f-4369-95f9-70bf9c04defe/AVA-Lead-Time-guide-September-2019-EN-Document.pdf?MOD=AJPERES&attachment=true&id=1568983700586&id=1568983700586%3FMOD%3DAJPERES,PDF p.2,분기 내 마지막 확인값 · 원 자료 축 2019-09 (발간일). 분기 평균·분기말 확정값 아님.,2019-09 Avnet Abacus의 고용량 MLCC 리드타임은 16–52+주입니다. 일반 유통시장 집계이며 AI 서버 전용 수치와 범위를 구분합니다. +는 열린 상한으로 보존했습니다.
MLCC,avnet-mlcc_high_cv,고용량 MLCC · Avnet 발간 이력 · Avnet Abacus,weeks,2019-Q4,false,missing,0,[],,,,,,,,missing,,,false,,,이 분기에 확인된 관측이 없습니다.,,,이 분기에 확인된 관측이 없습니다.,,,,이 분기에 확인된 관측이 없습니다.,false,false,,,이 분기에 확인된 관측이 없습니다.,이 분기에 확인된 관측이 없습니다.
MLCC,avnet-mlcc_high_cv,고용량 MLCC · Avnet 발간 이력 · Avnet Abacus,weeks,2020-Q1,false,missing,0,[],,,,,,,,missing,,,false,,,이 분기에 확인된 관측이 없습니다.,,,이 분기에 확인된 관측이 없습니다.,,,,이 분기에 확인된 관측이 없습니다.,false,false,,,이 분기에 확인된 관측이 없습니다.,이 분기에 확인된 관측이 없습니다.
MLCC,avnet-mlcc_high_cv,고용량 MLCC · Avnet 발간 이력 · Avnet Abacus,weeks,2020-Q2,true,latest,1,"[""avnet-2020-04-mlcc_high_cv""]",avnet-2020-04-mlcc_high_cv,2020-04,발간일,2020-04,2020-04,Avnet Abacus,Avnet Abacus 일반 유통시장 · 고용량 MLCC,range,6,30,true,,,바로 이전 분기 대표값 없음,,,전년 동기 대표값 없음 또는 제품 범위 변경,37.5,,2019-Q3,범위 하단끼리·상단끼리 비교. 변화율 구간이나 평균이 아님.,false,false,https://www.avnet.com/wcm/connect/101b4984-151c-4e9e-8c42-e55a2da865af/AVA-Lead-Time-guide-March-2020-EN-Document.pdf?MOD=AJPERES,PDF p.2,분기 내 마지막 확인값 · 원 자료 축 2020-04 (발간일). 분기 평균·분기말 확정값 아님.,2020-04 Avnet Abacus의 고용량 MLCC 리드타임은 6–30+주입니다. 일반 유통시장 집계이며 AI 서버 전용 수치와 범위를 구분합니다. +는 열린 상한으로 보존했습니다.
MLCC,avnet-mlcc_high_cv,고용량 MLCC · Avnet 발간 이력 · Avnet Abacus,weeks,2020-Q3,false,missing,0,[],,,,,,,,missing,,,false,,,이 분기에 확인된 관측이 없습니다.,,,이 분기에 확인된 관측이 없습니다.,,,,이 분기에 확인된 관측이 없습니다.,false,false,,,이 분기에 확인된 관측이 없습니다.,이 분기에 확인된 관측이 없습니다.
MLCC,avnet-mlcc_high_cv,고용량 MLCC · Avnet 발간 이력 · Avnet Abacus,weeks,2020-Q4,false,missing,0,[],,,,,,,,missing,,,false,,,이 분기에 확인된 관측이 없습니다.,,,이 분기에 확인된 관측이 없습니다.,,,,이 분기에 확인된 관측이 없습니다.,false,false,,,이 분기에 확인된 관측이 없습니다.,이 분기에 확인된 관측이 없습니다.
MLCC,avnet-mlcc_high_cv,고용량 MLCC · Avnet 발간 이력 · Avnet Abacus,weeks,2021-Q1,false,missing,0,[],,,,,,,,missing,,,false,,,이 분기에 확인된 관측이 없습니다.,,,이 분기에 확인된 관측이 없습니다.,,,,이 분기에 확인된 관측이 없습니다.,false,false,,,이 분기에 확인된 관측이 없습니다.,이 분기에 확인된 관측이 없습니다.
MLCC,avnet-mlcc_high_cv,고용량 MLCC · Avnet 발간 이력 · Avnet Abacus,weeks,2021-Q2,true,latest,1,"[""avnet-2021-04-mlcc_high_cv""]",avnet-2021-04-mlcc_high_cv,2021-04,발간일,2021-04,2021-04,Avnet Abacus,Avnet Abacus 일반 유통시장 · 고용량 MLCC,range,16,52,true,,,바로 이전 분기 대표값 없음,166.666667,,범위 하단끼리·상단끼리 비교. 변화율 구간이나 평균이 아님.,100.0,,2019-Q3,범위 하단끼리·상단끼리 비교. 변화율 구간이나 평균이 아님.,false,false,https://www.avnet.com/wcm/connect/6466625f-04e6-4164-bd2e-9acdd402fc9b/AVA-Lead-Time-Guide-April-2021-EN-Document.pdf?MOD=AJPERES,PDF p.3,분기 내 마지막 확인값 · 원 자료 축 2021-04 (발간일). 분기 평균·분기말 확정값 아님.,2021-04 Avnet Abacus의 고용량 MLCC 리드타임은 16–52+주입니다. 일반 유통시장 집계이며 AI 서버 전용 수치와 범위를 구분합니다. +는 열린 상한으로 보존했습니다.
MLCC,avnet-mlcc_high_cv,고용량 MLCC · Avnet 발간 이력 · Avnet Abacus,weeks,2021-Q3,true,latest,1,"[""avnet-2021-07-mlcc_high_cv""]",avnet-2021-07-mlcc_high_cv,2021-07,발간일,2021-07,2021-07,Avnet Abacus,Avnet Abacus 일반 유통시장 · 고용량 MLCC,range,20,52,true,25.0,,범위 하단끼리·상단끼리 비교. 변화율 구간이나 평균이 아님.,,,전년 동기 대표값 없음 또는 제품 범위 변경,125.0,,2019-Q3,범위 하단끼리·상단끼리 비교. 변화율 구간이나 평균이 아님.,false,false,https://www.avnet.com/wcm/connect/677978a9-b285-4a92-a841-00c85b0cefc5/AVA-Lead-Time-Guide-July-2021-EN-Document.pdf?MOD=AJPERES,PDF p.3,분기 내 마지막 확인값 · 원 자료 축 2021-07 (발간일). 분기 평균·분기말 확정값 아님.,2021-07 Avnet Abacus의 고용량 MLCC 리드타임은 20–52+주입니다. 일반 유통시장 집계이며 AI 서버 전용 수치와 범위를 구분합니다. +는 열린 상한으로 보존했습니다.
MLCC,avnet-mlcc_high_cv,고용량 MLCC · Avnet 발간 이력 · Avnet Abacus,weeks,2021-Q4,false,missing,0,[],,,,,,,,missing,,,false,,,이 분기에 확인된 관측이 없습니다.,,,이 분기에 확인된 관측이 없습니다.,,,,이 분기에 확인된 관측이 없습니다.,false,false,,,이 분기에 확인된 관측이 없습니다.,이 분기에 확인된 관측이 없습니다.
MLCC,avnet-mlcc_high_cv,고용량 MLCC · Avnet 발간 이력 · Avnet Abacus,weeks,2022-Q1,false,missing,0,[],,,,,,,,missing,,,false,,,이 분기에 확인된 관측이 없습니다.,,,이 분기에 확인된 관측이 없습니다.,,,,이 분기에 확인된 관측이 없습니다.,false,false,,,이 분기에 확인된 관측이 없습니다.,이 분기에 확인된 관측이 없습니다.
MLCC,avnet-mlcc_high_cv,고용량 MLCC · Avnet 발간 이력 · Avnet Abacus,weeks,2022-Q2,false,missing,0,[],,,,,,,,missing,,,false,,,이 분기에 확인된 관측이 없습니다.,,,이 분기에 확인된 관측이 없습니다.,,,,이 분기에 확인된 관측이 없습니다.,false,false,,,이 분기에 확인된 관측이 없습니다.,이 분기에 확인된 관측이 없습니다.
MLCC,avnet-mlcc_high_cv,고용량 MLCC · Avnet 발간 이력 · Avnet Abacus,weeks,2022-Q3,false,missing,0,[],,,,,,,,missing,,,false,,,이 분기에 확인된 관측이 없습니다.,,,이 분기에 확인된 관측이 없습니다.,,,,이 분기에 확인된 관측이 없습니다.,false,false,,,이 분기에 확인된 관측이 없습니다.,이 분기에 확인된 관측이 없습니다.
MLCC,avnet-mlcc_high_cv,고용량 MLCC · Avnet 발간 이력 · Avnet Abacus,weeks,2022-Q4,true,latest,1,"[""avnet-2022-12-mlcc_high_cv""]",avnet-2022-12-mlcc_high_cv,2022-12,발간일,2022-12,2022-12,Avnet Abacus,Avnet Abacus 일반 유통시장 · 고용량 MLCC,range,12,52,true,,,바로 이전 분기 대표값 없음,,,전년 동기 대표값 없음 또는 제품 범위 변경,75.0,,2019-Q3,범위 하단끼리·상단끼리 비교. 변화율 구간이나 평균이 아님.,false,false,https://www.avnet.com/wcm/connect/b496febc-6ece-4ee2-a4ae-eae91a34d9d1/AVA-Lead-Time-Guide-December-2022-EN-Document.pdf?MOD=AJPERES,PDF p.3,분기 내 마지막 확인값 · 원 자료 축 2022-12 (발간일). 분기 평균·분기말 확정값 아님.,2022-12 Avnet Abacus의 고용량 MLCC 리드타임은 12–52+주입니다. 일반 유통시장 집계이며 AI 서버 전용 수치와 범위를 구분합니다. +는 열린 상한으로 보존했습니다.
MLCC,avnet-mlcc_high_cv,고용량 MLCC · Avnet 발간 이력 · Avnet Abacus,weeks,2023-Q1,false,missing,0,[],,,,,,,,missing,,,false,,,이 분기에 확인된 관측이 없습니다.,,,이 분기에 확인된 관측이 없습니다.,,,,이 분기에 확인된 관측이 없습니다.,false,false,,,이 분기에 확인된 관측이 없습니다.,이 분기에 확인된 관측이 없습니다.
MLCC,avnet-mlcc_high_cv,고용량 MLCC · Avnet 발간 이력 · Avnet Abacus,weeks,2023-Q2,false,missing,0,[],,,,,,,,missing,,,false,,,이 분기에 확인된 관측이 없습니다.,,,이 분기에 확인된 관측이 없습니다.,,,,이 분기에 확인된 관측이 없습니다.,false,false,,,이 분기에 확인된 관측이 없습니다.,이 분기에 확인된 관측이 없습니다.
MLCC,avnet-mlcc_high_cv,고용량 MLCC · Avnet 발간 이력 · Avnet Abacus,weeks,2023-Q3,false,missing,0,[],,,,,,,,missing,,,false,,,이 분기에 확인된 관측이 없습니다.,,,이 분기에 확인된 관측이 없습니다.,,,,이 분기에 확인된 관측이 없습니다.,false,false,,,이 분기에 확인된 관측이 없습니다.,이 분기에 확인된 관측이 없습니다.
MLCC,avnet-mlcc_high_cv,고용량 MLCC · Avnet 발간 이력 · Avnet Abacus,weeks,2023-Q4,true,latest,1,"[""avnet-2023-11-mlcc_high_cv""]",avnet-2023-11-mlcc_high_cv,2023-11,발간일,2023-11,2023-11,Avnet Abacus,Avnet Abacus 일반 유통시장 · 고용량 MLCC,range,8,26,true,,,바로 이전 분기 대표값 없음,-33.333333,,범위 하단끼리·상단끼리 비교. 변화율 구간이나 평균이 아님.,50.0,,2019-Q3,범위 하단끼리·상단끼리 비교. 변화율 구간이나 평균이 아님.,false,false,https://my.avnet.com/wcm/connect/affeb8c0-65e8-46cb-84bc-15fca9dae0bd/AVA-Lead-Time-Guide-November-2022-EN-Document.pdf?MOD=AJPERES,PDF p.3,분기 내 마지막 확인값 · 원 자료 축 2023-11 (발간일). 분기 평균·분기말 확정값 아님.,2023-11 Avnet Abacus의 고용량 MLCC 리드타임은 8–26+주입니다. 일반 유통시장 집계이며 AI 서버 전용 수치와 범위를 구분합니다. +는 열린 상한으로 보존했습니다.
MLCC,avnet-mlcc_high_cv,고용량 MLCC · Avnet 발간 이력 · Avnet Abacus,weeks,2024-Q1,true,latest,2,"[""avnet-2024-01-mlcc_high_cv"", ""avnet-2024-02-mlcc_high_cv""]",avnet-2024-02-mlcc_high_cv,2024-02,발간일,2024-02,2024-02,Avnet Abacus,Avnet Abacus 일반 유통시장 · 고용량 MLCC,range,8,20,true,0.0,,범위 하단끼리·상단끼리 비교. 변화율 구간이나 평균이 아님.,,,전년 동기 대표값 없음 또는 제품 범위 변경,50.0,,2019-Q3,범위 하단끼리·상단끼리 비교. 변화율 구간이나 평균이 아님.,false,false,https://my.avnet.com/wcm/connect/1c3e37ed-e911-4561-b888-cbea8ac78f55/AVA-Lead-Time-Guide-February-2024-EN-Document.pdf?MOD=AJPERES,PDF p.3,분기 내 마지막 확인값 · 원 자료 축 2024-02 (발간일). 분기 평균·분기말 확정값 아님.,2024-02 가이드의 고용량 MLCC 납기는 8–20+주입니다. 일반 유통시장 보고값이며 AI 서버 전용 집계와 구분합니다. 상한 뒤 +는 더 긴 납기가 가능함을 뜻합니다.
MLCC,avnet-mlcc_high_cv,고용량 MLCC · Avnet 발간 이력 · Avnet Abacus,weeks,2024-Q2,false,missing,0,[],,,,,,,,missing,,,false,,,이 분기에 확인된 관측이 없습니다.,,,이 분기에 확인된 관측이 없습니다.,,,,이 분기에 확인된 관측이 없습니다.,false,false,,,이 분기에 확인된 관측이 없습니다.,이 분기에 확인된 관측이 없습니다.
MLCC,avnet-mlcc_high_cv,고용량 MLCC · Avnet 발간 이력 · Avnet Abacus,weeks,2024-Q3,true,latest,1,"[""avnet-2024-09-mlcc_high_cv""]",avnet-2024-09-mlcc_high_cv,2024-09,발간일,2024-09,2024-09,Avnet Abacus,Avnet Abacus 일반 유통시장 · 고용량 MLCC,range,8,20,true,,,바로 이전 분기 대표값 없음,,,전년 동기 대표값 없음 또는 제품 범위 변경,50.0,,2019-Q3,범위 하단끼리·상단끼리 비교. 변화율 구간이나 평균이 아님.,false,false,https://my.avnet.com/wcm/connect/e9d18ef4-6a53-4f76-b6cf-d63549a0694b/AVA-Lead-Time-Guide-September-2024-EN-Document-aba24037.pdf?MOD=AJPERES,PDF p.3,분기 내 마지막 확인값 · 원 자료 축 2024-09 (발간일). 분기 평균·분기말 확정값 아님.,"2024-09 가이드의 고용량 MLCC 납기는 8–20+주입니다. 일반 유통시장 보고값으로 AI 서버용 집계와 구분합니다. 상한 뒤 +는 이보다 더 길어질 수 있음을 뜻하며, 닫힌 최댓값이 아닙니다."
MLCC,avnet-mlcc_high_cv,고용량 MLCC · Avnet 발간 이력 · Avnet Abacus,weeks,2024-Q4,false,missing,0,[],,,,,,,,missing,,,false,,,이 분기에 확인된 관측이 없습니다.,,,이 분기에 확인된 관측이 없습니다.,,,,이 분기에 확인된 관측이 없습니다.,false,false,,,이 분기에 확인된 관측이 없습니다.,이 분기에 확인된 관측이 없습니다.
MLCC,avnet-mlcc_high_cv,고용량 MLCC · Avnet 발간 이력 · Avnet Abacus,weeks,2025-Q1,false,missing,0,[],,,,,,,,missing,,,false,,,이 분기에 확인된 관측이 없습니다.,,,이 분기에 확인된 관측이 없습니다.,,,,이 분기에 확인된 관측이 없습니다.,false,false,,,이 분기에 확인된 관측이 없습니다.,이 분기에 확인된 관측이 없습니다.
MLCC,avnet-mlcc_high_cv,고용량 MLCC · Avnet 발간 이력 · Avnet Abacus,weeks,2025-Q2,false,missing,0,[],,,,,,,,missing,,,false,,,이 분기에 확인된 관측이 없습니다.,,,이 분기에 확인된 관측이 없습니다.,,,,이 분기에 확인된 관측이 없습니다.,false,false,,,이 분기에 확인된 관측이 없습니다.,이 분기에 확인된 관측이 없습니다.
MLCC,avnet-mlcc_high_cv,고용량 MLCC · Avnet 발간 이력 · Avnet Abacus,weeks,2025-Q3,true,latest,1,"[""avnet-2025-07-mlcc_high_cv""]",avnet-2025-07-mlcc_high_cv,2025-07,발간일,2025-07,2025-07,Avnet Abacus,Avnet Abacus 일반 유통시장 · 고용량 MLCC,range,8,20,true,,,바로 이전 분기 대표값 없음,0.0,,범위 하단끼리·상단끼리 비교. 변화율 구간이나 평균이 아님.,50.0,,2019-Q3,범위 하단끼리·상단끼리 비교. 변화율 구간이나 평균이 아님.,false,false,https://my.avnet.com/wcm/connect/a3326d60-174d-4224-8e1d-f2f5595919a1/AVA-Lead-Time-Guide-July-2025-EN-Document.pdf?MOD=AJPERES,PDF p.3,분기 내 마지막 확인값 · 원 자료 축 2025-07 (발간일). 분기 평균·분기말 확정값 아님.,"2025-07 가이드의 고용량 MLCC 납기는 8–20+주입니다. 일반 유통시장 보고값으로 AI 서버용 집계와 구분합니다. 상한 뒤 +는 이보다 더 길어질 수 있음을 뜻하며, 닫힌 최댓값이 아닙니다."
MLCC,avnet-mlcc_high_cv,고용량 MLCC · Avnet 발간 이력 · Avnet Abacus,weeks,2025-Q4,false,missing,0,[],,,,,,,,missing,,,false,,,이 분기에 확인된 관측이 없습니다.,,,이 분기에 확인된 관측이 없습니다.,,,,이 분기에 확인된 관측이 없습니다.,false,false,,,이 분기에 확인된 관측이 없습니다.,이 분기에 확인된 관측이 없습니다.
MLCC,avnet-mlcc_high_cv,고용량 MLCC · Avnet 발간 이력 · Avnet Abacus,weeks,2026-Q1,false,missing,0,[],,,,,,,,missing,,,false,,,이 분기에 확인된 관측이 없습니다.,,,이 분기에 확인된 관측이 없습니다.,,,,이 분기에 확인된 관측이 없습니다.,false,false,,,이 분기에 확인된 관측이 없습니다.,이 분기에 확인된 관측이 없습니다.
MLCC,avnet-mlcc_high_cv,고용량 MLCC · Avnet 발간 이력 · Avnet Abacus,weeks,2026-Q2,false,missing,0,[],,,,,,,,missing,,,false,,,이 분기에 확인된 관측이 없습니다.,,,이 분기에 확인된 관측이 없습니다.,,,,이 분기에 확인된 관측이 없습니다.,false,false,,,이 분기에 확인된 관측이 없습니다.,이 분기에 확인된 관측이 없습니다.
MLCC,avnet-mlcc_high_cv,고용량 MLCC · Avnet 발간 이력 · Avnet Abacus,weeks,2026-Q3,true,latest,1,"[""avnet-2026-08-mlcc_high_cv""]",avnet-2026-08-mlcc_high_cv,2026-08,발간일,2026-08,2026-08,Avnet Abacus,Avnet Abacus 일반 유통시장 · 고용량 MLCC,range,8,20,true,,,바로 이전 분기 대표값 없음,0.0,,범위 하단끼리·상단끼리 비교. 변화율 구간이나 평균이 아님.,50.0,,2019-Q3,범위 하단끼리·상단끼리 비교. 변화율 구간이나 평균이 아님.,false,false,https://my.avnet.com/wcm/connect/2222f00c-e4dc-4143-899c-4a892756fcc7/AVA-Lead-Time-Guide-August-2026-EN-Document.pdf?MOD=AJPERES,PDF p.3,분기 내 마지막 확인값 · 원 자료 축 2026-08 (발간일). 분기 평균·분기말 확정값 아님.,"2026-08 가이드의 고용량 MLCC 납기는 8–20+주입니다. 일반 유통시장 보고값으로 AI 서버용 집계와 구분합니다. 상한 뒤 +는 이보다 더 길어질 수 있음을 뜻하며, 닫힌 최댓값이 아닙니다."
MLCC,avnet-mlcc_automotive,차량용 MLCC · Avnet 발간 이력 · Avnet Abacus,weeks,2021-Q2,true,latest,1,"[""avnet-2021-04-mlcc_automotive""]",avnet-2021-04-mlcc_automotive,2021-04,발간일,2021-04,2021-04,Avnet Abacus,Avnet Abacus 일반 유통시장 · 차량용 MLCC,range,16,52,true,,,바로 이전 분기 대표값 없음,,,전년 동기 대표값 없음 또는 제품 범위 변경,100.0,,2021-Q2,범위 하단끼리·상단끼리 비교. 변화율 구간이나 평균이 아님.,false,false,https://www.avnet.com/wcm/connect/6466625f-04e6-4164-bd2e-9acdd402fc9b/AVA-Lead-Time-Guide-April-2021-EN-Document.pdf?MOD=AJPERES,PDF p.3,분기 내 마지막 확인값 · 원 자료 축 2021-04 (발간일). 분기 평균·분기말 확정값 아님.,2021-04 Avnet Abacus의 차량용 MLCC 리드타임은 16–52+주입니다. 일반 유통시장 집계이며 AI 서버 전용 수치와 범위를 구분합니다. +는 열린 상한으로 보존했습니다.
MLCC,avnet-mlcc_automotive,차량용 MLCC · Avnet 발간 이력 · Avnet Abacus,weeks,2021-Q3,true,latest,1,"[""avnet-2021-07-mlcc_automotive""]",avnet-2021-07-mlcc_automotive,2021-07,발간일,2021-07,2021-07,Avnet Abacus,Avnet Abacus 일반 유통시장 · 차량용 MLCC,range,16,52,true,0.0,,범위 하단끼리·상단끼리 비교. 변화율 구간이나 평균이 아님.,,,전년 동기 대표값 없음 또는 제품 범위 변경,100.0,,2021-Q2,범위 하단끼리·상단끼리 비교. 변화율 구간이나 평균이 아님.,false,false,https://www.avnet.com/wcm/connect/677978a9-b285-4a92-a841-00c85b0cefc5/AVA-Lead-Time-Guide-July-2021-EN-Document.pdf?MOD=AJPERES,PDF p.3,분기 내 마지막 확인값 · 원 자료 축 2021-07 (발간일). 분기 평균·분기말 확정값 아님.,2021-07 Avnet Abacus의 차량용 MLCC 리드타임은 16–52+주입니다. 일반 유통시장 집계이며 AI 서버 전용 수치와 범위를 구분합니다. +는 열린 상한으로 보존했습니다.
MLCC,avnet-mlcc_automotive,차량용 MLCC · Avnet 발간 이력 · Avnet Abacus,weeks,2021-Q4,false,missing,0,[],,,,,,,,missing,,,false,,,이 분기에 확인된 관측이 없습니다.,,,이 분기에 확인된 관측이 없습니다.,,,,이 분기에 확인된 관측이 없습니다.,false,false,,,이 분기에 확인된 관측이 없습니다.,이 분기에 확인된 관측이 없습니다.
MLCC,avnet-mlcc_automotive,차량용 MLCC · Avnet 발간 이력 · Avnet Abacus,weeks,2022-Q1,false,missing,0,[],,,,,,,,missing,,,false,,,이 분기에 확인된 관측이 없습니다.,,,이 분기에 확인된 관측이 없습니다.,,,,이 분기에 확인된 관측이 없습니다.,false,false,,,이 분기에 확인된 관측이 없습니다.,이 분기에 확인된 관측이 없습니다.
MLCC,avnet-mlcc_automotive,차량용 MLCC · Avnet 발간 이력 · Avnet Abacus,weeks,2022-Q2,false,missing,0,[],,,,,,,,missing,,,false,,,이 분기에 확인된 관측이 없습니다.,,,이 분기에 확인된 관측이 없습니다.,,,,이 분기에 확인된 관측이 없습니다.,false,false,,,이 분기에 확인된 관측이 없습니다.,이 분기에 확인된 관측이 없습니다.
MLCC,avnet-mlcc_automotive,차량용 MLCC · Avnet 발간 이력 · Avnet Abacus,weeks,2022-Q3,false,missing,0,[],,,,,,,,missing,,,false,,,이 분기에 확인된 관측이 없습니다.,,,이 분기에 확인된 관측이 없습니다.,,,,이 분기에 확인된 관측이 없습니다.,false,false,,,이 분기에 확인된 관측이 없습니다.,이 분기에 확인된 관측이 없습니다.
MLCC,avnet-mlcc_automotive,차량용 MLCC · Avnet 발간 이력 · Avnet Abacus,weeks,2022-Q4,true,latest,1,"[""avnet-2022-12-mlcc_automotive""]",avnet-2022-12-mlcc_automotive,2022-12,발간일,2022-12,2022-12,Avnet Abacus,Avnet Abacus 일반 유통시장 · 차량용 MLCC,range,12,52,true,,,바로 이전 분기 대표값 없음,,,전년 동기 대표값 없음 또는 제품 범위 변경,75.0,,2021-Q2,범위 하단끼리·상단끼리 비교. 변화율 구간이나 평균이 아님.,false,false,https://www.avnet.com/wcm/connect/b496febc-6ece-4ee2-a4ae-eae91a34d9d1/AVA-Lead-Time-Guide-December-2022-EN-Document.pdf?MOD=AJPERES,PDF p.3,분기 내 마지막 확인값 · 원 자료 축 2022-12 (발간일). 분기 평균·분기말 확정값 아님.,2022-12 Avnet Abacus의 차량용 MLCC 리드타임은 12–52+주입니다. 일반 유통시장 집계이며 AI 서버 전용 수치와 범위를 구분합니다. +는 열린 상한으로 보존했습니다.
MLCC,avnet-mlcc_automotive,차량용 MLCC · Avnet 발간 이력 · Avnet Abacus,weeks,2023-Q1,false,missing,0,[],,,,,,,,missing,,,false,,,이 분기에 확인된 관측이 없습니다.,,,이 분기에 확인된 관측이 없습니다.,,,,이 분기에 확인된 관측이 없습니다.,false,false,,,이 분기에 확인된 관측이 없습니다.,이 분기에 확인된 관측이 없습니다.
MLCC,avnet-mlcc_automotive,차량용 MLCC · Avnet 발간 이력 · Avnet Abacus,weeks,2023-Q2,false,missing,0,[],,,,,,,,missing,,,false,,,이 분기에 확인된 관측이 없습니다.,,,이 분기에 확인된 관측이 없습니다.,,,,이 분기에 확인된 관측이 없습니다.,false,false,,,이 분기에 확인된 관측이 없습니다.,이 분기에 확인된 관측이 없습니다.
MLCC,avnet-mlcc_automotive,차량용 MLCC · Avnet 발간 이력 · Avnet Abacus,weeks,2023-Q3,false,missing,0,[],,,,,,,,missing,,,false,,,이 분기에 확인된 관측이 없습니다.,,,이 분기에 확인된 관측이 없습니다.,,,,이 분기에 확인된 관측이 없습니다.,false,false,,,이 분기에 확인된 관측이 없습니다.,이 분기에 확인된 관측이 없습니다.
MLCC,avnet-mlcc_automotive,차량용 MLCC · Avnet 발간 이력 · Avnet Abacus,weeks,2023-Q4,true,latest,1,"[""avnet-2023-11-mlcc_automotive""]",avnet-2023-11-mlcc_automotive,2023-11,발간일,2023-11,2023-11,Avnet Abacus,Avnet Abacus 일반 유통시장 · 차량용 MLCC,range,8,26,true,,,바로 이전 분기 대표값 없음,-33.333333,,범위 하단끼리·상단끼리 비교. 변화율 구간이나 평균이 아님.,50.0,,2021-Q2,범위 하단끼리·상단끼리 비교. 변화율 구간이나 평균이 아님.,false,false,https://my.avnet.com/wcm/connect/affeb8c0-65e8-46cb-84bc-15fca9dae0bd/AVA-Lead-Time-Guide-November-2022-EN-Document.pdf?MOD=AJPERES,PDF p.3,분기 내 마지막 확인값 · 원 자료 축 2023-11 (발간일). 분기 평균·분기말 확정값 아님.,2023-11 Avnet Abacus의 차량용 MLCC 리드타임은 8–26+주입니다. 일반 유통시장 집계이며 AI 서버 전용 수치와 범위를 구분합니다. +는 열린 상한으로 보존했습니다.
MLCC,avnet-mlcc_automotive,차량용 MLCC · Avnet 발간 이력 · Avnet Abacus,weeks,2024-Q1,true,latest,2,"[""avnet-2024-01-mlcc_automotive"", ""avnet-2024-02-mlcc_automotive""]",avnet-2024-02-mlcc_automotive,2024-02,발간일,2024-02,2024-02,Avnet Abacus,Avnet Abacus 일반 유통시장 · 차량용 MLCC,range,8,20,true,0.0,,범위 하단끼리·상단끼리 비교. 변화율 구간이나 평균이 아님.,,,전년 동기 대표값 없음 또는 제품 범위 변경,50.0,,2021-Q2,범위 하단끼리·상단끼리 비교. 변화율 구간이나 평균이 아님.,false,false,https://my.avnet.com/wcm/connect/1c3e37ed-e911-4561-b888-cbea8ac78f55/AVA-Lead-Time-Guide-February-2024-EN-Document.pdf?MOD=AJPERES,PDF p.3,분기 내 마지막 확인값 · 원 자료 축 2024-02 (발간일). 분기 평균·분기말 확정값 아님.,2024-02 가이드의 차량용 MLCC 납기는 8–20+주입니다. 일반 유통시장 보고값이며 AI 서버 전용 집계와 구분합니다. 상한 뒤 +는 더 긴 납기가 가능함을 뜻합니다.
MLCC,avnet-mlcc_automotive,차량용 MLCC · Avnet 발간 이력 · Avnet Abacus,weeks,2024-Q2,false,missing,0,[],,,,,,,,missing,,,false,,,이 분기에 확인된 관측이 없습니다.,,,이 분기에 확인된 관측이 없습니다.,,,,이 분기에 확인된 관측이 없습니다.,false,false,,,이 분기에 확인된 관측이 없습니다.,이 분기에 확인된 관측이 없습니다.
MLCC,avnet-mlcc_automotive,차량용 MLCC · Avnet 발간 이력 · Avnet Abacus,weeks,2024-Q3,true,latest,1,"[""avnet-2024-09-mlcc_automotive""]",avnet-2024-09-mlcc_automotive,2024-09,발간일,2024-09,2024-09,Avnet Abacus,Avnet Abacus 일반 유통시장 · 차량용 MLCC,range,8,20,true,,,바로 이전 분기 대표값 없음,,,전년 동기 대표값 없음 또는 제품 범위 변경,50.0,,2021-Q2,범위 하단끼리·상단끼리 비교. 변화율 구간이나 평균이 아님.,false,false,https://my.avnet.com/wcm/connect/e9d18ef4-6a53-4f76-b6cf-d63549a0694b/AVA-Lead-Time-Guide-September-2024-EN-Document-aba24037.pdf?MOD=AJPERES,PDF p.3,분기 내 마지막 확인값 · 원 자료 축 2024-09 (발간일). 분기 평균·분기말 확정값 아님.,"2024-09 가이드의 차량용 MLCC 납기는 8–20+주입니다. 일반 유통시장 보고값으로 AI 서버용 집계와 구분합니다. 상한 뒤 +는 이보다 더 길어질 수 있음을 뜻하며, 닫힌 최댓값이 아닙니다."
MLCC,avnet-mlcc_automotive,차량용 MLCC · Avnet 발간 이력 · Avnet Abacus,weeks,2024-Q4,false,missing,0,[],,,,,,,,missing,,,false,,,이 분기에 확인된 관측이 없습니다.,,,이 분기에 확인된 관측이 없습니다.,,,,이 분기에 확인된 관측이 없습니다.,false,false,,,이 분기에 확인된 관측이 없습니다.,이 분기에 확인된 관측이 없습니다.
MLCC,avnet-mlcc_automotive,차량용 MLCC · Avnet 발간 이력 · Avnet Abacus,weeks,2025-Q1,false,missing,0,[],,,,,,,,missing,,,false,,,이 분기에 확인된 관측이 없습니다.,,,이 분기에 확인된 관측이 없습니다.,,,,이 분기에 확인된 관측이 없습니다.,false,false,,,이 분기에 확인된 관측이 없습니다.,이 분기에 확인된 관측이 없습니다.
MLCC,avnet-mlcc_automotive,차량용 MLCC · Avnet 발간 이력 · Avnet Abacus,weeks,2025-Q2,false,missing,0,[],,,,,,,,missing,,,false,,,이 분기에 확인된 관측이 없습니다.,,,이 분기에 확인된 관측이 없습니다.,,,,이 분기에 확인된 관측이 없습니다.,false,false,,,이 분기에 확인된 관측이 없습니다.,이 분기에 확인된 관측이 없습니다.
MLCC,avnet-mlcc_automotive,차량용 MLCC · Avnet 발간 이력 · Avnet Abacus,weeks,2025-Q3,true,latest,1,"[""avnet-2025-07-mlcc_automotive""]",avnet-2025-07-mlcc_automotive,2025-07,발간일,2025-07,2025-07,Avnet Abacus,Avnet Abacus 일반 유통시장 · 차량용 MLCC,range,8,20,true,,,바로 이전 분기 대표값 없음,0.0,,범위 하단끼리·상단끼리 비교. 변화율 구간이나 평균이 아님.,50.0,,2021-Q2,범위 하단끼리·상단끼리 비교. 변화율 구간이나 평균이 아님.,false,false,https://my.avnet.com/wcm/connect/a3326d60-174d-4224-8e1d-f2f5595919a1/AVA-Lead-Time-Guide-July-2025-EN-Document.pdf?MOD=AJPERES,PDF p.3,분기 내 마지막 확인값 · 원 자료 축 2025-07 (발간일). 분기 평균·분기말 확정값 아님.,"2025-07 가이드의 차량용 MLCC 납기는 8–20+주입니다. 일반 유통시장 보고값으로 AI 서버용 집계와 구분합니다. 상한 뒤 +는 이보다 더 길어질 수 있음을 뜻하며, 닫힌 최댓값이 아닙니다."
MLCC,avnet-mlcc_automotive,차량용 MLCC · Avnet 발간 이력 · Avnet Abacus,weeks,2025-Q4,false,missing,0,[],,,,,,,,missing,,,false,,,이 분기에 확인된 관측이 없습니다.,,,이 분기에 확인된 관측이 없습니다.,,,,이 분기에 확인된 관측이 없습니다.,false,false,,,이 분기에 확인된 관측이 없습니다.,이 분기에 확인된 관측이 없습니다.
MLCC,avnet-mlcc_automotive,차량용 MLCC · Avnet 발간 이력 · Avnet Abacus,weeks,2026-Q1,false,missing,0,[],,,,,,,,missing,,,false,,,이 분기에 확인된 관측이 없습니다.,,,이 분기에 확인된 관측이 없습니다.,,,,이 분기에 확인된 관측이 없습니다.,false,false,,,이 분기에 확인된 관측이 없습니다.,이 분기에 확인된 관측이 없습니다.
MLCC,avnet-mlcc_automotive,차량용 MLCC · Avnet 발간 이력 · Avnet Abacus,weeks,2026-Q2,false,missing,0,[],,,,,,,,missing,,,false,,,이 분기에 확인된 관측이 없습니다.,,,이 분기에 확인된 관측이 없습니다.,,,,이 분기에 확인된 관측이 없습니다.,false,false,,,이 분기에 확인된 관측이 없습니다.,이 분기에 확인된 관측이 없습니다.
MLCC,avnet-mlcc_automotive,차량용 MLCC · Avnet 발간 이력 · Avnet Abacus,weeks,2026-Q3,true,latest,1,"[""avnet-2026-08-mlcc_automotive""]",avnet-2026-08-mlcc_automotive,2026-08,발간일,2026-08,2026-08,Avnet Abacus,Avnet Abacus 일반 유통시장 · 차량용 MLCC,range,8,20,true,,,바로 이전 분기 대표값 없음,0.0,,범위 하단끼리·상단끼리 비교. 변화율 구간이나 평균이 아님.,50.0,,2021-Q2,범위 하단끼리·상단끼리 비교. 변화율 구간이나 평균이 아님.,false,false,https://my.avnet.com/wcm/connect/2222f00c-e4dc-4143-899c-4a892756fcc7/AVA-Lead-Time-Guide-August-2026-EN-Document.pdf?MOD=AJPERES,PDF p.3,분기 내 마지막 확인값 · 원 자료 축 2026-08 (발간일). 분기 평균·분기말 확정값 아님.,"2026-08 가이드의 차량용 MLCC 납기는 8–20+주입니다. 일반 유통시장 보고값으로 AI 서버용 집계와 구분합니다. 상한 뒤 +는 이보다 더 길어질 수 있음을 뜻하며, 닫힌 최댓값이 아닙니다."
MLCC,fusion-greensheet-20260826-mlcc-ai-auto,AI·차량용 고용량 MLCC · Fusion Worldwide · Fusion Worldwide,weeks,2026-Q3,true,latest,1,"[""fusion-greensheet-20260826-mlcc-ai-auto-obs""]",fusion-greensheet-20260826-mlcc-ai-auto-obs,2026-08-26,발간일,2026-08-26,2026-08,Fusion Worldwide,High-capacitance AI server and automotive MLCC; Murata/SEMCO/Taiyo Yuden/Yageo,range,20,50,true,,,바로 이전 분기 대표값 없음,,,전년 동기 대표값 없음 또는 제품 범위 변경,100.0,,2026-Q3,범위 하단끼리·상단끼리 비교. 변화율 구간이나 평균이 아님.,false,false,https://info.fusionww.com/blog/the-greensheet-august-2026,Passives item 1,분기 내 마지막 확인값 · 원 자료 축 2026-08-26 (발간일). 분기 평균·분기말 확정값 아님.,고용량 AI 서버·차량용 MLCC는 20–50+주입니다. 원문 품목군과 열린 상한을 유지합니다.
MLCC,tti-paumanok-mlcc-allcase,MLCC 전체 케이스 평균 · Paumanok · Paumanok / TTI Europe,weeks,2017-Q4,true,latest,1,"[""tti-paumanok-20171204-mlcc""]",tti-paumanok-20171204-mlcc,2017-12-04,발간일,2017-12-04,2017-11,Paumanok / TTI Europe,세계 MLCC 전체 케이스 크기 합산 평균; AI 전용·고용량 단독 집계 아님,about,20,20,false,,,바로 이전 분기 대표값 없음,,,전년 동기 대표값 없음 또는 제품 범위 변경,100.0,100.0,2017-Q4,,false,false,https://www.ttieurope.com/content/ttieurope/en/resources/marketeye/categories/passives/me-zogi-20171204.html,CURRENT MARKET ENVIRONMENT: opening paragraph,분기 내 마지막 확인값 · 원 자료 축 2017-12-04 (발간일). 분기 평균·분기말 확정값 아님.,2017년 11월 세계 MLCC 전체 케이스 합산 평균 납기가 약 20주 수준으로 늘었다고 Paumanok의 직접 기고가 설명합니다. 특정 고용량·AI 품목군 범위와 다릅니다.
MLCC,vishay-commercial-mlcc,Vishay 상용 MLCC 생산주문 · Vishay Intertechnology,weeks,2018-Q1,true,latest,1,"[""vishay-mlcc-20180308-commercial""]",vishay-mlcc-20180308-commercial,2018-03-08,발간일,2018-03-08,2018-03-08,Vishay Intertechnology,"Vishay NP0/X7R 0402·0603·0805·1206·1210·1812, SMD/리드형, 공지된 생산주문",range,12,14,false,,,바로 이전 분기 대표값 없음,,,전년 동기 대표값 없음 또는 제품 범위 변경,100.0,100.0,2018-Q1,범위 하단끼리·상단끼리 비교. 변화율 구간이나 평균이 아님.,false,false,https://www.globenewswire.com/news-release/2018/03/08/1418583/0/en/Vishay-Intertechnology-Announces-Support-for-Commercial-MLCCs-Being-Discontinued-by-Certain-Suppliers.html,body paragraphs 2–3: named NP0/X7R range and production orders,분기 내 마지막 확인값 · 원 자료 축 2018-03-08 (발간일). 분기 평균·분기말 확정값 아님.,Vishay가 공급하는 공지 대상 NP0/X7R 상용 MLCC의 생산 주문 납기는 보통 12–14주였습니다. 모든 업체의 시장 평균으로 해석하지 않습니다.
MLCC,tti-mlcc-small-auto,차량용 MLCC · 소형 · TTI · TTI,weeks,2020-Q4,true,latest,1,"[""tti-mlcc-20201123-small-auto""]",tti-mlcc-20201123-small-auto,2020-11-23,발간일,2020-11-23,2020-11-23,TTI,"0201/0402, low-CV 및 high-CV 차량용",about,24,24,false,,,바로 이전 분기 대표값 없음,,,전년 동기 대표값 없음 또는 제품 범위 변경,100.0,100.0,2020-Q4,,false,false,https://www.tti.com/content/ttiinc/en/resources/marketeye/categories/tti-insights/me-ray-20201123.html,Here is what we see developing in the market right now: bullets 2–4,분기 내 마지막 확인값 · 원 자료 축 2020-11-23 (발간일). 분기 평균·분기말 확정값 아님.,"TTI가 직접 관찰한 0201/0402, low-CV 및 high-CV 차량용 MLCC 납기는 약 24주입니다. 케이스 크기와 등급이 다른 집계 사이 변화율은 참고 비교로만 사용합니다."
MLCC,tti-mlcc-large-highcv-auto,차량용 고용량 MLCC · 대형 · TTI · TTI,weeks,2020-Q4,true,latest,1,"[""tti-mlcc-20201123-large-highcv-auto""]",tti-mlcc-20201123-large-highcv-auto,2020-11-23,발간일,2020-11-23,2020-11-23,TTI,"≥0603, high-CV 차량용",range,20,24,false,,,바로 이전 분기 대표값 없음,,,전년 동기 대표값 없음 또는 제품 범위 변경,100.0,100.0,2020-Q4,범위 하단끼리·상단끼리 비교. 변화율 구간이나 평균이 아님.,false,false,https://www.tti.com/content/ttiinc/en/resources/marketeye/categories/tti-insights/me-ray-20201123.html,Here is what we see developing in the market right now: bullets 2–4,분기 내 마지막 확인값 · 원 자료 축 2020-11-23 (발간일). 분기 평균·분기말 확정값 아님.,"TTI가 직접 관찰한 ≥0603, high-CV 차량용 MLCC 납기는 20–24주입니다. 케이스 크기와 등급이 다른 집계 사이 변화율은 참고 비교로만 사용합니다."
MLCC,tti-mlcc-large-lowcv-commercial,상용 저용량 MLCC · 대형 · TTI · TTI,weeks,2020-Q4,true,latest,1,"[""tti-mlcc-20201123-large-lowcv-commercial""]",tti-mlcc-20201123-large-lowcv-commercial,2020-11-23,발간일,2020-11-23,2020-11-23,TTI,"≥0603, low-CV 상용",range,17,22,false,,,바로 이전 분기 대표값 없음,,,전년 동기 대표값 없음 또는 제품 범위 변경,100.0,100.0,2020-Q4,범위 하단끼리·상단끼리 비교. 변화율 구간이나 평균이 아님.,false,false,https://www.tti.com/content/ttiinc/en/resources/marketeye/categories/tti-insights/me-ray-20201123.html,Here is what we see developing in the market right now: bullets 2–4,분기 내 마지막 확인값 · 원 자료 축 2020-11-23 (발간일). 분기 평균·분기말 확정값 아님.,"TTI가 직접 관찰한 ≥0603, low-CV 상용 MLCC 납기는 17–22주입니다. 케이스 크기와 등급이 다른 집계 사이 변화율은 참고 비교로만 사용합니다."
MLCC,tti-mlcc-1206-2220,MLCC · 1206–2220 · TTI · TTI,weeks,2020-Q4,true,latest,1,"[""tti-mlcc-20201123-1206-2220""]",tti-mlcc-20201123-1206-2220,2020-11-23,발간일,2020-11-23,2020-11-23,TTI,"1206–2220, low-CV/high-CV, 상용·차량용",range,20,24,false,,,바로 이전 분기 대표값 없음,,,전년 동기 대표값 없음 또는 제품 범위 변경,100.0,100.0,2020-Q4,범위 하단끼리·상단끼리 비교. 변화율 구간이나 평균이 아님.,false,false,https://www.tti.com/content/ttiinc/en/resources/marketeye/categories/tti-insights/me-ray-20201123.html,Here is what we see developing in the market right now: bullets 2–4,분기 내 마지막 확인값 · 원 자료 축 2020-11-23 (발간일). 분기 평균·분기말 확정값 아님.,"TTI가 직접 관찰한 1206–2220, low-CV/high-CV, 상용·차량용 MLCC 납기는 20–24주입니다. 케이스 크기와 등급이 다른 집계 사이 변화율은 참고 비교로만 사용합니다."
HBM,fusion-hbm-skhynix-20241030,SK hynix HBM 신규 주문 · Fusion Worldwide,months,2024-Q4,true,latest,1,"[""fusion-hbm-skhynix-20241030""]",fusion-hbm-skhynix-20241030,2024-10-30,발간일,2024-10-30,2024-10,Fusion Worldwide,SK hynix 신규 HBM 주문; 세대·밀도 미공개,more_than,12,,false,,,바로 이전 분기 대표값 없음,,,전년 동기 대표값 없음 또는 제품 범위 변경,,,2024-Q4,미만·이상 등 경계값은 실제 관측값이 아님,false,false,https://info.fusionww.com/blog/the-greensheet-october-2024,High Bandwidth Memory (HBM) / October Trends / Products with Notable Demand Increases,분기 내 마지막 확인값 · 원 자료 축 2024-10-30 (발간일). 분기 평균·분기말 확정값 아님.,SK hynix 신규 HBM 주문 납기는 1년 초과입니다. 원문 over a year를 보존하고 달력 단위 1년=12개월로만 표시했습니다. 세대·밀도는 미공개이며 공급능력 예약이나 재고 주수와 구분합니다.
NIC · 네트워크 스위치,fusion-nic-20260713-nic,NIC ConnectX-7 · Fusion Worldwide · Fusion Worldwide,weeks,2026-Q3,true,latest,1,"[""fusion-nic-20260713-nic-obs""]",fusion-nic-20260713-nic-obs,2026-07-13,발간일,2026-07-13,2026-07-13,Fusion Worldwide,200G dual-port / 400G single-port ConnectX-7,at_least,52,,false,,,바로 이전 분기 대표값 없음,,,전년 동기 대표값 없음 또는 제품 범위 변경,,,2026-Q3,미만·이상 등 경계값은 실제 관측값이 아님,false,false,https://info.fusionww.com/blog/nic-lead-times-just-hit-52-weeks.-what-chinas-h200-move-means-for-whats-next,current lead time paragraphs and product table,분기 내 마지막 확인값 · 원 자료 축 2026-07-13 (발간일). 분기 평균·분기말 확정값 아님.,ConnectX-7의 해당 200G·400G 변형은 52주 이상입니다. 날짜가 명확하지 않은 종전 납기는 새 과거점으로 만들지 않았습니다.
NIC · 네트워크 스위치,fusion-nic-20260713-switch,네트워크 스위치 · Fusion Worldwide · Fusion Worldwide,weeks,2026-Q3,true,latest,1,"[""fusion-nic-20260713-switch-obs""]",fusion-nic-20260713-switch-obs,2026-07-13,발간일,2026-07-13,2026-07-13,Fusion Worldwide,NVIDIA MQM9790-NS2F,exact,42,42,false,,,바로 이전 분기 대표값 없음,,,전년 동기 대표값 없음 또는 제품 범위 변경,100.0,100.0,2026-Q3,,false,false,https://info.fusionww.com/blog/nic-lead-times-just-hit-52-weeks.-what-chinas-h200-move-means-for-whats-next,current lead time paragraphs and product table,분기 내 마지막 확인값 · 원 자료 축 2026-07-13 (발간일). 분기 평균·분기말 확정값 아님.,MQM9790-NS2F 납기는 42주입니다. 기사에 함께 제시된 종전 22주는 날짜가 없어 시계열에서 제외했습니다.
NIC · 네트워크 스위치,fusion-greensheet-20260826-nic-transceivers,NIC·광모듈 복합 · Fusion Worldwide · Fusion Worldwide,weeks,2026-Q3,true,latest,1,"[""fusion-greensheet-20260826-nic-transceivers-obs""]",fusion-greensheet-20260826-nic-transceivers-obs,2026-08-26,발간일,2026-08-26,2026-08,Fusion Worldwide,Mellanox/NVIDIA ConnectX-6/7/8 NICs and 400G/800G transceivers,range,20,30,true,,,바로 이전 분기 대표값 없음,,,전년 동기 대표값 없음 또는 제품 범위 변경,100.0,,2026-Q3,범위 하단끼리·상단끼리 비교. 변화율 구간이나 평균이 아님.,false,false,https://info.fusionww.com/blog/the-greensheet-august-2026,Networking item 2,분기 내 마지막 확인값 · 원 자료 축 2026-08-26 (발간일). 분기 평균·분기말 확정값 아님.,"NIC와 광모듈을 함께 보고한 20–30+주이며, ConnectX-7 전용 이력과 혼합하지 않습니다."
NIC · 네트워크 스위치,fusion-q1-2026-switch,고기수 네트워크 스위치 · Fusion Worldwide · Fusion Worldwide,weeks,2026-Q2,true,latest,1,"[""fusion-q1-2026-switch-obs""]",fusion-q1-2026-switch-obs,2026-04-15,발간일,2026-04-15,2026-Q1,Fusion Worldwide,High-radix network switches; Q1 category table,exact,52,52,false,,,바로 이전 분기 대표값 없음,,,전년 동기 대표값 없음 또는 제품 범위 변경,100.0,100.0,2026-Q2,,false,false,https://info.fusionww.com/blog/state-of-the-industry-q1-2026,"PDF physical p.13 / printed11, category table and attribution footnote",분기 내 마지막 확인값 · 원 자료 축 2026-04-15 (발간일). 분기 평균·분기말 확정값 아님.,2026Q1 표값은 52주이며 Fusion 자체 유통시장 조사로 출처가 표시됐습니다. 원문 상태 Critical는 TrendForce 상태 등급으로 바꾸지 않습니다. 본문의 네트워크 스위치 40–56주 표현도 함께 기록하되 동일 관측으로 중복 추가하지 않습니다.
NIC · 네트워크 스위치,history-nic-202111,Mellanox CX NIC · Fusion Worldwide,weeks,2021-Q4,true,latest,1,"[""history-nic-202111""]",history-nic-202111,2021-12-02,발간일,2021-12-02,2021-12-02,Fusion Worldwide,Mellanox CX series network adapter cards; generation mix,range,26,32,false,,,바로 이전 분기 대표값 없음,,,전년 동기 대표값 없음 또는 제품 범위 변경,100.0,100.0,2021-Q4,범위 하단끼리·상단끼리 비교. 변화율 구간이나 평균이 아님.,false,false,https://info.fusionww.com/resources/the-greensheet-2021-november,FINISHED PRODUCTS / Mellanox network adaptor cards backlogged until 2022,분기 내 마지막 확인값 · 원 자료 축 2021-12-02 (발간일). 분기 평균·분기말 확정값 아님.,Mellanox CX 계열 네트워크 어댑터 납기는 26–32주입니다.
NIC · 네트워크 스위치,history-nic-202203,Mellanox MCX5·MCX6 NIC · Fusion Worldwide,weeks,2022-Q2,true,latest,1,"[""history-nic-202203""]",history-nic-202203,2022-04-21,발간일,2022-04-21,2022-04-21,Fusion Worldwide,Mellanox network adapter cards; MCX5/MCX6 highlighted,range,26,32,false,,,바로 이전 분기 대표값 없음,,,전년 동기 대표값 없음 또는 제품 범위 변경,100.0,100.0,2022-Q2,범위 하단끼리·상단끼리 비교. 변화율 구간이나 평균이 아님.,false,false,https://info.fusionww.com/blog/the-greensheet-2022-0march,FINISHED PRODUCTS / Tight supply of Mellanox network adapter cards,분기 내 마지막 확인값 · 원 자료 축 2022-04-21 (발간일). 분기 평균·분기말 확정값 아님.,Mellanox NIC 납기는 26–32주이며 MCX5·MCX6 공급이 가장 부족합니다.
NIC · 네트워크 스위치,history-nic-202206,Mellanox MCX6 NIC · Fusion Worldwide,weeks,2022-Q3,true,latest,1,"[""history-nic-202206""]",history-nic-202206,2022-07-13,발간일,2022-07-13,2022-07-13,Fusion Worldwide,Mellanox MCX6 average lead time,exact,32,32,false,,,바로 이전 분기 대표값 없음,,,전년 동기 대표값 없음 또는 제품 범위 변경,100.0,100.0,2022-Q3,,false,false,https://info.fusionww.com/blog/the-greensheet-2022-0june-0-0,FINISHED PRODUCTS / Mellanox Among Adapter Card Manufacturers Feeling Supply Chain Pressure,분기 내 마지막 확인값 · 원 자료 축 2022-07-13 (발간일). 분기 평균·분기말 확정값 아님.,Mellanox MCX6 평균 납기는 32주입니다. MCX4·MCX5와 범위가 다른 단일 세대 자료입니다.
NIC · 네트워크 스위치,history-nic-202209,Mellanox NIC 전체 · Fusion Worldwide,weeks,2022-Q4,true,latest,1,"[""history-nic-202209""]",history-nic-202209,2022-10-04,발간일,2022-10-04,2022-10-04,Fusion Worldwide,"Mellanox cards new booking orders; MCX4/5 recovery, MCX6 remains constrained",about,20,20,false,,,바로 이전 분기 대표값 없음,,,전년 동기 대표값 없음 또는 제품 범위 변경,100.0,100.0,2022-Q4,,false,false,https://info.fusionww.com/blog/the-greensheet-2022-september-0,GPU / Buyers market emerges for some MCX series,분기 내 마지막 확인값 · 원 자료 축 2022-10-04 (발간일). 분기 평균·분기말 확정값 아님.,Mellanox 신규 주문 납기는 약 20주입니다. 종전 32주의 정확한 시점은 따로 제시하지 않았습니다.
NIC · 네트워크 스위치,history-switch-202301,Mellanox 7800·7890 스위치 · Fusion Worldwide,months,2023-Q1,true,latest,1,"[""history-switch-202301""]",history-switch-202301,2023-01-04,발간일,2023-01-04,2023-01-04,Fusion Worldwide,Mellanox switches; 7800/7890 most affected,range,8,12,false,,,바로 이전 분기 대표값 없음,,,전년 동기 대표값 없음 또는 제품 범위 변경,100.0,100.0,2023-Q1,범위 하단끼리·상단끼리 비교. 변화율 구간이나 평균이 아님.,false,false,https://info.fusionww.com/blog/the-greensheet-january-2023,"Hardware / While most products see supply improvements, Mellanox switches remain constrained",분기 내 마지막 확인값 · 원 자료 축 2023-01-04 (발간일). 분기 평균·분기말 확정값 아님.,Mellanox 스위치 납기는 8–12개월이며 7800·7890 계열이 가장 큰 영향을 받습니다. 원문 개월 단위를 보존합니다.
NIC · 네트워크 스위치,history-nic-switch-202305,Mellanox NIC·스위치 복합 · Fusion Worldwide,weeks,2023-Q2,true,latest,1,"[""history-nic-switch-202305""]",history-nic-switch-202305,2023-05-03,발간일,2023-05-03,2023-05-03,Fusion Worldwide,Most Mellanox product lines; switches and NIC cards mixed; minimum quoted range,range,8,10,true,,,바로 이전 분기 대표값 없음,,,전년 동기 대표값 없음 또는 제품 범위 변경,100.0,,2023-Q2,범위 하단끼리·상단끼리 비교. 변화율 구간이나 평균이 아님.,false,false,https://info.fusionww.com/blog/the-greensheet-may-2023,"Hardware / AI Causes An Order Uptick for GPUs, Switches and NIC Cards",분기 내 마지막 확인값 · 원 자료 축 2023-05-03 (발간일). 분기 평균·분기말 확정값 아님.,Mellanox 스위치·NIC의 표준 주문 납기는 최소 8–10주 수준입니다. NIC 전용 시계열과 구분합니다.
NIC · 네트워크 스위치,history-nic-202307,Mellanox MCX6·MCX7 NIC · Fusion Worldwide,weeks,2023-Q2,true,latest,1,"[""history-nic-202307""]",history-nic-202307,2023-06-30,발간일,2023-06-30,2023-06-30,Fusion Worldwide,Most Mellanox MCX6 and MCX7 Ethernet cards,range,10,15,false,,,바로 이전 분기 대표값 없음,,,전년 동기 대표값 없음 또는 제품 범위 변경,100.0,100.0,2023-Q2,범위 하단끼리·상단끼리 비교. 변화율 구간이나 평균이 아님.,false,false,https://info.fusionww.com/blog/the-greensheet-july-2023,Hardware / Mellanox Booking Prices May Increase Due to the AI Industry,분기 내 마지막 확인값 · 원 자료 축 2023-06-30 (발간일). 분기 평균·분기말 확정값 아님.,Mellanox MCX6·MCX7 이더넷 카드 다수의 납기는 10–15주입니다.
NIC · 네트워크 스위치,history-switch-202307,Mellanox 200GB 스위치 · Fusion Worldwide,weeks,2023-Q2,true,latest,1,"[""history-switch-202307""]",history-switch-202307,2023-06-30,발간일,2023-06-30,2023-06-30,Fusion Worldwide,"Mellanox high-end 200GB switches (original says GB, not silently changed to Gbps)",more_than,30,,false,,,바로 이전 분기 대표값 없음,,,전년 동기 대표값 없음 또는 제품 범위 변경,,,2023-Q2,미만·이상 등 경계값은 실제 관측값이 아님,false,false,https://info.fusionww.com/blog/the-greensheet-july-2023,Hardware / Mellanox Booking Prices May Increase Due to the AI Industry,분기 내 마지막 확인값 · 원 자료 축 2023-06-30 (발간일). 분기 평균·분기말 확정값 아님.,Mellanox 고성능 스위치의 당시 추정 납기는 30주 초과입니다. 원문 표기 200GB를 임의로 수정하지 않았습니다.
NIC · 네트워크 스위치,history-network-202312,고급 스위치·NIC·광모듈 · Fusion Worldwide,months,2023-Q4,true,latest,1,"[""history-network-202312""]",history-network-202312,2023-12-12,발간일,2023-12-12,2023-12-12,Fusion Worldwide,"High-end switches, NIC and optical transceivers; most networking products",range,3,6,false,,,바로 이전 분기 대표값 없음,,,전년 동기 대표값 없음 또는 제품 범위 변경,100.0,100.0,2023-Q4,범위 하단끼리·상단끼리 비교. 변화율 구간이나 평균이 아님.,false,false,https://info.fusionww.com/blog/the-greensheet-december-2023,Hardware / Booking Lead Times Continue to Extend for Networking Products,분기 내 마지막 확인값 · 원 자료 축 2023-12-12 (발간일). 분기 평균·분기말 확정값 아님.,고급 스위치·NIC·광모듈 수요가 늘며 대부분 네트워크 제품의 신규 주문 납기가 3–6개월입니다.
NIC · 네트워크 스위치,history-nic-202602,Mellanox ConnectX-7 NIC · Fusion Worldwide,weeks,2026-Q1,true,latest,1,"[""history-nic-202602""]",history-nic-202602,2026-02-25,발간일,2026-02-25,2026-02-25,Fusion Worldwide,Mellanox ConnectX7; specific speeds unspecified,range,20,50,false,,,바로 이전 분기 대표값 없음,,,전년 동기 대표값 없음 또는 제품 범위 변경,100.0,100.0,2026-Q1,범위 하단끼리·상단끼리 비교. 변화율 구간이나 평균이 아님.,false,false,https://info.fusionww.com/blog/the-greensheet-february-2026,Networking / EOL Waves and Switch Delays,분기 내 마지막 확인값 · 원 자료 축 2026-02-25 (발간일). 분기 평균·분기말 확정값 아님.,본문 ConnectX-7 납기는 20–50주입니다. 요약의 50주 이상이라는 표현과 범위가 달라 불일치를 남깁니다. 종전 2–4주는 날짜가 없어 추가하지 않습니다.
NIC · 네트워크 스위치,history-nic-202606,Mellanox CX6·CX7 NIC · Fusion Worldwide,weeks,2026-Q2,true,latest,1,"[""history-nic-202606""]",history-nic-202606,2026-06-24,발간일,2026-06-24,2026-06-24,Fusion Worldwide,"Mellanox CX6 and CX7, 100G/200G/400G NICs",range,30,52,false,,,바로 이전 분기 대표값 없음,,,전년 동기 대표값 없음 또는 제품 범위 변경,100.0,100.0,2026-Q2,범위 하단끼리·상단끼리 비교. 변화율 구간이나 평균이 아님.,false,false,https://info.fusionww.com/blog/the-greensheet-june-2026,Networking / Constrained Supply Waves and Switch Delays,분기 내 마지막 확인값 · 원 자료 축 2026-06-24 (발간일). 분기 평균·분기말 확정값 아님.,Mellanox CX6·CX7의 100G·200G·400G NIC 납기는 30–52주입니다.
공랭식 칠러,linesight-jun26-air-chiller,공랭식 칠러 · 북미 분기 이력 · Linesight,weeks,2024-Q1,true,latest,1,"[""linesight-jun26-air-chiller-2024-Q1""]",linesight-jun26-air-chiller-2024-Q1,2024-Q1,자료 기준 분기,2026-06,2024-Q1,Linesight,"미국·캐나다 · ACC, 1,200–1,400 kW · June 2026 보고서의 과거 분기값",exact,42,42,false,,,바로 이전 분기 대표값 없음,,,전년 동기 대표값 없음 또는 제품 범위 변경,100.0,100.0,2024-Q1,,false,false,https://insights.linesight.com/cmi-2026-june/industry-trends-and-supply-chain-dynamics-2026-americas/supply-chain,"Equipment lead times, chartData.data; 2024 Q1 to 2025 Q4; 2026 (e)/(f) excluded",분기 내 마지막 확인값 · 원 자료 축 2024-Q1 (자료 기준 분기). 분기 평균·분기말 확정값 아님.,"2024-Q1 미국·캐나다의 공랭식 칠러 보고 납기는 42주입니다. 사양은 ACC, 1,200–1,400 kW입니다. 2026년 6월 보고서에 수록된 과거 분기값이며, 현재 발주 견적을 뜻하지 않습니다."
공랭식 칠러,linesight-jun26-air-chiller,공랭식 칠러 · 북미 분기 이력 · Linesight,weeks,2024-Q2,true,latest,1,"[""linesight-jun26-air-chiller-2024-Q2""]",linesight-jun26-air-chiller-2024-Q2,2024-Q2,자료 기준 분기,2026-06,2024-Q2,Linesight,"미국·캐나다 · ACC, 1,200–1,400 kW · June 2026 보고서의 과거 분기값",exact,42,42,false,0.0,0.0,,,,전년 동기 대표값 없음 또는 제품 범위 변경,100.0,100.0,2024-Q1,,false,false,https://insights.linesight.com/cmi-2026-june/industry-trends-and-supply-chain-dynamics-2026-americas/supply-chain,"Equipment lead times, chartData.data; 2024 Q1 to 2025 Q4; 2026 (e)/(f) excluded",분기 내 마지막 확인값 · 원 자료 축 2024-Q2 (자료 기준 분기). 분기 평균·분기말 확정값 아님.,"2024-Q2 미국·캐나다의 공랭식 칠러 보고 납기는 42주입니다. 사양은 ACC, 1,200–1,400 kW입니다. 2026년 6월 보고서에 수록된 과거 분기값이며, 현재 발주 견적을 뜻하지 않습니다."
공랭식 칠러,linesight-jun26-air-chiller,공랭식 칠러 · 북미 분기 이력 · Linesight,weeks,2024-Q3,true,latest,1,"[""linesight-jun26-air-chiller-2024-Q3""]",linesight-jun26-air-chiller-2024-Q3,2024-Q3,자료 기준 분기,2026-06,2024-Q3,Linesight,"미국·캐나다 · ACC, 1,200–1,400 kW · June 2026 보고서의 과거 분기값",exact,42,42,false,0.0,0.0,,,,전년 동기 대표값 없음 또는 제품 범위 변경,100.0,100.0,2024-Q1,,false,false,https://insights.linesight.com/cmi-2026-june/industry-trends-and-supply-chain-dynamics-2026-americas/supply-chain,"Equipment lead times, chartData.data; 2024 Q1 to 2025 Q4; 2026 (e)/(f) excluded",분기 내 마지막 확인값 · 원 자료 축 2024-Q3 (자료 기준 분기). 분기 평균·분기말 확정값 아님.,"2024-Q3 미국·캐나다의 공랭식 칠러 보고 납기는 42주입니다. 사양은 ACC, 1,200–1,400 kW입니다. 2026년 6월 보고서에 수록된 과거 분기값이며, 현재 발주 견적을 뜻하지 않습니다."
공랭식 칠러,linesight-jun26-air-chiller,공랭식 칠러 · 북미 분기 이력 · Linesight,weeks,2024-Q4,true,latest,1,"[""linesight-jun26-air-chiller-2024-Q4""]",linesight-jun26-air-chiller-2024-Q4,2024-Q4,자료 기준 분기,2026-06,2024-Q4,Linesight,"미국·캐나다 · ACC, 1,200–1,400 kW · June 2026 보고서의 과거 분기값",exact,42,42,false,0.0,0.0,,,,전년 동기 대표값 없음 또는 제품 범위 변경,100.0,100.0,2024-Q1,,false,false,https://insights.linesight.com/cmi-2026-june/industry-trends-and-supply-chain-dynamics-2026-americas/supply-chain,"Equipment lead times, chartData.data; 2024 Q1 to 2025 Q4; 2026 (e)/(f) excluded",분기 내 마지막 확인값 · 원 자료 축 2024-Q4 (자료 기준 분기). 분기 평균·분기말 확정값 아님.,"2024-Q4 미국·캐나다의 공랭식 칠러 보고 납기는 42주입니다. 사양은 ACC, 1,200–1,400 kW입니다. 2026년 6월 보고서에 수록된 과거 분기값이며, 현재 발주 견적을 뜻하지 않습니다."
공랭식 칠러,linesight-jun26-air-chiller,공랭식 칠러 · 북미 분기 이력 · Linesight,weeks,2025-Q1,true,latest,1,"[""linesight-jun26-air-chiller-2025-Q1""]",linesight-jun26-air-chiller-2025-Q1,2025-Q1,자료 기준 분기,2026-06,2025-Q1,Linesight,"미국·캐나다 · ACC, 1,200–1,400 kW · June 2026 보고서의 과거 분기값",exact,43,43,false,2.380952,2.380952,,2.380952,2.380952,,102.380952,102.380952,2024-Q1,,false,false,https://insights.linesight.com/cmi-2026-june/industry-trends-and-supply-chain-dynamics-2026-americas/supply-chain,"Equipment lead times, chartData.data; 2024 Q1 to 2025 Q4; 2026 (e)/(f) excluded",분기 내 마지막 확인값 · 원 자료 축 2025-Q1 (자료 기준 분기). 분기 평균·분기말 확정값 아님.,"2025-Q1 미국·캐나다의 공랭식 칠러 보고 납기는 43주입니다. 사양은 ACC, 1,200–1,400 kW입니다. 2026년 6월 보고서에 수록된 과거 분기값이며, 현재 발주 견적을 뜻하지 않습니다."
공랭식 칠러,linesight-jun26-air-chiller,공랭식 칠러 · 북미 분기 이력 · Linesight,weeks,2025-Q2,true,latest,1,"[""linesight-jun26-air-chiller-2025-Q2""]",linesight-jun26-air-chiller-2025-Q2,2025-Q2,자료 기준 분기,2026-06,2025-Q2,Linesight,"미국·캐나다 · ACC, 1,200–1,400 kW · June 2026 보고서의 과거 분기값",exact,43,43,false,0.0,0.0,,2.380952,2.380952,,102.380952,102.380952,2024-Q1,,false,false,https://insights.linesight.com/cmi-2026-june/industry-trends-and-supply-chain-dynamics-2026-americas/supply-chain,"Equipment lead times, chartData.data; 2024 Q1 to 2025 Q4; 2026 (e)/(f) excluded",분기 내 마지막 확인값 · 원 자료 축 2025-Q2 (자료 기준 분기). 분기 평균·분기말 확정값 아님.,"2025-Q2 미국·캐나다의 공랭식 칠러 보고 납기는 43주입니다. 사양은 ACC, 1,200–1,400 kW입니다. 2026년 6월 보고서에 수록된 과거 분기값이며, 현재 발주 견적을 뜻하지 않습니다."
공랭식 칠러,linesight-jun26-air-chiller,공랭식 칠러 · 북미 분기 이력 · Linesight,weeks,2025-Q3,true,latest,1,"[""linesight-jun26-air-chiller-2025-Q3""]",linesight-jun26-air-chiller-2025-Q3,2025-Q3,자료 기준 분기,2026-06,2025-Q3,Linesight,"미국·캐나다 · ACC, 1,200–1,400 kW · June 2026 보고서의 과거 분기값",exact,43,43,false,0.0,0.0,,2.380952,2.380952,,102.380952,102.380952,2024-Q1,,false,false,https://insights.linesight.com/cmi-2026-june/industry-trends-and-supply-chain-dynamics-2026-americas/supply-chain,"Equipment lead times, chartData.data; 2024 Q1 to 2025 Q4; 2026 (e)/(f) excluded",분기 내 마지막 확인값 · 원 자료 축 2025-Q3 (자료 기준 분기). 분기 평균·분기말 확정값 아님.,"2025-Q3 미국·캐나다의 공랭식 칠러 보고 납기는 43주입니다. 사양은 ACC, 1,200–1,400 kW입니다. 2026년 6월 보고서에 수록된 과거 분기값이며, 현재 발주 견적을 뜻하지 않습니다."
공랭식 칠러,linesight-jun26-air-chiller,공랭식 칠러 · 북미 분기 이력 · Linesight,weeks,2025-Q4,true,latest,1,"[""linesight-jun26-air-chiller-2025-Q4""]",linesight-jun26-air-chiller-2025-Q4,2025-Q4,자료 기준 분기,2026-06,2025-Q4,Linesight,"미국·캐나다 · ACC, 1,200–1,400 kW · June 2026 보고서의 과거 분기값",exact,43,43,false,0.0,0.0,,2.380952,2.380952,,102.380952,102.380952,2024-Q1,,false,false,https://insights.linesight.com/cmi-2026-june/industry-trends-and-supply-chain-dynamics-2026-americas/supply-chain,"Equipment lead times, chartData.data; 2024 Q1 to 2025 Q4; 2026 (e)/(f) excluded",분기 내 마지막 확인값 · 원 자료 축 2025-Q4 (자료 기준 분기). 분기 평균·분기말 확정값 아님.,"2025-Q4 미국·캐나다의 공랭식 칠러 보고 납기는 43주입니다. 사양은 ACC, 1,200–1,400 kW입니다. 2026년 6월 보고서에 수록된 과거 분기값이며, 현재 발주 견적을 뜻하지 않습니다."
CRAH,linesight-jun26-crah,CRAH · 북미 분기 이력 · Linesight,weeks,2024-Q1,true,latest,1,"[""linesight-jun26-crah-2024-Q1""]",linesight-jun26-crah-2024-Q1,2024-Q1,자료 기준 분기,2026-06,2024-Q1,Linesight,"미국·캐나다 · CRAH, 100–150 kW · June 2026 보고서의 과거 분기값",exact,20,20,false,,,바로 이전 분기 대표값 없음,,,전년 동기 대표값 없음 또는 제품 범위 변경,100.0,100.0,2024-Q1,,false,false,https://insights.linesight.com/cmi-2026-june/industry-trends-and-supply-chain-dynamics-2026-americas/supply-chain,"Equipment lead times, chartData.data; 2024 Q1 to 2025 Q4; 2026 (e)/(f) excluded",분기 내 마지막 확인값 · 원 자료 축 2024-Q1 (자료 기준 분기). 분기 평균·분기말 확정값 아님.,"2024-Q1 미국·캐나다의 CRAH 보고 납기는 20주입니다. 사양은 CRAH, 100–150 kW입니다. 2026년 6월 보고서에 수록된 과거 분기값이며, 현재 발주 견적을 뜻하지 않습니다."
CRAH,linesight-jun26-crah,CRAH · 북미 분기 이력 · Linesight,weeks,2024-Q2,true,latest,1,"[""linesight-jun26-crah-2024-Q2""]",linesight-jun26-crah-2024-Q2,2024-Q2,자료 기준 분기,2026-06,2024-Q2,Linesight,"미국·캐나다 · CRAH, 100–150 kW · June 2026 보고서의 과거 분기값",exact,20,20,false,0.0,0.0,,,,전년 동기 대표값 없음 또는 제품 범위 변경,100.0,100.0,2024-Q1,,false,false,https://insights.linesight.com/cmi-2026-june/industry-trends-and-supply-chain-dynamics-2026-americas/supply-chain,"Equipment lead times, chartData.data; 2024 Q1 to 2025 Q4; 2026 (e)/(f) excluded",분기 내 마지막 확인값 · 원 자료 축 2024-Q2 (자료 기준 분기). 분기 평균·분기말 확정값 아님.,"2024-Q2 미국·캐나다의 CRAH 보고 납기는 20주입니다. 사양은 CRAH, 100–150 kW입니다. 2026년 6월 보고서에 수록된 과거 분기값이며, 현재 발주 견적을 뜻하지 않습니다."
CRAH,linesight-jun26-crah,CRAH · 북미 분기 이력 · Linesight,weeks,2024-Q3,true,latest,1,"[""linesight-jun26-crah-2024-Q3""]",linesight-jun26-crah-2024-Q3,2024-Q3,자료 기준 분기,2026-06,2024-Q3,Linesight,"미국·캐나다 · CRAH, 100–150 kW · June 2026 보고서의 과거 분기값",exact,22,22,false,10.0,10.0,,,,전년 동기 대표값 없음 또는 제품 범위 변경,110.0,110.0,2024-Q1,,false,false,https://insights.linesight.com/cmi-2026-june/industry-trends-and-supply-chain-dynamics-2026-americas/supply-chain,"Equipment lead times, chartData.data; 2024 Q1 to 2025 Q4; 2026 (e)/(f) excluded",분기 내 마지막 확인값 · 원 자료 축 2024-Q3 (자료 기준 분기). 분기 평균·분기말 확정값 아님.,"2024-Q3 미국·캐나다의 CRAH 보고 납기는 22주입니다. 사양은 CRAH, 100–150 kW입니다. 2026년 6월 보고서에 수록된 과거 분기값이며, 현재 발주 견적을 뜻하지 않습니다."
CRAH,linesight-jun26-crah,CRAH · 북미 분기 이력 · Linesight,weeks,2024-Q4,true,latest,1,"[""linesight-jun26-crah-2024-Q4""]",linesight-jun26-crah-2024-Q4,2024-Q4,자료 기준 분기,2026-06,2024-Q4,Linesight,"미국·캐나다 · CRAH, 100–150 kW · June 2026 보고서의 과거 분기값",exact,22,22,false,0.0,0.0,,,,전년 동기 대표값 없음 또는 제품 범위 변경,110.0,110.0,2024-Q1,,false,false,https://insights.linesight.com/cmi-2026-june/industry-trends-and-supply-chain-dynamics-2026-americas/supply-chain,"Equipment lead times, chartData.data; 2024 Q1 to 2025 Q4; 2026 (e)/(f) excluded",분기 내 마지막 확인값 · 원 자료 축 2024-Q4 (자료 기준 분기). 분기 평균·분기말 확정값 아님.,"2024-Q4 미국·캐나다의 CRAH 보고 납기는 22주입니다. 사양은 CRAH, 100–150 kW입니다. 2026년 6월 보고서에 수록된 과거 분기값이며, 현재 발주 견적을 뜻하지 않습니다."
CRAH,linesight-jun26-crah,CRAH · 북미 분기 이력 · Linesight,weeks,2025-Q1,true,latest,1,"[""linesight-jun26-crah-2025-Q1""]",linesight-jun26-crah-2025-Q1,2025-Q1,자료 기준 분기,2026-06,2025-Q1,Linesight,"미국·캐나다 · CRAH, 100–150 kW · June 2026 보고서의 과거 분기값",exact,24,24,false,9.090909,9.090909,,20.0,20.0,,120.0,120.0,2024-Q1,,false,false,https://insights.linesight.com/cmi-2026-june/industry-trends-and-supply-chain-dynamics-2026-americas/supply-chain,"Equipment lead times, chartData.data; 2024 Q1 to 2025 Q4; 2026 (e)/(f) excluded",분기 내 마지막 확인값 · 원 자료 축 2025-Q1 (자료 기준 분기). 분기 평균·분기말 확정값 아님.,"2025-Q1 미국·캐나다의 CRAH 보고 납기는 24주입니다. 사양은 CRAH, 100–150 kW입니다. 2026년 6월 보고서에 수록된 과거 분기값이며, 현재 발주 견적을 뜻하지 않습니다."
CRAH,linesight-jun26-crah,CRAH · 북미 분기 이력 · Linesight,weeks,2025-Q2,true,latest,1,"[""linesight-jun26-crah-2025-Q2""]",linesight-jun26-crah-2025-Q2,2025-Q2,자료 기준 분기,2026-06,2025-Q2,Linesight,"미국·캐나다 · CRAH, 100–150 kW · June 2026 보고서의 과거 분기값",exact,24,24,false,0.0,0.0,,20.0,20.0,,120.0,120.0,2024-Q1,,false,false,https://insights.linesight.com/cmi-2026-june/industry-trends-and-supply-chain-dynamics-2026-americas/supply-chain,"Equipment lead times, chartData.data; 2024 Q1 to 2025 Q4; 2026 (e)/(f) excluded",분기 내 마지막 확인값 · 원 자료 축 2025-Q2 (자료 기준 분기). 분기 평균·분기말 확정값 아님.,"2025-Q2 미국·캐나다의 CRAH 보고 납기는 24주입니다. 사양은 CRAH, 100–150 kW입니다. 2026년 6월 보고서에 수록된 과거 분기값이며, 현재 발주 견적을 뜻하지 않습니다."
CRAH,linesight-jun26-crah,CRAH · 북미 분기 이력 · Linesight,weeks,2025-Q3,true,latest,1,"[""linesight-jun26-crah-2025-Q3""]",linesight-jun26-crah-2025-Q3,2025-Q3,자료 기준 분기,2026-06,2025-Q3,Linesight,"미국·캐나다 · CRAH, 100–150 kW · June 2026 보고서의 과거 분기값",exact,24,24,false,0.0,0.0,,9.090909,9.090909,,120.0,120.0,2024-Q1,,false,false,https://insights.linesight.com/cmi-2026-june/industry-trends-and-supply-chain-dynamics-2026-americas/supply-chain,"Equipment lead times, chartData.data; 2024 Q1 to 2025 Q4; 2026 (e)/(f) excluded",분기 내 마지막 확인값 · 원 자료 축 2025-Q3 (자료 기준 분기). 분기 평균·분기말 확정값 아님.,"2025-Q3 미국·캐나다의 CRAH 보고 납기는 24주입니다. 사양은 CRAH, 100–150 kW입니다. 2026년 6월 보고서에 수록된 과거 분기값이며, 현재 발주 견적을 뜻하지 않습니다."
CRAH,linesight-jun26-crah,CRAH · 북미 분기 이력 · Linesight,weeks,2025-Q4,true,latest,1,"[""linesight-jun26-crah-2025-Q4""]",linesight-jun26-crah-2025-Q4,2025-Q4,자료 기준 분기,2026-06,2025-Q4,Linesight,"미국·캐나다 · CRAH, 100–150 kW · June 2026 보고서의 과거 분기값",exact,24,24,false,0.0,0.0,,9.090909,9.090909,,120.0,120.0,2024-Q1,,false,false,https://insights.linesight.com/cmi-2026-june/industry-trends-and-supply-chain-dynamics-2026-americas/supply-chain,"Equipment lead times, chartData.data; 2024 Q1 to 2025 Q4; 2026 (e)/(f) excluded",분기 내 마지막 확인값 · 원 자료 축 2025-Q4 (자료 기준 분기). 분기 평균·분기말 확정값 아님.,"2025-Q4 미국·캐나다의 CRAH 보고 납기는 24주입니다. 사양은 CRAH, 100–150 kW입니다. 2026년 6월 보고서에 수록된 과거 분기값이며, 현재 발주 견적을 뜻하지 않습니다."
냉각탑,linesight-jun26-cooling-tower,냉각탑 · 북미 분기 이력 · Linesight,weeks,2024-Q1,true,latest,1,"[""linesight-jun26-cooling-tower-2024-Q1""]",linesight-jun26-cooling-tower-2024-Q1,2024-Q1,자료 기준 분기,2026-06,2024-Q1,Linesight,"미국·캐나다 · Cooling tower <4,000 kW · June 2026 보고서의 과거 분기값",exact,32,32,false,,,바로 이전 분기 대표값 없음,,,전년 동기 대표값 없음 또는 제품 범위 변경,100.0,100.0,2024-Q1,,false,false,https://insights.linesight.com/cmi-2026-june/industry-trends-and-supply-chain-dynamics-2026-americas/supply-chain,"Equipment lead times, chartData.data; 2024 Q1 to 2025 Q4; 2026 (e)/(f) excluded",분기 내 마지막 확인값 · 원 자료 축 2024-Q1 (자료 기준 분기). 분기 평균·분기말 확정값 아님.,"2024-Q1 미국·캐나다의 냉각탑 보고 납기는 32주입니다. 사양은 Cooling tower <4,000 kW입니다. 2026년 6월 보고서에 수록된 과거 분기값이며, 현재 발주 견적을 뜻하지 않습니다."
냉각탑,linesight-jun26-cooling-tower,냉각탑 · 북미 분기 이력 · Linesight,weeks,2024-Q2,true,latest,1,"[""linesight-jun26-cooling-tower-2024-Q2""]",linesight-jun26-cooling-tower-2024-Q2,2024-Q2,자료 기준 분기,2026-06,2024-Q2,Linesight,"미국·캐나다 · Cooling tower <4,000 kW · June 2026 보고서의 과거 분기값",exact,32,32,false,0.0,0.0,,,,전년 동기 대표값 없음 또는 제품 범위 변경,100.0,100.0,2024-Q1,,false,false,https://insights.linesight.com/cmi-2026-june/industry-trends-and-supply-chain-dynamics-2026-americas/supply-chain,"Equipment lead times, chartData.data; 2024 Q1 to 2025 Q4; 2026 (e)/(f) excluded",분기 내 마지막 확인값 · 원 자료 축 2024-Q2 (자료 기준 분기). 분기 평균·분기말 확정값 아님.,"2024-Q2 미국·캐나다의 냉각탑 보고 납기는 32주입니다. 사양은 Cooling tower <4,000 kW입니다. 2026년 6월 보고서에 수록된 과거 분기값이며, 현재 발주 견적을 뜻하지 않습니다."
냉각탑,linesight-jun26-cooling-tower,냉각탑 · 북미 분기 이력 · Linesight,weeks,2024-Q3,true,latest,1,"[""linesight-jun26-cooling-tower-2024-Q3""]",linesight-jun26-cooling-tower-2024-Q3,2024-Q3,자료 기준 분기,2026-06,2024-Q3,Linesight,"미국·캐나다 · Cooling tower <4,000 kW · June 2026 보고서의 과거 분기값",exact,32,32,false,0.0,0.0,,,,전년 동기 대표값 없음 또는 제품 범위 변경,100.0,100.0,2024-Q1,,false,false,https://insights.linesight.com/cmi-2026-june/industry-trends-and-supply-chain-dynamics-2026-americas/supply-chain,"Equipment lead times, chartData.data; 2024 Q1 to 2025 Q4; 2026 (e)/(f) excluded",분기 내 마지막 확인값 · 원 자료 축 2024-Q3 (자료 기준 분기). 분기 평균·분기말 확정값 아님.,"2024-Q3 미국·캐나다의 냉각탑 보고 납기는 32주입니다. 사양은 Cooling tower <4,000 kW입니다. 2026년 6월 보고서에 수록된 과거 분기값이며, 현재 발주 견적을 뜻하지 않습니다."
냉각탑,linesight-jun26-cooling-tower,냉각탑 · 북미 분기 이력 · Linesight,weeks,2024-Q4,true,latest,1,"[""linesight-jun26-cooling-tower-2024-Q4""]",linesight-jun26-cooling-tower-2024-Q4,2024-Q4,자료 기준 분기,2026-06,2024-Q4,Linesight,"미국·캐나다 · Cooling tower <4,000 kW · June 2026 보고서의 과거 분기값",exact,32,32,false,0.0,0.0,,,,전년 동기 대표값 없음 또는 제품 범위 변경,100.0,100.0,2024-Q1,,false,false,https://insights.linesight.com/cmi-2026-june/industry-trends-and-supply-chain-dynamics-2026-americas/supply-chain,"Equipment lead times, chartData.data; 2024 Q1 to 2025 Q4; 2026 (e)/(f) excluded",분기 내 마지막 확인값 · 원 자료 축 2024-Q4 (자료 기준 분기). 분기 평균·분기말 확정값 아님.,"2024-Q4 미국·캐나다의 냉각탑 보고 납기는 32주입니다. 사양은 Cooling tower <4,000 kW입니다. 2026년 6월 보고서에 수록된 과거 분기값이며, 현재 발주 견적을 뜻하지 않습니다."
냉각탑,linesight-jun26-cooling-tower,냉각탑 · 북미 분기 이력 · Linesight,weeks,2025-Q1,true,latest,1,"[""linesight-jun26-cooling-tower-2025-Q1""]",linesight-jun26-cooling-tower-2025-Q1,2025-Q1,자료 기준 분기,2026-06,2025-Q1,Linesight,"미국·캐나다 · Cooling tower <4,000 kW · June 2026 보고서의 과거 분기값",exact,34,34,false,6.25,6.25,,6.25,6.25,,106.25,106.25,2024-Q1,,false,false,https://insights.linesight.com/cmi-2026-june/industry-trends-and-supply-chain-dynamics-2026-americas/supply-chain,"Equipment lead times, chartData.data; 2024 Q1 to 2025 Q4; 2026 (e)/(f) excluded",분기 내 마지막 확인값 · 원 자료 축 2025-Q1 (자료 기준 분기). 분기 평균·분기말 확정값 아님.,"2025-Q1 미국·캐나다의 냉각탑 보고 납기는 34주입니다. 사양은 Cooling tower <4,000 kW입니다. 2026년 6월 보고서에 수록된 과거 분기값이며, 현재 발주 견적을 뜻하지 않습니다."
냉각탑,linesight-jun26-cooling-tower,냉각탑 · 북미 분기 이력 · Linesight,weeks,2025-Q2,true,latest,1,"[""linesight-jun26-cooling-tower-2025-Q2""]",linesight-jun26-cooling-tower-2025-Q2,2025-Q2,자료 기준 분기,2026-06,2025-Q2,Linesight,"미국·캐나다 · Cooling tower <4,000 kW · June 2026 보고서의 과거 분기값",exact,36,36,false,5.882353,5.882353,,12.5,12.5,,112.5,112.5,2024-Q1,,false,false,https://insights.linesight.com/cmi-2026-june/industry-trends-and-supply-chain-dynamics-2026-americas/supply-chain,"Equipment lead times, chartData.data; 2024 Q1 to 2025 Q4; 2026 (e)/(f) excluded",분기 내 마지막 확인값 · 원 자료 축 2025-Q2 (자료 기준 분기). 분기 평균·분기말 확정값 아님.,"2025-Q2 미국·캐나다의 냉각탑 보고 납기는 36주입니다. 사양은 Cooling tower <4,000 kW입니다. 2026년 6월 보고서에 수록된 과거 분기값이며, 현재 발주 견적을 뜻하지 않습니다."
냉각탑,linesight-jun26-cooling-tower,냉각탑 · 북미 분기 이력 · Linesight,weeks,2025-Q3,true,latest,1,"[""linesight-jun26-cooling-tower-2025-Q3""]",linesight-jun26-cooling-tower-2025-Q3,2025-Q3,자료 기준 분기,2026-06,2025-Q3,Linesight,"미국·캐나다 · Cooling tower <4,000 kW · June 2026 보고서의 과거 분기값",exact,36,36,false,0.0,0.0,,12.5,12.5,,112.5,112.5,2024-Q1,,false,false,https://insights.linesight.com/cmi-2026-june/industry-trends-and-supply-chain-dynamics-2026-americas/supply-chain,"Equipment lead times, chartData.data; 2024 Q1 to 2025 Q4; 2026 (e)/(f) excluded",분기 내 마지막 확인값 · 원 자료 축 2025-Q3 (자료 기준 분기). 분기 평균·분기말 확정값 아님.,"2025-Q3 미국·캐나다의 냉각탑 보고 납기는 36주입니다. 사양은 Cooling tower <4,000 kW입니다. 2026년 6월 보고서에 수록된 과거 분기값이며, 현재 발주 견적을 뜻하지 않습니다."
냉각탑,linesight-jun26-cooling-tower,냉각탑 · 북미 분기 이력 · Linesight,weeks,2025-Q4,true,latest,1,"[""linesight-jun26-cooling-tower-2025-Q4""]",linesight-jun26-cooling-tower-2025-Q4,2025-Q4,자료 기준 분기,2026-06,2025-Q4,Linesight,"미국·캐나다 · Cooling tower <4,000 kW · June 2026 보고서의 과거 분기값",exact,36,36,false,0.0,0.0,,12.5,12.5,,112.5,112.5,2024-Q1,,false,false,https://insights.linesight.com/cmi-2026-june/industry-trends-and-supply-chain-dynamics-2026-americas/supply-chain,"Equipment lead times, chartData.data; 2024 Q1 to 2025 Q4; 2026 (e)/(f) excluded",분기 내 마지막 확인값 · 원 자료 축 2025-Q4 (자료 기준 분기). 분기 평균·분기말 확정값 아님.,"2025-Q4 미국·캐나다의 냉각탑 보고 납기는 36주입니다. 사양은 Cooling tower <4,000 kW입니다. 2026년 6월 보고서에 수록된 과거 분기값이며, 현재 발주 견적을 뜻하지 않습니다."
팬 코일 월,linesight-jun26-fan-coil-wall,팬 코일 월 · 북미 분기 이력 · Linesight,weeks,2024-Q1,true,latest,1,"[""linesight-jun26-fan-coil-wall-2024-Q1""]",linesight-jun26-fan-coil-wall-2024-Q1,2024-Q1,자료 기준 분기,2026-06,2024-Q1,Linesight,미국·캐나다 · Fan coil wall >400 kW · June 2026 보고서의 과거 분기값,exact,38,38,false,,,바로 이전 분기 대표값 없음,,,전년 동기 대표값 없음 또는 제품 범위 변경,100.0,100.0,2024-Q1,,false,false,https://insights.linesight.com/cmi-2026-june/industry-trends-and-supply-chain-dynamics-2026-americas/supply-chain,"Equipment lead times, chartData.data; 2024 Q1 to 2025 Q4; 2026 (e)/(f) excluded",분기 내 마지막 확인값 · 원 자료 축 2024-Q1 (자료 기준 분기). 분기 평균·분기말 확정값 아님.,"2024-Q1 미국·캐나다의 팬 코일 월 보고 납기는 38주입니다. 사양은 Fan coil wall >400 kW입니다. 2026년 6월 보고서에 수록된 과거 분기값이며, 현재 발주 견적을 뜻하지 않습니다."
팬 코일 월,linesight-jun26-fan-coil-wall,팬 코일 월 · 북미 분기 이력 · Linesight,weeks,2024-Q2,true,latest,1,"[""linesight-jun26-fan-coil-wall-2024-Q2""]",linesight-jun26-fan-coil-wall-2024-Q2,2024-Q2,자료 기준 분기,2026-06,2024-Q2,Linesight,미국·캐나다 · Fan coil wall >400 kW · June 2026 보고서의 과거 분기값,exact,38,38,false,0.0,0.0,,,,전년 동기 대표값 없음 또는 제품 범위 변경,100.0,100.0,2024-Q1,,false,false,https://insights.linesight.com/cmi-2026-june/industry-trends-and-supply-chain-dynamics-2026-americas/supply-chain,"Equipment lead times, chartData.data; 2024 Q1 to 2025 Q4; 2026 (e)/(f) excluded",분기 내 마지막 확인값 · 원 자료 축 2024-Q2 (자료 기준 분기). 분기 평균·분기말 확정값 아님.,"2024-Q2 미국·캐나다의 팬 코일 월 보고 납기는 38주입니다. 사양은 Fan coil wall >400 kW입니다. 2026년 6월 보고서에 수록된 과거 분기값이며, 현재 발주 견적을 뜻하지 않습니다."
팬 코일 월,linesight-jun26-fan-coil-wall,팬 코일 월 · 북미 분기 이력 · Linesight,weeks,2024-Q3,true,latest,1,"[""linesight-jun26-fan-coil-wall-2024-Q3""]",linesight-jun26-fan-coil-wall-2024-Q3,2024-Q3,자료 기준 분기,2026-06,2024-Q3,Linesight,미국·캐나다 · Fan coil wall >400 kW · June 2026 보고서의 과거 분기값,exact,38,38,false,0.0,0.0,,,,전년 동기 대표값 없음 또는 제품 범위 변경,100.0,100.0,2024-Q1,,false,false,https://insights.linesight.com/cmi-2026-june/industry-trends-and-supply-chain-dynamics-2026-americas/supply-chain,"Equipment lead times, chartData.data; 2024 Q1 to 2025 Q4; 2026 (e)/(f) excluded",분기 내 마지막 확인값 · 원 자료 축 2024-Q3 (자료 기준 분기). 분기 평균·분기말 확정값 아님.,"2024-Q3 미국·캐나다의 팬 코일 월 보고 납기는 38주입니다. 사양은 Fan coil wall >400 kW입니다. 2026년 6월 보고서에 수록된 과거 분기값이며, 현재 발주 견적을 뜻하지 않습니다."
팬 코일 월,linesight-jun26-fan-coil-wall,팬 코일 월 · 북미 분기 이력 · Linesight,weeks,2024-Q4,true,latest,1,"[""linesight-jun26-fan-coil-wall-2024-Q4""]",linesight-jun26-fan-coil-wall-2024-Q4,2024-Q4,자료 기준 분기,2026-06,2024-Q4,Linesight,미국·캐나다 · Fan coil wall >400 kW · June 2026 보고서의 과거 분기값,exact,38,38,false,0.0,0.0,,,,전년 동기 대표값 없음 또는 제품 범위 변경,100.0,100.0,2024-Q1,,false,false,https://insights.linesight.com/cmi-2026-june/industry-trends-and-supply-chain-dynamics-2026-americas/supply-chain,"Equipment lead times, chartData.data; 2024 Q1 to 2025 Q4; 2026 (e)/(f) excluded",분기 내 마지막 확인값 · 원 자료 축 2024-Q4 (자료 기준 분기). 분기 평균·분기말 확정값 아님.,"2024-Q4 미국·캐나다의 팬 코일 월 보고 납기는 38주입니다. 사양은 Fan coil wall >400 kW입니다. 2026년 6월 보고서에 수록된 과거 분기값이며, 현재 발주 견적을 뜻하지 않습니다."
팬 코일 월,linesight-jun26-fan-coil-wall,팬 코일 월 · 북미 분기 이력 · Linesight,weeks,2025-Q1,true,latest,1,"[""linesight-jun26-fan-coil-wall-2025-Q1""]",linesight-jun26-fan-coil-wall-2025-Q1,2025-Q1,자료 기준 분기,2026-06,2025-Q1,Linesight,미국·캐나다 · Fan coil wall >400 kW · June 2026 보고서의 과거 분기값,exact,40,40,false,5.263158,5.263158,,5.263158,5.263158,,105.263158,105.263158,2024-Q1,,false,false,https://insights.linesight.com/cmi-2026-june/industry-trends-and-supply-chain-dynamics-2026-americas/supply-chain,"Equipment lead times, chartData.data; 2024 Q1 to 2025 Q4; 2026 (e)/(f) excluded",분기 내 마지막 확인값 · 원 자료 축 2025-Q1 (자료 기준 분기). 분기 평균·분기말 확정값 아님.,"2025-Q1 미국·캐나다의 팬 코일 월 보고 납기는 40주입니다. 사양은 Fan coil wall >400 kW입니다. 2026년 6월 보고서에 수록된 과거 분기값이며, 현재 발주 견적을 뜻하지 않습니다."
팬 코일 월,linesight-jun26-fan-coil-wall,팬 코일 월 · 북미 분기 이력 · Linesight,weeks,2025-Q2,true,latest,1,"[""linesight-jun26-fan-coil-wall-2025-Q2""]",linesight-jun26-fan-coil-wall-2025-Q2,2025-Q2,자료 기준 분기,2026-06,2025-Q2,Linesight,미국·캐나다 · Fan coil wall >400 kW · June 2026 보고서의 과거 분기값,exact,40,40,false,0.0,0.0,,5.263158,5.263158,,105.263158,105.263158,2024-Q1,,false,false,https://insights.linesight.com/cmi-2026-june/industry-trends-and-supply-chain-dynamics-2026-americas/supply-chain,"Equipment lead times, chartData.data; 2024 Q1 to 2025 Q4; 2026 (e)/(f) excluded",분기 내 마지막 확인값 · 원 자료 축 2025-Q2 (자료 기준 분기). 분기 평균·분기말 확정값 아님.,"2025-Q2 미국·캐나다의 팬 코일 월 보고 납기는 40주입니다. 사양은 Fan coil wall >400 kW입니다. 2026년 6월 보고서에 수록된 과거 분기값이며, 현재 발주 견적을 뜻하지 않습니다."
팬 코일 월,linesight-jun26-fan-coil-wall,팬 코일 월 · 북미 분기 이력 · Linesight,weeks,2025-Q3,true,latest,1,"[""linesight-jun26-fan-coil-wall-2025-Q3""]",linesight-jun26-fan-coil-wall-2025-Q3,2025-Q3,자료 기준 분기,2026-06,2025-Q3,Linesight,미국·캐나다 · Fan coil wall >400 kW · June 2026 보고서의 과거 분기값,exact,38,38,false,-5.0,-5.0,,0.0,0.0,,100.0,100.0,2024-Q1,,false,false,https://insights.linesight.com/cmi-2026-june/industry-trends-and-supply-chain-dynamics-2026-americas/supply-chain,"Equipment lead times, chartData.data; 2024 Q1 to 2025 Q4; 2026 (e)/(f) excluded",분기 내 마지막 확인값 · 원 자료 축 2025-Q3 (자료 기준 분기). 분기 평균·분기말 확정값 아님.,"2025-Q3 미국·캐나다의 팬 코일 월 보고 납기는 38주입니다. 사양은 Fan coil wall >400 kW입니다. 2026년 6월 보고서에 수록된 과거 분기값이며, 현재 발주 견적을 뜻하지 않습니다."
팬 코일 월,linesight-jun26-fan-coil-wall,팬 코일 월 · 북미 분기 이력 · Linesight,weeks,2025-Q4,true,latest,1,"[""linesight-jun26-fan-coil-wall-2025-Q4""]",linesight-jun26-fan-coil-wall-2025-Q4,2025-Q4,자료 기준 분기,2026-06,2025-Q4,Linesight,미국·캐나다 · Fan coil wall >400 kW · June 2026 보고서의 과거 분기값,exact,38,38,false,0.0,0.0,,0.0,0.0,,100.0,100.0,2024-Q1,,false,false,https://insights.linesight.com/cmi-2026-june/industry-trends-and-supply-chain-dynamics-2026-americas/supply-chain,"Equipment lead times, chartData.data; 2024 Q1 to 2025 Q4; 2026 (e)/(f) excluded",분기 내 마지막 확인값 · 원 자료 축 2025-Q4 (자료 기준 분기). 분기 평균·분기말 확정값 아님.,"2025-Q4 미국·캐나다의 팬 코일 월 보고 납기는 38주입니다. 사양은 Fan coil wall >400 kW입니다. 2026년 6월 보고서에 수록된 과거 분기값이며, 현재 발주 견적을 뜻하지 않습니다."
기계 모듈,linesight-jun26-mechanical-module,기계 모듈 · 북미 분기 이력 · Linesight,weeks,2024-Q1,true,latest,1,"[""linesight-jun26-mechanical-module-2024-Q1""]",linesight-jun26-mechanical-module-2024-Q1,2024-Q1,자료 기준 분기,2026-06,2024-Q1,Linesight,"미국·캐나다 · Mechanical module, minor footprint · June 2026 보고서의 과거 분기값",exact,32,32,false,,,바로 이전 분기 대표값 없음,,,전년 동기 대표값 없음 또는 제품 범위 변경,100.0,100.0,2024-Q1,,false,false,https://insights.linesight.com/cmi-2026-june/industry-trends-and-supply-chain-dynamics-2026-americas/supply-chain,"Equipment lead times, chartData.data; 2024 Q1 to 2025 Q4; 2026 (e)/(f) excluded",분기 내 마지막 확인값 · 원 자료 축 2024-Q1 (자료 기준 분기). 분기 평균·분기말 확정값 아님.,"2024-Q1 미국·캐나다의 기계 모듈 보고 납기는 32주입니다. 사양은 Mechanical module, minor footprint입니다. 2026년 6월 보고서에 수록된 과거 분기값이며, 현재 발주 견적을 뜻하지 않습니다."
기계 모듈,linesight-jun26-mechanical-module,기계 모듈 · 북미 분기 이력 · Linesight,weeks,2024-Q2,true,latest,1,"[""linesight-jun26-mechanical-module-2024-Q2""]",linesight-jun26-mechanical-module-2024-Q2,2024-Q2,자료 기준 분기,2026-06,2024-Q2,Linesight,"미국·캐나다 · Mechanical module, minor footprint · June 2026 보고서의 과거 분기값",exact,32,32,false,0.0,0.0,,,,전년 동기 대표값 없음 또는 제품 범위 변경,100.0,100.0,2024-Q1,,false,false,https://insights.linesight.com/cmi-2026-june/industry-trends-and-supply-chain-dynamics-2026-americas/supply-chain,"Equipment lead times, chartData.data; 2024 Q1 to 2025 Q4; 2026 (e)/(f) excluded",분기 내 마지막 확인값 · 원 자료 축 2024-Q2 (자료 기준 분기). 분기 평균·분기말 확정값 아님.,"2024-Q2 미국·캐나다의 기계 모듈 보고 납기는 32주입니다. 사양은 Mechanical module, minor footprint입니다. 2026년 6월 보고서에 수록된 과거 분기값이며, 현재 발주 견적을 뜻하지 않습니다."
기계 모듈,linesight-jun26-mechanical-module,기계 모듈 · 북미 분기 이력 · Linesight,weeks,2024-Q3,true,latest,1,"[""linesight-jun26-mechanical-module-2024-Q3""]",linesight-jun26-mechanical-module-2024-Q3,2024-Q3,자료 기준 분기,2026-06,2024-Q3,Linesight,"미국·캐나다 · Mechanical module, minor footprint · June 2026 보고서의 과거 분기값",exact,32,32,false,0.0,0.0,,,,전년 동기 대표값 없음 또는 제품 범위 변경,100.0,100.0,2024-Q1,,false,false,https://insights.linesight.com/cmi-2026-june/industry-trends-and-supply-chain-dynamics-2026-americas/supply-chain,"Equipment lead times, chartData.data; 2024 Q1 to 2025 Q4; 2026 (e)/(f) excluded",분기 내 마지막 확인값 · 원 자료 축 2024-Q3 (자료 기준 분기). 분기 평균·분기말 확정값 아님.,"2024-Q3 미국·캐나다의 기계 모듈 보고 납기는 32주입니다. 사양은 Mechanical module, minor footprint입니다. 2026년 6월 보고서에 수록된 과거 분기값이며, 현재 발주 견적을 뜻하지 않습니다."
기계 모듈,linesight-jun26-mechanical-module,기계 모듈 · 북미 분기 이력 · Linesight,weeks,2024-Q4,true,latest,1,"[""linesight-jun26-mechanical-module-2024-Q4""]",linesight-jun26-mechanical-module-2024-Q4,2024-Q4,자료 기준 분기,2026-06,2024-Q4,Linesight,"미국·캐나다 · Mechanical module, minor footprint · June 2026 보고서의 과거 분기값",exact,32,32,false,0.0,0.0,,,,전년 동기 대표값 없음 또는 제품 범위 변경,100.0,100.0,2024-Q1,,false,false,https://insights.linesight.com/cmi-2026-june/industry-trends-and-supply-chain-dynamics-2026-americas/supply-chain,"Equipment lead times, chartData.data; 2024 Q1 to 2025 Q4; 2026 (e)/(f) excluded",분기 내 마지막 확인값 · 원 자료 축 2024-Q4 (자료 기준 분기). 분기 평균·분기말 확정값 아님.,"2024-Q4 미국·캐나다의 기계 모듈 보고 납기는 32주입니다. 사양은 Mechanical module, minor footprint입니다. 2026년 6월 보고서에 수록된 과거 분기값이며, 현재 발주 견적을 뜻하지 않습니다."
기계 모듈,linesight-jun26-mechanical-module,기계 모듈 · 북미 분기 이력 · Linesight,weeks,2025-Q1,true,latest,1,"[""linesight-jun26-mechanical-module-2025-Q1""]",linesight-jun26-mechanical-module-2025-Q1,2025-Q1,자료 기준 분기,2026-06,2025-Q1,Linesight,"미국·캐나다 · Mechanical module, minor footprint · June 2026 보고서의 과거 분기값",exact,38,38,false,18.75,18.75,,18.75,18.75,,118.75,118.75,2024-Q1,,false,false,https://insights.linesight.com/cmi-2026-june/industry-trends-and-supply-chain-dynamics-2026-americas/supply-chain,"Equipment lead times, chartData.data; 2024 Q1 to 2025 Q4; 2026 (e)/(f) excluded",분기 내 마지막 확인값 · 원 자료 축 2025-Q1 (자료 기준 분기). 분기 평균·분기말 확정값 아님.,"2025-Q1 미국·캐나다의 기계 모듈 보고 납기는 38주입니다. 사양은 Mechanical module, minor footprint입니다. 2026년 6월 보고서에 수록된 과거 분기값이며, 현재 발주 견적을 뜻하지 않습니다."
기계 모듈,linesight-jun26-mechanical-module,기계 모듈 · 북미 분기 이력 · Linesight,weeks,2025-Q2,true,latest,1,"[""linesight-jun26-mechanical-module-2025-Q2""]",linesight-jun26-mechanical-module-2025-Q2,2025-Q2,자료 기준 분기,2026-06,2025-Q2,Linesight,"미국·캐나다 · Mechanical module, minor footprint · June 2026 보고서의 과거 분기값",exact,38,38,false,0.0,0.0,,18.75,18.75,,118.75,118.75,2024-Q1,,false,false,https://insights.linesight.com/cmi-2026-june/industry-trends-and-supply-chain-dynamics-2026-americas/supply-chain,"Equipment lead times, chartData.data; 2024 Q1 to 2025 Q4; 2026 (e)/(f) excluded",분기 내 마지막 확인값 · 원 자료 축 2025-Q2 (자료 기준 분기). 분기 평균·분기말 확정값 아님.,"2025-Q2 미국·캐나다의 기계 모듈 보고 납기는 38주입니다. 사양은 Mechanical module, minor footprint입니다. 2026년 6월 보고서에 수록된 과거 분기값이며, 현재 발주 견적을 뜻하지 않습니다."
기계 모듈,linesight-jun26-mechanical-module,기계 모듈 · 북미 분기 이력 · Linesight,weeks,2025-Q3,true,latest,1,"[""linesight-jun26-mechanical-module-2025-Q3""]",linesight-jun26-mechanical-module-2025-Q3,2025-Q3,자료 기준 분기,2026-06,2025-Q3,Linesight,"미국·캐나다 · Mechanical module, minor footprint · June 2026 보고서의 과거 분기값",exact,40,40,false,5.263158,5.263158,,25.0,25.0,,125.0,125.0,2024-Q1,,false,false,https://insights.linesight.com/cmi-2026-june/industry-trends-and-supply-chain-dynamics-2026-americas/supply-chain,"Equipment lead times, chartData.data; 2024 Q1 to 2025 Q4; 2026 (e)/(f) excluded",분기 내 마지막 확인값 · 원 자료 축 2025-Q3 (자료 기준 분기). 분기 평균·분기말 확정값 아님.,"2025-Q3 미국·캐나다의 기계 모듈 보고 납기는 40주입니다. 사양은 Mechanical module, minor footprint입니다. 2026년 6월 보고서에 수록된 과거 분기값이며, 현재 발주 견적을 뜻하지 않습니다."
기계 모듈,linesight-jun26-mechanical-module,기계 모듈 · 북미 분기 이력 · Linesight,weeks,2025-Q4,true,latest,1,"[""linesight-jun26-mechanical-module-2025-Q4""]",linesight-jun26-mechanical-module-2025-Q4,2025-Q4,자료 기준 분기,2026-06,2025-Q4,Linesight,"미국·캐나다 · Mechanical module, minor footprint · June 2026 보고서의 과거 분기값",exact,40,40,false,0.0,0.0,,25.0,25.0,,125.0,125.0,2024-Q1,,false,false,https://insights.linesight.com/cmi-2026-june/industry-trends-and-supply-chain-dynamics-2026-americas/supply-chain,"Equipment lead times, chartData.data; 2024 Q1 to 2025 Q4; 2026 (e)/(f) excluded",분기 내 마지막 확인값 · 원 자료 축 2025-Q4 (자료 기준 분기). 분기 평균·분기말 확정값 아님.,"2025-Q4 미국·캐나다의 기계 모듈 보고 납기는 40주입니다. 사양은 Mechanical module, minor footprint입니다. 2026년 6월 보고서에 수록된 과거 분기값이며, 현재 발주 견적을 뜻하지 않습니다."
수랭식 칠러,linesight-jun26-water-chiller,수랭식 칠러 · 북미 분기 이력 · Linesight,weeks,2024-Q1,true,latest,1,"[""linesight-jun26-water-chiller-2024-Q1""]",linesight-jun26-water-chiller-2024-Q1,2024-Q1,자료 기준 분기,2026-06,2024-Q1,Linesight,"미국·캐나다 · WCC, 2,700–3,000 kW · June 2026 보고서의 과거 분기값",exact,42,42,false,,,바로 이전 분기 대표값 없음,,,전년 동기 대표값 없음 또는 제품 범위 변경,100.0,100.0,2024-Q1,,false,false,https://insights.linesight.com/cmi-2026-june/industry-trends-and-supply-chain-dynamics-2026-americas/supply-chain,"Equipment lead times, chartData.data; 2024 Q1 to 2025 Q4; 2026 (e)/(f) excluded",분기 내 마지막 확인값 · 원 자료 축 2024-Q1 (자료 기준 분기). 분기 평균·분기말 확정값 아님.,"2024-Q1 미국·캐나다의 수랭식 칠러 보고 납기는 42주입니다. 사양은 WCC, 2,700–3,000 kW입니다. 2026년 6월 보고서에 수록된 과거 분기값이며, 현재 발주 견적을 뜻하지 않습니다."
수랭식 칠러,linesight-jun26-water-chiller,수랭식 칠러 · 북미 분기 이력 · Linesight,weeks,2024-Q2,true,latest,1,"[""linesight-jun26-water-chiller-2024-Q2""]",linesight-jun26-water-chiller-2024-Q2,2024-Q2,자료 기준 분기,2026-06,2024-Q2,Linesight,"미국·캐나다 · WCC, 2,700–3,000 kW · June 2026 보고서의 과거 분기값",exact,42,42,false,0.0,0.0,,,,전년 동기 대표값 없음 또는 제품 범위 변경,100.0,100.0,2024-Q1,,false,false,https://insights.linesight.com/cmi-2026-june/industry-trends-and-supply-chain-dynamics-2026-americas/supply-chain,"Equipment lead times, chartData.data; 2024 Q1 to 2025 Q4; 2026 (e)/(f) excluded",분기 내 마지막 확인값 · 원 자료 축 2024-Q2 (자료 기준 분기). 분기 평균·분기말 확정값 아님.,"2024-Q2 미국·캐나다의 수랭식 칠러 보고 납기는 42주입니다. 사양은 WCC, 2,700–3,000 kW입니다. 2026년 6월 보고서에 수록된 과거 분기값이며, 현재 발주 견적을 뜻하지 않습니다."
수랭식 칠러,linesight-jun26-water-chiller,수랭식 칠러 · 북미 분기 이력 · Linesight,weeks,2024-Q3,true,latest,1,"[""linesight-jun26-water-chiller-2024-Q3""]",linesight-jun26-water-chiller-2024-Q3,2024-Q3,자료 기준 분기,2026-06,2024-Q3,Linesight,"미국·캐나다 · WCC, 2,700–3,000 kW · June 2026 보고서의 과거 분기값",exact,42,42,false,0.0,0.0,,,,전년 동기 대표값 없음 또는 제품 범위 변경,100.0,100.0,2024-Q1,,false,false,https://insights.linesight.com/cmi-2026-june/industry-trends-and-supply-chain-dynamics-2026-americas/supply-chain,"Equipment lead times, chartData.data; 2024 Q1 to 2025 Q4; 2026 (e)/(f) excluded",분기 내 마지막 확인값 · 원 자료 축 2024-Q3 (자료 기준 분기). 분기 평균·분기말 확정값 아님.,"2024-Q3 미국·캐나다의 수랭식 칠러 보고 납기는 42주입니다. 사양은 WCC, 2,700–3,000 kW입니다. 2026년 6월 보고서에 수록된 과거 분기값이며, 현재 발주 견적을 뜻하지 않습니다."
수랭식 칠러,linesight-jun26-water-chiller,수랭식 칠러 · 북미 분기 이력 · Linesight,weeks,2024-Q4,true,latest,1,"[""linesight-jun26-water-chiller-2024-Q4""]",linesight-jun26-water-chiller-2024-Q4,2024-Q4,자료 기준 분기,2026-06,2024-Q4,Linesight,"미국·캐나다 · WCC, 2,700–3,000 kW · June 2026 보고서의 과거 분기값",exact,42,42,false,0.0,0.0,,,,전년 동기 대표값 없음 또는 제품 범위 변경,100.0,100.0,2024-Q1,,false,false,https://insights.linesight.com/cmi-2026-june/industry-trends-and-supply-chain-dynamics-2026-americas/supply-chain,"Equipment lead times, chartData.data; 2024 Q1 to 2025 Q4; 2026 (e)/(f) excluded",분기 내 마지막 확인값 · 원 자료 축 2024-Q4 (자료 기준 분기). 분기 평균·분기말 확정값 아님.,"2024-Q4 미국·캐나다의 수랭식 칠러 보고 납기는 42주입니다. 사양은 WCC, 2,700–3,000 kW입니다. 2026년 6월 보고서에 수록된 과거 분기값이며, 현재 발주 견적을 뜻하지 않습니다."
수랭식 칠러,linesight-jun26-water-chiller,수랭식 칠러 · 북미 분기 이력 · Linesight,weeks,2025-Q1,true,latest,1,"[""linesight-jun26-water-chiller-2025-Q1""]",linesight-jun26-water-chiller-2025-Q1,2025-Q1,자료 기준 분기,2026-06,2025-Q1,Linesight,"미국·캐나다 · WCC, 2,700–3,000 kW · June 2026 보고서의 과거 분기값",exact,38,38,false,-9.52381,-9.52381,,-9.52381,-9.52381,,90.47619,90.47619,2024-Q1,,false,false,https://insights.linesight.com/cmi-2026-june/industry-trends-and-supply-chain-dynamics-2026-americas/supply-chain,"Equipment lead times, chartData.data; 2024 Q1 to 2025 Q4; 2026 (e)/(f) excluded",분기 내 마지막 확인값 · 원 자료 축 2025-Q1 (자료 기준 분기). 분기 평균·분기말 확정값 아님.,"2025-Q1 미국·캐나다의 수랭식 칠러 보고 납기는 38주입니다. 사양은 WCC, 2,700–3,000 kW입니다. 2026년 6월 보고서에 수록된 과거 분기값이며, 현재 발주 견적을 뜻하지 않습니다."
수랭식 칠러,linesight-jun26-water-chiller,수랭식 칠러 · 북미 분기 이력 · Linesight,weeks,2025-Q2,true,latest,1,"[""linesight-jun26-water-chiller-2025-Q2""]",linesight-jun26-water-chiller-2025-Q2,2025-Q2,자료 기준 분기,2026-06,2025-Q2,Linesight,"미국·캐나다 · WCC, 2,700–3,000 kW · June 2026 보고서의 과거 분기값",exact,36,36,false,-5.263158,-5.263158,,-14.285714,-14.285714,,85.714286,85.714286,2024-Q1,,false,false,https://insights.linesight.com/cmi-2026-june/industry-trends-and-supply-chain-dynamics-2026-americas/supply-chain,"Equipment lead times, chartData.data; 2024 Q1 to 2025 Q4; 2026 (e)/(f) excluded",분기 내 마지막 확인값 · 원 자료 축 2025-Q2 (자료 기준 분기). 분기 평균·분기말 확정값 아님.,"2025-Q2 미국·캐나다의 수랭식 칠러 보고 납기는 36주입니다. 사양은 WCC, 2,700–3,000 kW입니다. 2026년 6월 보고서에 수록된 과거 분기값이며, 현재 발주 견적을 뜻하지 않습니다."
수랭식 칠러,linesight-jun26-water-chiller,수랭식 칠러 · 북미 분기 이력 · Linesight,weeks,2025-Q3,true,latest,1,"[""linesight-jun26-water-chiller-2025-Q3""]",linesight-jun26-water-chiller-2025-Q3,2025-Q3,자료 기준 분기,2026-06,2025-Q3,Linesight,"미국·캐나다 · WCC, 2,700–3,000 kW · June 2026 보고서의 과거 분기값",exact,34,34,false,-5.555556,-5.555556,,-19.047619,-19.047619,,80.952381,80.952381,2024-Q1,,false,false,https://insights.linesight.com/cmi-2026-june/industry-trends-and-supply-chain-dynamics-2026-americas/supply-chain,"Equipment lead times, chartData.data; 2024 Q1 to 2025 Q4; 2026 (e)/(f) excluded",분기 내 마지막 확인값 · 원 자료 축 2025-Q3 (자료 기준 분기). 분기 평균·분기말 확정값 아님.,"2025-Q3 미국·캐나다의 수랭식 칠러 보고 납기는 34주입니다. 사양은 WCC, 2,700–3,000 kW입니다. 2026년 6월 보고서에 수록된 과거 분기값이며, 현재 발주 견적을 뜻하지 않습니다."
수랭식 칠러,linesight-jun26-water-chiller,수랭식 칠러 · 북미 분기 이력 · Linesight,weeks,2025-Q4,true,latest,1,"[""linesight-jun26-water-chiller-2025-Q4""]",linesight-jun26-water-chiller-2025-Q4,2025-Q4,자료 기준 분기,2026-06,2025-Q4,Linesight,"미국·캐나다 · WCC, 2,700–3,000 kW · June 2026 보고서의 과거 분기값",exact,34,34,false,0.0,0.0,,-19.047619,-19.047619,,80.952381,80.952381,2024-Q1,,false,false,https://insights.linesight.com/cmi-2026-june/industry-trends-and-supply-chain-dynamics-2026-americas/supply-chain,"Equipment lead times, chartData.data; 2024 Q1 to 2025 Q4; 2026 (e)/(f) excluded",분기 내 마지막 확인값 · 원 자료 축 2025-Q4 (자료 기준 분기). 분기 평균·분기말 확정값 아님.,"2025-Q4 미국·캐나다의 수랭식 칠러 보고 납기는 34주입니다. 사양은 WCC, 2,700–3,000 kW입니다. 2026년 6월 보고서에 수록된 과거 분기값이며, 현재 발주 견적을 뜻하지 않습니다."
배터리,linesight-jun26-batteries,배터리 · 북미 분기 이력 · Linesight,weeks,2024-Q1,true,latest,1,"[""linesight-jun26-batteries-2024-Q1""]",linesight-jun26-batteries-2024-Q1,2024-Q1,자료 기준 분기,2026-06,2024-Q1,Linesight,"미국·캐나다 · Batteries, 1,000–1,600 kW · June 2026 보고서의 과거 분기값",exact,32,32,false,,,바로 이전 분기 대표값 없음,,,전년 동기 대표값 없음 또는 제품 범위 변경,100.0,100.0,2024-Q1,,false,false,https://insights.linesight.com/cmi-2026-june/industry-trends-and-supply-chain-dynamics-2026-americas/supply-chain,"Equipment lead times, chartData.data; 2024 Q1 to 2025 Q4; 2026 (e)/(f) excluded",분기 내 마지막 확인값 · 원 자료 축 2024-Q1 (자료 기준 분기). 분기 평균·분기말 확정값 아님.,"2024-Q1 미국·캐나다의 배터리 보고 납기는 32주입니다. 사양은 Batteries, 1,000–1,600 kW입니다. 2026년 6월 보고서에 수록된 과거 분기값이며, 현재 발주 견적을 뜻하지 않습니다."
배터리,linesight-jun26-batteries,배터리 · 북미 분기 이력 · Linesight,weeks,2024-Q2,true,latest,1,"[""linesight-jun26-batteries-2024-Q2""]",linesight-jun26-batteries-2024-Q2,2024-Q2,자료 기준 분기,2026-06,2024-Q2,Linesight,"미국·캐나다 · Batteries, 1,000–1,600 kW · June 2026 보고서의 과거 분기값",exact,32,32,false,0.0,0.0,,,,전년 동기 대표값 없음 또는 제품 범위 변경,100.0,100.0,2024-Q1,,false,false,https://insights.linesight.com/cmi-2026-june/industry-trends-and-supply-chain-dynamics-2026-americas/supply-chain,"Equipment lead times, chartData.data; 2024 Q1 to 2025 Q4; 2026 (e)/(f) excluded",분기 내 마지막 확인값 · 원 자료 축 2024-Q2 (자료 기준 분기). 분기 평균·분기말 확정값 아님.,"2024-Q2 미국·캐나다의 배터리 보고 납기는 32주입니다. 사양은 Batteries, 1,000–1,600 kW입니다. 2026년 6월 보고서에 수록된 과거 분기값이며, 현재 발주 견적을 뜻하지 않습니다."
배터리,linesight-jun26-batteries,배터리 · 북미 분기 이력 · Linesight,weeks,2024-Q3,true,latest,1,"[""linesight-jun26-batteries-2024-Q3""]",linesight-jun26-batteries-2024-Q3,2024-Q3,자료 기준 분기,2026-06,2024-Q3,Linesight,"미국·캐나다 · Batteries, 1,000–1,600 kW · June 2026 보고서의 과거 분기값",exact,30,30,false,-6.25,-6.25,,,,전년 동기 대표값 없음 또는 제품 범위 변경,93.75,93.75,2024-Q1,,false,false,https://insights.linesight.com/cmi-2026-june/industry-trends-and-supply-chain-dynamics-2026-americas/supply-chain,"Equipment lead times, chartData.data; 2024 Q1 to 2025 Q4; 2026 (e)/(f) excluded",분기 내 마지막 확인값 · 원 자료 축 2024-Q3 (자료 기준 분기). 분기 평균·분기말 확정값 아님.,"2024-Q3 미국·캐나다의 배터리 보고 납기는 30주입니다. 사양은 Batteries, 1,000–1,600 kW입니다. 2026년 6월 보고서에 수록된 과거 분기값이며, 현재 발주 견적을 뜻하지 않습니다."
배터리,linesight-jun26-batteries,배터리 · 북미 분기 이력 · Linesight,weeks,2024-Q4,true,latest,1,"[""linesight-jun26-batteries-2024-Q4""]",linesight-jun26-batteries-2024-Q4,2024-Q4,자료 기준 분기,2026-06,2024-Q4,Linesight,"미국·캐나다 · Batteries, 1,000–1,600 kW · June 2026 보고서의 과거 분기값",exact,30,30,false,0.0,0.0,,,,전년 동기 대표값 없음 또는 제품 범위 변경,93.75,93.75,2024-Q1,,false,false,https://insights.linesight.com/cmi-2026-june/industry-trends-and-supply-chain-dynamics-2026-americas/supply-chain,"Equipment lead times, chartData.data; 2024 Q1 to 2025 Q4; 2026 (e)/(f) excluded",분기 내 마지막 확인값 · 원 자료 축 2024-Q4 (자료 기준 분기). 분기 평균·분기말 확정값 아님.,"2024-Q4 미국·캐나다의 배터리 보고 납기는 30주입니다. 사양은 Batteries, 1,000–1,600 kW입니다. 2026년 6월 보고서에 수록된 과거 분기값이며, 현재 발주 견적을 뜻하지 않습니다."
배터리,linesight-jun26-batteries,배터리 · 북미 분기 이력 · Linesight,weeks,2025-Q1,true,latest,1,"[""linesight-jun26-batteries-2025-Q1""]",linesight-jun26-batteries-2025-Q1,2025-Q1,자료 기준 분기,2026-06,2025-Q1,Linesight,"미국·캐나다 · Batteries, 1,000–1,600 kW · June 2026 보고서의 과거 분기값",exact,28,28,false,-6.666667,-6.666667,,-12.5,-12.5,,87.5,87.5,2024-Q1,,false,false,https://insights.linesight.com/cmi-2026-june/industry-trends-and-supply-chain-dynamics-2026-americas/supply-chain,"Equipment lead times, chartData.data; 2024 Q1 to 2025 Q4; 2026 (e)/(f) excluded",분기 내 마지막 확인값 · 원 자료 축 2025-Q1 (자료 기준 분기). 분기 평균·분기말 확정값 아님.,"2025-Q1 미국·캐나다의 배터리 보고 납기는 28주입니다. 사양은 Batteries, 1,000–1,600 kW입니다. 2026년 6월 보고서에 수록된 과거 분기값이며, 현재 발주 견적을 뜻하지 않습니다."
배터리,linesight-jun26-batteries,배터리 · 북미 분기 이력 · Linesight,weeks,2025-Q2,true,latest,1,"[""linesight-jun26-batteries-2025-Q2""]",linesight-jun26-batteries-2025-Q2,2025-Q2,자료 기준 분기,2026-06,2025-Q2,Linesight,"미국·캐나다 · Batteries, 1,000–1,600 kW · June 2026 보고서의 과거 분기값",exact,28,28,false,0.0,0.0,,-12.5,-12.5,,87.5,87.5,2024-Q1,,false,false,https://insights.linesight.com/cmi-2026-june/industry-trends-and-supply-chain-dynamics-2026-americas/supply-chain,"Equipment lead times, chartData.data; 2024 Q1 to 2025 Q4; 2026 (e)/(f) excluded",분기 내 마지막 확인값 · 원 자료 축 2025-Q2 (자료 기준 분기). 분기 평균·분기말 확정값 아님.,"2025-Q2 미국·캐나다의 배터리 보고 납기는 28주입니다. 사양은 Batteries, 1,000–1,600 kW입니다. 2026년 6월 보고서에 수록된 과거 분기값이며, 현재 발주 견적을 뜻하지 않습니다."
배터리,linesight-jun26-batteries,배터리 · 북미 분기 이력 · Linesight,weeks,2025-Q3,true,latest,1,"[""linesight-jun26-batteries-2025-Q3""]",linesight-jun26-batteries-2025-Q3,2025-Q3,자료 기준 분기,2026-06,2025-Q3,Linesight,"미국·캐나다 · Batteries, 1,000–1,600 kW · June 2026 보고서의 과거 분기값",exact,28,28,false,0.0,0.0,,-6.666667,-6.666667,,87.5,87.5,2024-Q1,,false,false,https://insights.linesight.com/cmi-2026-june/industry-trends-and-supply-chain-dynamics-2026-americas/supply-chain,"Equipment lead times, chartData.data; 2024 Q1 to 2025 Q4; 2026 (e)/(f) excluded",분기 내 마지막 확인값 · 원 자료 축 2025-Q3 (자료 기준 분기). 분기 평균·분기말 확정값 아님.,"2025-Q3 미국·캐나다의 배터리 보고 납기는 28주입니다. 사양은 Batteries, 1,000–1,600 kW입니다. 2026년 6월 보고서에 수록된 과거 분기값이며, 현재 발주 견적을 뜻하지 않습니다."
배터리,linesight-jun26-batteries,배터리 · 북미 분기 이력 · Linesight,weeks,2025-Q4,true,latest,1,"[""linesight-jun26-batteries-2025-Q4""]",linesight-jun26-batteries-2025-Q4,2025-Q4,자료 기준 분기,2026-06,2025-Q4,Linesight,"미국·캐나다 · Batteries, 1,000–1,600 kW · June 2026 보고서의 과거 분기값",exact,28,28,false,0.0,0.0,,-6.666667,-6.666667,,87.5,87.5,2024-Q1,,false,false,https://insights.linesight.com/cmi-2026-june/industry-trends-and-supply-chain-dynamics-2026-americas/supply-chain,"Equipment lead times, chartData.data; 2024 Q1 to 2025 Q4; 2026 (e)/(f) excluded",분기 내 마지막 확인값 · 원 자료 축 2025-Q4 (자료 기준 분기). 분기 평균·분기말 확정값 아님.,"2025-Q4 미국·캐나다의 배터리 보고 납기는 28주입니다. 사양은 Batteries, 1,000–1,600 kW입니다. 2026년 6월 보고서에 수록된 과거 분기값이며, 현재 발주 견적을 뜻하지 않습니다."
전기 스키드,linesight-jun26-electrical-skid,전기 스키드 · 북미 분기 이력 · Linesight,weeks,2024-Q1,true,latest,1,"[""linesight-jun26-electrical-skid-2024-Q1""]",linesight-jun26-electrical-skid-2024-Q1,2024-Q1,자료 기준 분기,2026-06,2024-Q1,Linesight,"미국·캐나다 · Electrical skid, minor footprint · June 2026 보고서의 과거 분기값",exact,36,36,false,,,바로 이전 분기 대표값 없음,,,전년 동기 대표값 없음 또는 제품 범위 변경,100.0,100.0,2024-Q1,,false,false,https://insights.linesight.com/cmi-2026-june/industry-trends-and-supply-chain-dynamics-2026-americas/supply-chain,"Equipment lead times, chartData.data; 2024 Q1 to 2025 Q4; 2026 (e)/(f) excluded",분기 내 마지막 확인값 · 원 자료 축 2024-Q1 (자료 기준 분기). 분기 평균·분기말 확정값 아님.,"2024-Q1 미국·캐나다의 전기 스키드 보고 납기는 36주입니다. 사양은 Electrical skid, minor footprint입니다. 2026년 6월 보고서에 수록된 과거 분기값이며, 현재 발주 견적을 뜻하지 않습니다."
전기 스키드,linesight-jun26-electrical-skid,전기 스키드 · 북미 분기 이력 · Linesight,weeks,2024-Q2,true,latest,1,"[""linesight-jun26-electrical-skid-2024-Q2""]",linesight-jun26-electrical-skid-2024-Q2,2024-Q2,자료 기준 분기,2026-06,2024-Q2,Linesight,"미국·캐나다 · Electrical skid, minor footprint · June 2026 보고서의 과거 분기값",exact,36,36,false,0.0,0.0,,,,전년 동기 대표값 없음 또는 제품 범위 변경,100.0,100.0,2024-Q1,,false,false,https://insights.linesight.com/cmi-2026-june/industry-trends-and-supply-chain-dynamics-2026-americas/supply-chain,"Equipment lead times, chartData.data; 2024 Q1 to 2025 Q4; 2026 (e)/(f) excluded",분기 내 마지막 확인값 · 원 자료 축 2024-Q2 (자료 기준 분기). 분기 평균·분기말 확정값 아님.,"2024-Q2 미국·캐나다의 전기 스키드 보고 납기는 36주입니다. 사양은 Electrical skid, minor footprint입니다. 2026년 6월 보고서에 수록된 과거 분기값이며, 현재 발주 견적을 뜻하지 않습니다."
전기 스키드,linesight-jun26-electrical-skid,전기 스키드 · 북미 분기 이력 · Linesight,weeks,2024-Q3,true,latest,1,"[""linesight-jun26-electrical-skid-2024-Q3""]",linesight-jun26-electrical-skid-2024-Q3,2024-Q3,자료 기준 분기,2026-06,2024-Q3,Linesight,"미국·캐나다 · Electrical skid, minor footprint · June 2026 보고서의 과거 분기값",exact,36,36,false,0.0,0.0,,,,전년 동기 대표값 없음 또는 제품 범위 변경,100.0,100.0,2024-Q1,,false,false,https://insights.linesight.com/cmi-2026-june/industry-trends-and-supply-chain-dynamics-2026-americas/supply-chain,"Equipment lead times, chartData.data; 2024 Q1 to 2025 Q4; 2026 (e)/(f) excluded",분기 내 마지막 확인값 · 원 자료 축 2024-Q3 (자료 기준 분기). 분기 평균·분기말 확정값 아님.,"2024-Q3 미국·캐나다의 전기 스키드 보고 납기는 36주입니다. 사양은 Electrical skid, minor footprint입니다. 2026년 6월 보고서에 수록된 과거 분기값이며, 현재 발주 견적을 뜻하지 않습니다."
전기 스키드,linesight-jun26-electrical-skid,전기 스키드 · 북미 분기 이력 · Linesight,weeks,2024-Q4,true,latest,1,"[""linesight-jun26-electrical-skid-2024-Q4""]",linesight-jun26-electrical-skid-2024-Q4,2024-Q4,자료 기준 분기,2026-06,2024-Q4,Linesight,"미국·캐나다 · Electrical skid, minor footprint · June 2026 보고서의 과거 분기값",exact,36,36,false,0.0,0.0,,,,전년 동기 대표값 없음 또는 제품 범위 변경,100.0,100.0,2024-Q1,,false,false,https://insights.linesight.com/cmi-2026-june/industry-trends-and-supply-chain-dynamics-2026-americas/supply-chain,"Equipment lead times, chartData.data; 2024 Q1 to 2025 Q4; 2026 (e)/(f) excluded",분기 내 마지막 확인값 · 원 자료 축 2024-Q4 (자료 기준 분기). 분기 평균·분기말 확정값 아님.,"2024-Q4 미국·캐나다의 전기 스키드 보고 납기는 36주입니다. 사양은 Electrical skid, minor footprint입니다. 2026년 6월 보고서에 수록된 과거 분기값이며, 현재 발주 견적을 뜻하지 않습니다."
전기 스키드,linesight-jun26-electrical-skid,전기 스키드 · 북미 분기 이력 · Linesight,weeks,2025-Q1,true,latest,1,"[""linesight-jun26-electrical-skid-2025-Q1""]",linesight-jun26-electrical-skid-2025-Q1,2025-Q1,자료 기준 분기,2026-06,2025-Q1,Linesight,"미국·캐나다 · Electrical skid, minor footprint · June 2026 보고서의 과거 분기값",exact,36,36,false,0.0,0.0,,0.0,0.0,,100.0,100.0,2024-Q1,,false,false,https://insights.linesight.com/cmi-2026-june/industry-trends-and-supply-chain-dynamics-2026-americas/supply-chain,"Equipment lead times, chartData.data; 2024 Q1 to 2025 Q4; 2026 (e)/(f) excluded",분기 내 마지막 확인값 · 원 자료 축 2025-Q1 (자료 기준 분기). 분기 평균·분기말 확정값 아님.,"2025-Q1 미국·캐나다의 전기 스키드 보고 납기는 36주입니다. 사양은 Electrical skid, minor footprint입니다. 2026년 6월 보고서에 수록된 과거 분기값이며, 현재 발주 견적을 뜻하지 않습니다."
전기 스키드,linesight-jun26-electrical-skid,전기 스키드 · 북미 분기 이력 · Linesight,weeks,2025-Q2,true,latest,1,"[""linesight-jun26-electrical-skid-2025-Q2""]",linesight-jun26-electrical-skid-2025-Q2,2025-Q2,자료 기준 분기,2026-06,2025-Q2,Linesight,"미국·캐나다 · Electrical skid, minor footprint · June 2026 보고서의 과거 분기값",exact,36,36,false,0.0,0.0,,0.0,0.0,,100.0,100.0,2024-Q1,,false,false,https://insights.linesight.com/cmi-2026-june/industry-trends-and-supply-chain-dynamics-2026-americas/supply-chain,"Equipment lead times, chartData.data; 2024 Q1 to 2025 Q4; 2026 (e)/(f) excluded",분기 내 마지막 확인값 · 원 자료 축 2025-Q2 (자료 기준 분기). 분기 평균·분기말 확정값 아님.,"2025-Q2 미국·캐나다의 전기 스키드 보고 납기는 36주입니다. 사양은 Electrical skid, minor footprint입니다. 2026년 6월 보고서에 수록된 과거 분기값이며, 현재 발주 견적을 뜻하지 않습니다."
전기 스키드,linesight-jun26-electrical-skid,전기 스키드 · 북미 분기 이력 · Linesight,weeks,2025-Q3,true,latest,1,"[""linesight-jun26-electrical-skid-2025-Q3""]",linesight-jun26-electrical-skid-2025-Q3,2025-Q3,자료 기준 분기,2026-06,2025-Q3,Linesight,"미국·캐나다 · Electrical skid, minor footprint · June 2026 보고서의 과거 분기값",exact,36,36,false,0.0,0.0,,0.0,0.0,,100.0,100.0,2024-Q1,,false,false,https://insights.linesight.com/cmi-2026-june/industry-trends-and-supply-chain-dynamics-2026-americas/supply-chain,"Equipment lead times, chartData.data; 2024 Q1 to 2025 Q4; 2026 (e)/(f) excluded",분기 내 마지막 확인값 · 원 자료 축 2025-Q3 (자료 기준 분기). 분기 평균·분기말 확정값 아님.,"2025-Q3 미국·캐나다의 전기 스키드 보고 납기는 36주입니다. 사양은 Electrical skid, minor footprint입니다. 2026년 6월 보고서에 수록된 과거 분기값이며, 현재 발주 견적을 뜻하지 않습니다."
전기 스키드,linesight-jun26-electrical-skid,전기 스키드 · 북미 분기 이력 · Linesight,weeks,2025-Q4,true,latest,1,"[""linesight-jun26-electrical-skid-2025-Q4""]",linesight-jun26-electrical-skid-2025-Q4,2025-Q4,자료 기준 분기,2026-06,2025-Q4,Linesight,"미국·캐나다 · Electrical skid, minor footprint · June 2026 보고서의 과거 분기값",exact,36,36,false,0.0,0.0,,0.0,0.0,,100.0,100.0,2024-Q1,,false,false,https://insights.linesight.com/cmi-2026-june/industry-trends-and-supply-chain-dynamics-2026-americas/supply-chain,"Equipment lead times, chartData.data; 2024 Q1 to 2025 Q4; 2026 (e)/(f) excluded",분기 내 마지막 확인값 · 원 자료 축 2025-Q4 (자료 기준 분기). 분기 평균·분기말 확정값 아님.,"2025-Q4 미국·캐나다의 전기 스키드 보고 납기는 36주입니다. 사양은 Electrical skid, minor footprint입니다. 2026년 6월 보고서에 수록된 과거 분기값이며, 현재 발주 견적을 뜻하지 않습니다."
발전기 2–3 MW,linesight-jun26-diesel-generator,발전기 2–3 MW · 북미 분기 이력 · Linesight,weeks,2024-Q1,true,latest,1,"[""linesight-jun26-diesel-generator-2024-Q1""]",linesight-jun26-diesel-generator-2024-Q1,2024-Q1,자료 기준 분기,2026-06,2024-Q1,Linesight,"미국·캐나다 · Diesel generator, 2,000–3,000 kW · June 2026 보고서의 과거 분기값",exact,68,68,false,,,바로 이전 분기 대표값 없음,,,전년 동기 대표값 없음 또는 제품 범위 변경,100.0,100.0,2024-Q1,,false,false,https://insights.linesight.com/cmi-2026-june/industry-trends-and-supply-chain-dynamics-2026-americas/supply-chain,"Equipment lead times, chartData.data; 2024 Q1 to 2025 Q4; 2026 (e)/(f) excluded",분기 내 마지막 확인값 · 원 자료 축 2024-Q1 (자료 기준 분기). 분기 평균·분기말 확정값 아님.,"2024-Q1 미국·캐나다의 발전기 2–3 MW 보고 납기는 68주입니다. 사양은 Diesel generator, 2,000–3,000 kW입니다. 2026년 6월 보고서에 수록된 과거 분기값이며, 현재 발주 견적을 뜻하지 않습니다."
발전기 2–3 MW,linesight-jun26-diesel-generator,발전기 2–3 MW · 북미 분기 이력 · Linesight,weeks,2024-Q2,true,latest,1,"[""linesight-jun26-diesel-generator-2024-Q2""]",linesight-jun26-diesel-generator-2024-Q2,2024-Q2,자료 기준 분기,2026-06,2024-Q2,Linesight,"미국·캐나다 · Diesel generator, 2,000–3,000 kW · June 2026 보고서의 과거 분기값",exact,68,68,false,0.0,0.0,,,,전년 동기 대표값 없음 또는 제품 범위 변경,100.0,100.0,2024-Q1,,false,false,https://insights.linesight.com/cmi-2026-june/industry-trends-and-supply-chain-dynamics-2026-americas/supply-chain,"Equipment lead times, chartData.data; 2024 Q1 to 2025 Q4; 2026 (e)/(f) excluded",분기 내 마지막 확인값 · 원 자료 축 2024-Q2 (자료 기준 분기). 분기 평균·분기말 확정값 아님.,"2024-Q2 미국·캐나다의 발전기 2–3 MW 보고 납기는 68주입니다. 사양은 Diesel generator, 2,000–3,000 kW입니다. 2026년 6월 보고서에 수록된 과거 분기값이며, 현재 발주 견적을 뜻하지 않습니다."
발전기 2–3 MW,linesight-jun26-diesel-generator,발전기 2–3 MW · 북미 분기 이력 · Linesight,weeks,2024-Q3,true,latest,1,"[""linesight-jun26-diesel-generator-2024-Q3""]",linesight-jun26-diesel-generator-2024-Q3,2024-Q3,자료 기준 분기,2026-06,2024-Q3,Linesight,"미국·캐나다 · Diesel generator, 2,000–3,000 kW · June 2026 보고서의 과거 분기값",exact,68,68,false,0.0,0.0,,,,전년 동기 대표값 없음 또는 제품 범위 변경,100.0,100.0,2024-Q1,,false,false,https://insights.linesight.com/cmi-2026-june/industry-trends-and-supply-chain-dynamics-2026-americas/supply-chain,"Equipment lead times, chartData.data; 2024 Q1 to 2025 Q4; 2026 (e)/(f) excluded",분기 내 마지막 확인값 · 원 자료 축 2024-Q3 (자료 기준 분기). 분기 평균·분기말 확정값 아님.,"2024-Q3 미국·캐나다의 발전기 2–3 MW 보고 납기는 68주입니다. 사양은 Diesel generator, 2,000–3,000 kW입니다. 2026년 6월 보고서에 수록된 과거 분기값이며, 현재 발주 견적을 뜻하지 않습니다."
발전기 2–3 MW,linesight-jun26-diesel-generator,발전기 2–3 MW · 북미 분기 이력 · Linesight,weeks,2024-Q4,true,latest,1,"[""linesight-jun26-diesel-generator-2024-Q4""]",linesight-jun26-diesel-generator-2024-Q4,2024-Q4,자료 기준 분기,2026-06,2024-Q4,Linesight,"미국·캐나다 · Diesel generator, 2,000–3,000 kW · June 2026 보고서의 과거 분기값",exact,68,68,false,0.0,0.0,,,,전년 동기 대표값 없음 또는 제품 범위 변경,100.0,100.0,2024-Q1,,false,false,https://insights.linesight.com/cmi-2026-june/industry-trends-and-supply-chain-dynamics-2026-americas/supply-chain,"Equipment lead times, chartData.data; 2024 Q1 to 2025 Q4; 2026 (e)/(f) excluded",분기 내 마지막 확인값 · 원 자료 축 2024-Q4 (자료 기준 분기). 분기 평균·분기말 확정값 아님.,"2024-Q4 미국·캐나다의 발전기 2–3 MW 보고 납기는 68주입니다. 사양은 Diesel generator, 2,000–3,000 kW입니다. 2026년 6월 보고서에 수록된 과거 분기값이며, 현재 발주 견적을 뜻하지 않습니다."
발전기 2–3 MW,linesight-jun26-diesel-generator,발전기 2–3 MW · 북미 분기 이력 · Linesight,weeks,2025-Q1,true,latest,1,"[""linesight-jun26-diesel-generator-2025-Q1""]",linesight-jun26-diesel-generator-2025-Q1,2025-Q1,자료 기준 분기,2026-06,2025-Q1,Linesight,"미국·캐나다 · Diesel generator, 2,000–3,000 kW · June 2026 보고서의 과거 분기값",exact,76,76,false,11.764706,11.764706,,11.764706,11.764706,,111.764706,111.764706,2024-Q1,,false,false,https://insights.linesight.com/cmi-2026-june/industry-trends-and-supply-chain-dynamics-2026-americas/supply-chain,"Equipment lead times, chartData.data; 2024 Q1 to 2025 Q4; 2026 (e)/(f) excluded",분기 내 마지막 확인값 · 원 자료 축 2025-Q1 (자료 기준 분기). 분기 평균·분기말 확정값 아님.,"2025-Q1 미국·캐나다의 발전기 2–3 MW 보고 납기는 76주입니다. 사양은 Diesel generator, 2,000–3,000 kW입니다. 2026년 6월 보고서에 수록된 과거 분기값이며, 현재 발주 견적을 뜻하지 않습니다."
발전기 2–3 MW,linesight-jun26-diesel-generator,발전기 2–3 MW · 북미 분기 이력 · Linesight,weeks,2025-Q2,true,latest,1,"[""linesight-jun26-diesel-generator-2025-Q2""]",linesight-jun26-diesel-generator-2025-Q2,2025-Q2,자료 기준 분기,2026-06,2025-Q2,Linesight,"미국·캐나다 · Diesel generator, 2,000–3,000 kW · June 2026 보고서의 과거 분기값",exact,76,76,false,0.0,0.0,,11.764706,11.764706,,111.764706,111.764706,2024-Q1,,false,false,https://insights.linesight.com/cmi-2026-june/industry-trends-and-supply-chain-dynamics-2026-americas/supply-chain,"Equipment lead times, chartData.data; 2024 Q1 to 2025 Q4; 2026 (e)/(f) excluded",분기 내 마지막 확인값 · 원 자료 축 2025-Q2 (자료 기준 분기). 분기 평균·분기말 확정값 아님.,"2025-Q2 미국·캐나다의 발전기 2–3 MW 보고 납기는 76주입니다. 사양은 Diesel generator, 2,000–3,000 kW입니다. 2026년 6월 보고서에 수록된 과거 분기값이며, 현재 발주 견적을 뜻하지 않습니다."
발전기 2–3 MW,linesight-jun26-diesel-generator,발전기 2–3 MW · 북미 분기 이력 · Linesight,weeks,2025-Q3,true,latest,1,"[""linesight-jun26-diesel-generator-2025-Q3""]",linesight-jun26-diesel-generator-2025-Q3,2025-Q3,자료 기준 분기,2026-06,2025-Q3,Linesight,"미국·캐나다 · Diesel generator, 2,000–3,000 kW · June 2026 보고서의 과거 분기값",exact,76,76,false,0.0,0.0,,11.764706,11.764706,,111.764706,111.764706,2024-Q1,,false,false,https://insights.linesight.com/cmi-2026-june/industry-trends-and-supply-chain-dynamics-2026-americas/supply-chain,"Equipment lead times, chartData.data; 2024 Q1 to 2025 Q4; 2026 (e)/(f) excluded",분기 내 마지막 확인값 · 원 자료 축 2025-Q3 (자료 기준 분기). 분기 평균·분기말 확정값 아님.,"2025-Q3 미국·캐나다의 발전기 2–3 MW 보고 납기는 76주입니다. 사양은 Diesel generator, 2,000–3,000 kW입니다. 2026년 6월 보고서에 수록된 과거 분기값이며, 현재 발주 견적을 뜻하지 않습니다."
발전기 2–3 MW,linesight-jun26-diesel-generator,발전기 2–3 MW · 북미 분기 이력 · Linesight,weeks,2025-Q4,true,latest,1,"[""linesight-jun26-diesel-generator-2025-Q4""]",linesight-jun26-diesel-generator-2025-Q4,2025-Q4,자료 기준 분기,2026-06,2025-Q4,Linesight,"미국·캐나다 · Diesel generator, 2,000–3,000 kW · June 2026 보고서의 과거 분기값",exact,70,70,false,-7.894737,-7.894737,,2.941176,2.941176,,102.941176,102.941176,2024-Q1,,false,false,https://insights.linesight.com/cmi-2026-june/industry-trends-and-supply-chain-dynamics-2026-americas/supply-chain,"Equipment lead times, chartData.data; 2024 Q1 to 2025 Q4; 2026 (e)/(f) excluded",분기 내 마지막 확인값 · 원 자료 축 2025-Q4 (자료 기준 분기). 분기 평균·분기말 확정값 아님.,"2025-Q4 미국·캐나다의 발전기 2–3 MW 보고 납기는 70주입니다. 사양은 Diesel generator, 2,000–3,000 kW입니다. 2026년 6월 보고서에 수록된 과거 분기값이며, 현재 발주 견적을 뜻하지 않습니다."
발전기 3 MW 초과,linesight-jun26-large-generator,발전기 3 MW 초과 · 북미 분기 이력 · Linesight,weeks,2024-Q1,true,latest,1,"[""linesight-jun26-large-generator-2024-Q1""]",linesight-jun26-large-generator-2024-Q1,2024-Q1,자료 기준 분기,2026-06,2024-Q1,Linesight,"미국·캐나다 · Diesel generator >3,000 kW · June 2026 보고서의 과거 분기값",exact,60,60,false,,,바로 이전 분기 대표값 없음,,,전년 동기 대표값 없음 또는 제품 범위 변경,100.0,100.0,2024-Q1,,false,false,https://insights.linesight.com/cmi-2026-june/industry-trends-and-supply-chain-dynamics-2026-americas/supply-chain,"Equipment lead times, chartData.data; 2024 Q1 to 2025 Q4; 2026 (e)/(f) excluded",분기 내 마지막 확인값 · 원 자료 축 2024-Q1 (자료 기준 분기). 분기 평균·분기말 확정값 아님.,"2024-Q1 미국·캐나다의 발전기 3 MW 초과 보고 납기는 60주입니다. 사양은 Diesel generator >3,000 kW입니다. 2026년 6월 보고서에 수록된 과거 분기값이며, 현재 발주 견적을 뜻하지 않습니다."
발전기 3 MW 초과,linesight-jun26-large-generator,발전기 3 MW 초과 · 북미 분기 이력 · Linesight,weeks,2024-Q2,true,latest,1,"[""linesight-jun26-large-generator-2024-Q2""]",linesight-jun26-large-generator-2024-Q2,2024-Q2,자료 기준 분기,2026-06,2024-Q2,Linesight,"미국·캐나다 · Diesel generator >3,000 kW · June 2026 보고서의 과거 분기값",exact,60,60,false,0.0,0.0,,,,전년 동기 대표값 없음 또는 제품 범위 변경,100.0,100.0,2024-Q1,,false,false,https://insights.linesight.com/cmi-2026-june/industry-trends-and-supply-chain-dynamics-2026-americas/supply-chain,"Equipment lead times, chartData.data; 2024 Q1 to 2025 Q4; 2026 (e)/(f) excluded",분기 내 마지막 확인값 · 원 자료 축 2024-Q2 (자료 기준 분기). 분기 평균·분기말 확정값 아님.,"2024-Q2 미국·캐나다의 발전기 3 MW 초과 보고 납기는 60주입니다. 사양은 Diesel generator >3,000 kW입니다. 2026년 6월 보고서에 수록된 과거 분기값이며, 현재 발주 견적을 뜻하지 않습니다."
발전기 3 MW 초과,linesight-jun26-large-generator,발전기 3 MW 초과 · 북미 분기 이력 · Linesight,weeks,2024-Q3,true,latest,1,"[""linesight-jun26-large-generator-2024-Q3""]",linesight-jun26-large-generator-2024-Q3,2024-Q3,자료 기준 분기,2026-06,2024-Q3,Linesight,"미국·캐나다 · Diesel generator >3,000 kW · June 2026 보고서의 과거 분기값",exact,70,70,false,16.666667,16.666667,,,,전년 동기 대표값 없음 또는 제품 범위 변경,116.666667,116.666667,2024-Q1,,false,false,https://insights.linesight.com/cmi-2026-june/industry-trends-and-supply-chain-dynamics-2026-americas/supply-chain,"Equipment lead times, chartData.data; 2024 Q1 to 2025 Q4; 2026 (e)/(f) excluded",분기 내 마지막 확인값 · 원 자료 축 2024-Q3 (자료 기준 분기). 분기 평균·분기말 확정값 아님.,"2024-Q3 미국·캐나다의 발전기 3 MW 초과 보고 납기는 70주입니다. 사양은 Diesel generator >3,000 kW입니다. 2026년 6월 보고서에 수록된 과거 분기값이며, 현재 발주 견적을 뜻하지 않습니다."
발전기 3 MW 초과,linesight-jun26-large-generator,발전기 3 MW 초과 · 북미 분기 이력 · Linesight,weeks,2024-Q4,true,latest,1,"[""linesight-jun26-large-generator-2024-Q4""]",linesight-jun26-large-generator-2024-Q4,2024-Q4,자료 기준 분기,2026-06,2024-Q4,Linesight,"미국·캐나다 · Diesel generator >3,000 kW · June 2026 보고서의 과거 분기값",exact,70,70,false,0.0,0.0,,,,전년 동기 대표값 없음 또는 제품 범위 변경,116.666667,116.666667,2024-Q1,,false,false,https://insights.linesight.com/cmi-2026-june/industry-trends-and-supply-chain-dynamics-2026-americas/supply-chain,"Equipment lead times, chartData.data; 2024 Q1 to 2025 Q4; 2026 (e)/(f) excluded",분기 내 마지막 확인값 · 원 자료 축 2024-Q4 (자료 기준 분기). 분기 평균·분기말 확정값 아님.,"2024-Q4 미국·캐나다의 발전기 3 MW 초과 보고 납기는 70주입니다. 사양은 Diesel generator >3,000 kW입니다. 2026년 6월 보고서에 수록된 과거 분기값이며, 현재 발주 견적을 뜻하지 않습니다."
발전기 3 MW 초과,linesight-jun26-large-generator,발전기 3 MW 초과 · 북미 분기 이력 · Linesight,weeks,2025-Q1,true,latest,1,"[""linesight-jun26-large-generator-2025-Q1""]",linesight-jun26-large-generator-2025-Q1,2025-Q1,자료 기준 분기,2026-06,2025-Q1,Linesight,"미국·캐나다 · Diesel generator >3,000 kW · June 2026 보고서의 과거 분기값",exact,90,90,false,28.571429,28.571429,,50.0,50.0,,150.0,150.0,2024-Q1,,false,false,https://insights.linesight.com/cmi-2026-june/industry-trends-and-supply-chain-dynamics-2026-americas/supply-chain,"Equipment lead times, chartData.data; 2024 Q1 to 2025 Q4; 2026 (e)/(f) excluded",분기 내 마지막 확인값 · 원 자료 축 2025-Q1 (자료 기준 분기). 분기 평균·분기말 확정값 아님.,"2025-Q1 미국·캐나다의 발전기 3 MW 초과 보고 납기는 90주입니다. 사양은 Diesel generator >3,000 kW입니다. 2026년 6월 보고서에 수록된 과거 분기값이며, 현재 발주 견적을 뜻하지 않습니다."
발전기 3 MW 초과,linesight-jun26-large-generator,발전기 3 MW 초과 · 북미 분기 이력 · Linesight,weeks,2025-Q2,true,latest,1,"[""linesight-jun26-large-generator-2025-Q2""]",linesight-jun26-large-generator-2025-Q2,2025-Q2,자료 기준 분기,2026-06,2025-Q2,Linesight,"미국·캐나다 · Diesel generator >3,000 kW · June 2026 보고서의 과거 분기값",exact,90,90,false,0.0,0.0,,50.0,50.0,,150.0,150.0,2024-Q1,,false,false,https://insights.linesight.com/cmi-2026-june/industry-trends-and-supply-chain-dynamics-2026-americas/supply-chain,"Equipment lead times, chartData.data; 2024 Q1 to 2025 Q4; 2026 (e)/(f) excluded",분기 내 마지막 확인값 · 원 자료 축 2025-Q2 (자료 기준 분기). 분기 평균·분기말 확정값 아님.,"2025-Q2 미국·캐나다의 발전기 3 MW 초과 보고 납기는 90주입니다. 사양은 Diesel generator >3,000 kW입니다. 2026년 6월 보고서에 수록된 과거 분기값이며, 현재 발주 견적을 뜻하지 않습니다."
발전기 3 MW 초과,linesight-jun26-large-generator,발전기 3 MW 초과 · 북미 분기 이력 · Linesight,weeks,2025-Q3,true,latest,1,"[""linesight-jun26-large-generator-2025-Q3""]",linesight-jun26-large-generator-2025-Q3,2025-Q3,자료 기준 분기,2026-06,2025-Q3,Linesight,"미국·캐나다 · Diesel generator >3,000 kW · June 2026 보고서의 과거 분기값",exact,95,95,false,5.555556,5.555556,,35.714286,35.714286,,158.333333,158.333333,2024-Q1,,false,false,https://insights.linesight.com/cmi-2026-june/industry-trends-and-supply-chain-dynamics-2026-americas/supply-chain,"Equipment lead times, chartData.data; 2024 Q1 to 2025 Q4; 2026 (e)/(f) excluded",분기 내 마지막 확인값 · 원 자료 축 2025-Q3 (자료 기준 분기). 분기 평균·분기말 확정값 아님.,"2025-Q3 미국·캐나다의 발전기 3 MW 초과 보고 납기는 95주입니다. 사양은 Diesel generator >3,000 kW입니다. 2026년 6월 보고서에 수록된 과거 분기값이며, 현재 발주 견적을 뜻하지 않습니다."
발전기 3 MW 초과,linesight-jun26-large-generator,발전기 3 MW 초과 · 북미 분기 이력 · Linesight,weeks,2025-Q4,true,latest,1,"[""linesight-jun26-large-generator-2025-Q4""]",linesight-jun26-large-generator-2025-Q4,2025-Q4,자료 기준 분기,2026-06,2025-Q4,Linesight,"미국·캐나다 · Diesel generator >3,000 kW · June 2026 보고서의 과거 분기값",exact,105,105,false,10.526316,10.526316,,50.0,50.0,,175.0,175.0,2024-Q1,,false,false,https://insights.linesight.com/cmi-2026-june/industry-trends-and-supply-chain-dynamics-2026-americas/supply-chain,"Equipment lead times, chartData.data; 2024 Q1 to 2025 Q4; 2026 (e)/(f) excluded",분기 내 마지막 확인값 · 원 자료 축 2025-Q4 (자료 기준 분기). 분기 평균·분기말 확정값 아님.,"2025-Q4 미국·캐나다의 발전기 3 MW 초과 보고 납기는 105주입니다. 사양은 Diesel generator >3,000 kW입니다. 2026년 6월 보고서에 수록된 과거 분기값이며, 현재 발주 견적을 뜻하지 않습니다."
저압 배전반,linesight-jun26-lv-switchgear,저압 배전반 · 북미 분기 이력 · Linesight,weeks,2024-Q1,true,latest,1,"[""linesight-jun26-lv-switchgear-2024-Q1""]",linesight-jun26-lv-switchgear-2024-Q1,2024-Q1,자료 기준 분기,2026-06,2024-Q1,Linesight,"미국·캐나다 · LV switchgear, 3,200–4,000 A · June 2026 보고서의 과거 분기값",exact,48,48,false,,,바로 이전 분기 대표값 없음,,,전년 동기 대표값 없음 또는 제품 범위 변경,100.0,100.0,2024-Q1,,false,false,https://insights.linesight.com/cmi-2026-june/industry-trends-and-supply-chain-dynamics-2026-americas/supply-chain,"Equipment lead times, chartData.data; 2024 Q1 to 2025 Q4; 2026 (e)/(f) excluded",분기 내 마지막 확인값 · 원 자료 축 2024-Q1 (자료 기준 분기). 분기 평균·분기말 확정값 아님.,"2024-Q1 미국·캐나다의 저압 배전반 보고 납기는 48주입니다. 사양은 LV switchgear, 3,200–4,000 A입니다. 2026년 6월 보고서에 수록된 과거 분기값이며, 현재 발주 견적을 뜻하지 않습니다."
저압 배전반,linesight-jun26-lv-switchgear,저압 배전반 · 북미 분기 이력 · Linesight,weeks,2024-Q2,true,latest,1,"[""linesight-jun26-lv-switchgear-2024-Q2""]",linesight-jun26-lv-switchgear-2024-Q2,2024-Q2,자료 기준 분기,2026-06,2024-Q2,Linesight,"미국·캐나다 · LV switchgear, 3,200–4,000 A · June 2026 보고서의 과거 분기값",exact,48,48,false,0.0,0.0,,,,전년 동기 대표값 없음 또는 제품 범위 변경,100.0,100.0,2024-Q1,,false,false,https://insights.linesight.com/cmi-2026-june/industry-trends-and-supply-chain-dynamics-2026-americas/supply-chain,"Equipment lead times, chartData.data; 2024 Q1 to 2025 Q4; 2026 (e)/(f) excluded",분기 내 마지막 확인값 · 원 자료 축 2024-Q2 (자료 기준 분기). 분기 평균·분기말 확정값 아님.,"2024-Q2 미국·캐나다의 저압 배전반 보고 납기는 48주입니다. 사양은 LV switchgear, 3,200–4,000 A입니다. 2026년 6월 보고서에 수록된 과거 분기값이며, 현재 발주 견적을 뜻하지 않습니다."
저압 배전반,linesight-jun26-lv-switchgear,저압 배전반 · 북미 분기 이력 · Linesight,weeks,2024-Q3,true,latest,1,"[""linesight-jun26-lv-switchgear-2024-Q3""]",linesight-jun26-lv-switchgear-2024-Q3,2024-Q3,자료 기준 분기,2026-06,2024-Q3,Linesight,"미국·캐나다 · LV switchgear, 3,200–4,000 A · June 2026 보고서의 과거 분기값",exact,48,48,false,0.0,0.0,,,,전년 동기 대표값 없음 또는 제품 범위 변경,100.0,100.0,2024-Q1,,false,false,https://insights.linesight.com/cmi-2026-june/industry-trends-and-supply-chain-dynamics-2026-americas/supply-chain,"Equipment lead times, chartData.data; 2024 Q1 to 2025 Q4; 2026 (e)/(f) excluded",분기 내 마지막 확인값 · 원 자료 축 2024-Q3 (자료 기준 분기). 분기 평균·분기말 확정값 아님.,"2024-Q3 미국·캐나다의 저압 배전반 보고 납기는 48주입니다. 사양은 LV switchgear, 3,200–4,000 A입니다. 2026년 6월 보고서에 수록된 과거 분기값이며, 현재 발주 견적을 뜻하지 않습니다."
저압 배전반,linesight-jun26-lv-switchgear,저압 배전반 · 북미 분기 이력 · Linesight,weeks,2024-Q4,true,latest,1,"[""linesight-jun26-lv-switchgear-2024-Q4""]",linesight-jun26-lv-switchgear-2024-Q4,2024-Q4,자료 기준 분기,2026-06,2024-Q4,Linesight,"미국·캐나다 · LV switchgear, 3,200–4,000 A · June 2026 보고서의 과거 분기값",exact,40,40,false,-16.666667,-16.666667,,,,전년 동기 대표값 없음 또는 제품 범위 변경,83.333333,83.333333,2024-Q1,,false,false,https://insights.linesight.com/cmi-2026-june/industry-trends-and-supply-chain-dynamics-2026-americas/supply-chain,"Equipment lead times, chartData.data; 2024 Q1 to 2025 Q4; 2026 (e)/(f) excluded",분기 내 마지막 확인값 · 원 자료 축 2024-Q4 (자료 기준 분기). 분기 평균·분기말 확정값 아님.,"2024-Q4 미국·캐나다의 저압 배전반 보고 납기는 40주입니다. 사양은 LV switchgear, 3,200–4,000 A입니다. 2026년 6월 보고서에 수록된 과거 분기값이며, 현재 발주 견적을 뜻하지 않습니다."
저압 배전반,linesight-jun26-lv-switchgear,저압 배전반 · 북미 분기 이력 · Linesight,weeks,2025-Q1,true,latest,1,"[""linesight-jun26-lv-switchgear-2025-Q1""]",linesight-jun26-lv-switchgear-2025-Q1,2025-Q1,자료 기준 분기,2026-06,2025-Q1,Linesight,"미국·캐나다 · LV switchgear, 3,200–4,000 A · June 2026 보고서의 과거 분기값",exact,40,40,false,0.0,0.0,,-16.666667,-16.666667,,83.333333,83.333333,2024-Q1,,false,false,https://insights.linesight.com/cmi-2026-june/industry-trends-and-supply-chain-dynamics-2026-americas/supply-chain,"Equipment lead times, chartData.data; 2024 Q1 to 2025 Q4; 2026 (e)/(f) excluded",분기 내 마지막 확인값 · 원 자료 축 2025-Q1 (자료 기준 분기). 분기 평균·분기말 확정값 아님.,"2025-Q1 미국·캐나다의 저압 배전반 보고 납기는 40주입니다. 사양은 LV switchgear, 3,200–4,000 A입니다. 2026년 6월 보고서에 수록된 과거 분기값이며, 현재 발주 견적을 뜻하지 않습니다."
저압 배전반,linesight-jun26-lv-switchgear,저압 배전반 · 북미 분기 이력 · Linesight,weeks,2025-Q2,true,latest,1,"[""linesight-jun26-lv-switchgear-2025-Q2""]",linesight-jun26-lv-switchgear-2025-Q2,2025-Q2,자료 기준 분기,2026-06,2025-Q2,Linesight,"미국·캐나다 · LV switchgear, 3,200–4,000 A · June 2026 보고서의 과거 분기값",exact,40,40,false,0.0,0.0,,-16.666667,-16.666667,,83.333333,83.333333,2024-Q1,,false,false,https://insights.linesight.com/cmi-2026-june/industry-trends-and-supply-chain-dynamics-2026-americas/supply-chain,"Equipment lead times, chartData.data; 2024 Q1 to 2025 Q4; 2026 (e)/(f) excluded",분기 내 마지막 확인값 · 원 자료 축 2025-Q2 (자료 기준 분기). 분기 평균·분기말 확정값 아님.,"2025-Q2 미국·캐나다의 저압 배전반 보고 납기는 40주입니다. 사양은 LV switchgear, 3,200–4,000 A입니다. 2026년 6월 보고서에 수록된 과거 분기값이며, 현재 발주 견적을 뜻하지 않습니다."
저압 배전반,linesight-jun26-lv-switchgear,저압 배전반 · 북미 분기 이력 · Linesight,weeks,2025-Q3,true,latest,1,"[""linesight-jun26-lv-switchgear-2025-Q3""]",linesight-jun26-lv-switchgear-2025-Q3,2025-Q3,자료 기준 분기,2026-06,2025-Q3,Linesight,"미국·캐나다 · LV switchgear, 3,200–4,000 A · June 2026 보고서의 과거 분기값",exact,40,40,false,0.0,0.0,,-16.666667,-16.666667,,83.333333,83.333333,2024-Q1,,false,false,https://insights.linesight.com/cmi-2026-june/industry-trends-and-supply-chain-dynamics-2026-americas/supply-chain,"Equipment lead times, chartData.data; 2024 Q1 to 2025 Q4; 2026 (e)/(f) excluded",분기 내 마지막 확인값 · 원 자료 축 2025-Q3 (자료 기준 분기). 분기 평균·분기말 확정값 아님.,"2025-Q3 미국·캐나다의 저압 배전반 보고 납기는 40주입니다. 사양은 LV switchgear, 3,200–4,000 A입니다. 2026년 6월 보고서에 수록된 과거 분기값이며, 현재 발주 견적을 뜻하지 않습니다."
저압 배전반,linesight-jun26-lv-switchgear,저압 배전반 · 북미 분기 이력 · Linesight,weeks,2025-Q4,true,latest,1,"[""linesight-jun26-lv-switchgear-2025-Q4""]",linesight-jun26-lv-switchgear-2025-Q4,2025-Q4,자료 기준 분기,2026-06,2025-Q4,Linesight,"미국·캐나다 · LV switchgear, 3,200–4,000 A · June 2026 보고서의 과거 분기값",exact,40,40,false,0.0,0.0,,0.0,0.0,,83.333333,83.333333,2024-Q1,,false,false,https://insights.linesight.com/cmi-2026-june/industry-trends-and-supply-chain-dynamics-2026-americas/supply-chain,"Equipment lead times, chartData.data; 2024 Q1 to 2025 Q4; 2026 (e)/(f) excluded",분기 내 마지막 확인값 · 원 자료 축 2025-Q4 (자료 기준 분기). 분기 평균·분기말 확정값 아님.,"2025-Q4 미국·캐나다의 저압 배전반 보고 납기는 40주입니다. 사양은 LV switchgear, 3,200–4,000 A입니다. 2026년 6월 보고서에 수록된 과거 분기값이며, 현재 발주 견적을 뜻하지 않습니다."
중압 변압기,linesight-jun26-mv-transformer,중압 변압기 · 북미 분기 이력 · Linesight,weeks,2024-Q1,true,latest,1,"[""linesight-jun26-mv-transformer-2024-Q1""]",linesight-jun26-mv-transformer-2024-Q1,2024-Q1,자료 기준 분기,2026-06,2024-Q1,Linesight,"미국·캐나다 · MV transformer, 2,000–3,000 kVA · June 2026 보고서의 과거 분기값",exact,52,52,false,,,바로 이전 분기 대표값 없음,,,전년 동기 대표값 없음 또는 제품 범위 변경,100.0,100.0,2024-Q1,,false,false,https://insights.linesight.com/cmi-2026-june/industry-trends-and-supply-chain-dynamics-2026-americas/supply-chain,"Equipment lead times, chartData.data; 2024 Q1 to 2025 Q4; 2026 (e)/(f) excluded",분기 내 마지막 확인값 · 원 자료 축 2024-Q1 (자료 기준 분기). 분기 평균·분기말 확정값 아님.,"2024-Q1 미국·캐나다의 중압 변압기 보고 납기는 52주입니다. 사양은 MV transformer, 2,000–3,000 kVA입니다. 2026년 6월 보고서에 수록된 과거 분기값이며, 현재 발주 견적을 뜻하지 않습니다."
중압 변압기,linesight-jun26-mv-transformer,중압 변압기 · 북미 분기 이력 · Linesight,weeks,2024-Q2,true,latest,1,"[""linesight-jun26-mv-transformer-2024-Q2""]",linesight-jun26-mv-transformer-2024-Q2,2024-Q2,자료 기준 분기,2026-06,2024-Q2,Linesight,"미국·캐나다 · MV transformer, 2,000–3,000 kVA · June 2026 보고서의 과거 분기값",exact,52,52,false,0.0,0.0,,,,전년 동기 대표값 없음 또는 제품 범위 변경,100.0,100.0,2024-Q1,,false,false,https://insights.linesight.com/cmi-2026-june/industry-trends-and-supply-chain-dynamics-2026-americas/supply-chain,"Equipment lead times, chartData.data; 2024 Q1 to 2025 Q4; 2026 (e)/(f) excluded",분기 내 마지막 확인값 · 원 자료 축 2024-Q2 (자료 기준 분기). 분기 평균·분기말 확정값 아님.,"2024-Q2 미국·캐나다의 중압 변압기 보고 납기는 52주입니다. 사양은 MV transformer, 2,000–3,000 kVA입니다. 2026년 6월 보고서에 수록된 과거 분기값이며, 현재 발주 견적을 뜻하지 않습니다."
중압 변압기,linesight-jun26-mv-transformer,중압 변압기 · 북미 분기 이력 · Linesight,weeks,2024-Q3,true,latest,1,"[""linesight-jun26-mv-transformer-2024-Q3""]",linesight-jun26-mv-transformer-2024-Q3,2024-Q3,자료 기준 분기,2026-06,2024-Q3,Linesight,"미국·캐나다 · MV transformer, 2,000–3,000 kVA · June 2026 보고서의 과거 분기값",exact,52,52,false,0.0,0.0,,,,전년 동기 대표값 없음 또는 제품 범위 변경,100.0,100.0,2024-Q1,,false,false,https://insights.linesight.com/cmi-2026-june/industry-trends-and-supply-chain-dynamics-2026-americas/supply-chain,"Equipment lead times, chartData.data; 2024 Q1 to 2025 Q4; 2026 (e)/(f) excluded",분기 내 마지막 확인값 · 원 자료 축 2024-Q3 (자료 기준 분기). 분기 평균·분기말 확정값 아님.,"2024-Q3 미국·캐나다의 중압 변압기 보고 납기는 52주입니다. 사양은 MV transformer, 2,000–3,000 kVA입니다. 2026년 6월 보고서에 수록된 과거 분기값이며, 현재 발주 견적을 뜻하지 않습니다."
중압 변압기,linesight-jun26-mv-transformer,중압 변압기 · 북미 분기 이력 · Linesight,weeks,2024-Q4,true,latest,1,"[""linesight-jun26-mv-transformer-2024-Q4""]",linesight-jun26-mv-transformer-2024-Q4,2024-Q4,자료 기준 분기,2026-06,2024-Q4,Linesight,"미국·캐나다 · MV transformer, 2,000–3,000 kVA · June 2026 보고서의 과거 분기값",exact,52,52,false,0.0,0.0,,,,전년 동기 대표값 없음 또는 제품 범위 변경,100.0,100.0,2024-Q1,,false,false,https://insights.linesight.com/cmi-2026-june/industry-trends-and-supply-chain-dynamics-2026-americas/supply-chain,"Equipment lead times, chartData.data; 2024 Q1 to 2025 Q4; 2026 (e)/(f) excluded",분기 내 마지막 확인값 · 원 자료 축 2024-Q4 (자료 기준 분기). 분기 평균·분기말 확정값 아님.,"2024-Q4 미국·캐나다의 중압 변압기 보고 납기는 52주입니다. 사양은 MV transformer, 2,000–3,000 kVA입니다. 2026년 6월 보고서에 수록된 과거 분기값이며, 현재 발주 견적을 뜻하지 않습니다."
중압 변압기,linesight-jun26-mv-transformer,중압 변압기 · 북미 분기 이력 · Linesight,weeks,2025-Q1,true,latest,1,"[""linesight-jun26-mv-transformer-2025-Q1""]",linesight-jun26-mv-transformer-2025-Q1,2025-Q1,자료 기준 분기,2026-06,2025-Q1,Linesight,"미국·캐나다 · MV transformer, 2,000–3,000 kVA · June 2026 보고서의 과거 분기값",exact,60,60,false,15.384615,15.384615,,15.384615,15.384615,,115.384615,115.384615,2024-Q1,,false,false,https://insights.linesight.com/cmi-2026-june/industry-trends-and-supply-chain-dynamics-2026-americas/supply-chain,"Equipment lead times, chartData.data; 2024 Q1 to 2025 Q4; 2026 (e)/(f) excluded",분기 내 마지막 확인값 · 원 자료 축 2025-Q1 (자료 기준 분기). 분기 평균·분기말 확정값 아님.,"2025-Q1 미국·캐나다의 중압 변압기 보고 납기는 60주입니다. 사양은 MV transformer, 2,000–3,000 kVA입니다. 2026년 6월 보고서에 수록된 과거 분기값이며, 현재 발주 견적을 뜻하지 않습니다."
중압 변압기,linesight-jun26-mv-transformer,중압 변압기 · 북미 분기 이력 · Linesight,weeks,2025-Q2,true,latest,1,"[""linesight-jun26-mv-transformer-2025-Q2""]",linesight-jun26-mv-transformer-2025-Q2,2025-Q2,자료 기준 분기,2026-06,2025-Q2,Linesight,"미국·캐나다 · MV transformer, 2,000–3,000 kVA · June 2026 보고서의 과거 분기값",exact,60,60,false,0.0,0.0,,15.384615,15.384615,,115.384615,115.384615,2024-Q1,,false,false,https://insights.linesight.com/cmi-2026-june/industry-trends-and-supply-chain-dynamics-2026-americas/supply-chain,"Equipment lead times, chartData.data; 2024 Q1 to 2025 Q4; 2026 (e)/(f) excluded",분기 내 마지막 확인값 · 원 자료 축 2025-Q2 (자료 기준 분기). 분기 평균·분기말 확정값 아님.,"2025-Q2 미국·캐나다의 중압 변압기 보고 납기는 60주입니다. 사양은 MV transformer, 2,000–3,000 kVA입니다. 2026년 6월 보고서에 수록된 과거 분기값이며, 현재 발주 견적을 뜻하지 않습니다."
중압 변압기,linesight-jun26-mv-transformer,중압 변압기 · 북미 분기 이력 · Linesight,weeks,2025-Q3,true,latest,1,"[""linesight-jun26-mv-transformer-2025-Q3""]",linesight-jun26-mv-transformer-2025-Q3,2025-Q3,자료 기준 분기,2026-06,2025-Q3,Linesight,"미국·캐나다 · MV transformer, 2,000–3,000 kVA · June 2026 보고서의 과거 분기값",exact,56,56,false,-6.666667,-6.666667,,7.692308,7.692308,,107.692308,107.692308,2024-Q1,,false,false,https://insights.linesight.com/cmi-2026-june/industry-trends-and-supply-chain-dynamics-2026-americas/supply-chain,"Equipment lead times, chartData.data; 2024 Q1 to 2025 Q4; 2026 (e)/(f) excluded",분기 내 마지막 확인값 · 원 자료 축 2025-Q3 (자료 기준 분기). 분기 평균·분기말 확정값 아님.,"2025-Q3 미국·캐나다의 중압 변압기 보고 납기는 56주입니다. 사양은 MV transformer, 2,000–3,000 kVA입니다. 2026년 6월 보고서에 수록된 과거 분기값이며, 현재 발주 견적을 뜻하지 않습니다."
중압 변압기,linesight-jun26-mv-transformer,중압 변압기 · 북미 분기 이력 · Linesight,weeks,2025-Q4,true,latest,1,"[""linesight-jun26-mv-transformer-2025-Q4""]",linesight-jun26-mv-transformer-2025-Q4,2025-Q4,자료 기준 분기,2026-06,2025-Q4,Linesight,"미국·캐나다 · MV transformer, 2,000–3,000 kVA · June 2026 보고서의 과거 분기값",exact,52,52,false,-7.142857,-7.142857,,0.0,0.0,,100.0,100.0,2024-Q1,,false,false,https://insights.linesight.com/cmi-2026-june/industry-trends-and-supply-chain-dynamics-2026-americas/supply-chain,"Equipment lead times, chartData.data; 2024 Q1 to 2025 Q4; 2026 (e)/(f) excluded",분기 내 마지막 확인값 · 원 자료 축 2025-Q4 (자료 기준 분기). 분기 평균·분기말 확정값 아님.,"2025-Q4 미국·캐나다의 중압 변압기 보고 납기는 52주입니다. 사양은 MV transformer, 2,000–3,000 kVA입니다. 2026년 6월 보고서에 수록된 과거 분기값이며, 현재 발주 견적을 뜻하지 않습니다."
중압 배전반,linesight-jun26-mv-switchgear,중압 배전반 · 북미 분기 이력 · Linesight,weeks,2024-Q1,true,latest,1,"[""linesight-jun26-mv-switchgear-2024-Q1""]",linesight-jun26-mv-switchgear-2024-Q1,2024-Q1,자료 기준 분기,2026-06,2024-Q1,Linesight,"미국·캐나다 · MV switchgear, 1,000–2,000 A · June 2026 보고서의 과거 분기값",exact,52,52,false,,,바로 이전 분기 대표값 없음,,,전년 동기 대표값 없음 또는 제품 범위 변경,100.0,100.0,2024-Q1,,false,false,https://insights.linesight.com/cmi-2026-june/industry-trends-and-supply-chain-dynamics-2026-americas/supply-chain,"Equipment lead times, chartData.data; 2024 Q1 to 2025 Q4; 2026 (e)/(f) excluded",분기 내 마지막 확인값 · 원 자료 축 2024-Q1 (자료 기준 분기). 분기 평균·분기말 확정값 아님.,"2024-Q1 미국·캐나다의 중압 배전반 보고 납기는 52주입니다. 사양은 MV switchgear, 1,000–2,000 A입니다. 2026년 6월 보고서에 수록된 과거 분기값이며, 현재 발주 견적을 뜻하지 않습니다."
중압 배전반,linesight-jun26-mv-switchgear,중압 배전반 · 북미 분기 이력 · Linesight,weeks,2024-Q2,true,latest,1,"[""linesight-jun26-mv-switchgear-2024-Q2""]",linesight-jun26-mv-switchgear-2024-Q2,2024-Q2,자료 기준 분기,2026-06,2024-Q2,Linesight,"미국·캐나다 · MV switchgear, 1,000–2,000 A · June 2026 보고서의 과거 분기값",exact,52,52,false,0.0,0.0,,,,전년 동기 대표값 없음 또는 제품 범위 변경,100.0,100.0,2024-Q1,,false,false,https://insights.linesight.com/cmi-2026-june/industry-trends-and-supply-chain-dynamics-2026-americas/supply-chain,"Equipment lead times, chartData.data; 2024 Q1 to 2025 Q4; 2026 (e)/(f) excluded",분기 내 마지막 확인값 · 원 자료 축 2024-Q2 (자료 기준 분기). 분기 평균·분기말 확정값 아님.,"2024-Q2 미국·캐나다의 중압 배전반 보고 납기는 52주입니다. 사양은 MV switchgear, 1,000–2,000 A입니다. 2026년 6월 보고서에 수록된 과거 분기값이며, 현재 발주 견적을 뜻하지 않습니다."
중압 배전반,linesight-jun26-mv-switchgear,중압 배전반 · 북미 분기 이력 · Linesight,weeks,2024-Q3,true,latest,1,"[""linesight-jun26-mv-switchgear-2024-Q3""]",linesight-jun26-mv-switchgear-2024-Q3,2024-Q3,자료 기준 분기,2026-06,2024-Q3,Linesight,"미국·캐나다 · MV switchgear, 1,000–2,000 A · June 2026 보고서의 과거 분기값",exact,48,48,false,-7.692308,-7.692308,,,,전년 동기 대표값 없음 또는 제품 범위 변경,92.307692,92.307692,2024-Q1,,false,false,https://insights.linesight.com/cmi-2026-june/industry-trends-and-supply-chain-dynamics-2026-americas/supply-chain,"Equipment lead times, chartData.data; 2024 Q1 to 2025 Q4; 2026 (e)/(f) excluded",분기 내 마지막 확인값 · 원 자료 축 2024-Q3 (자료 기준 분기). 분기 평균·분기말 확정값 아님.,"2024-Q3 미국·캐나다의 중압 배전반 보고 납기는 48주입니다. 사양은 MV switchgear, 1,000–2,000 A입니다. 2026년 6월 보고서에 수록된 과거 분기값이며, 현재 발주 견적을 뜻하지 않습니다."
중압 배전반,linesight-jun26-mv-switchgear,중압 배전반 · 북미 분기 이력 · Linesight,weeks,2024-Q4,true,latest,1,"[""linesight-jun26-mv-switchgear-2024-Q4""]",linesight-jun26-mv-switchgear-2024-Q4,2024-Q4,자료 기준 분기,2026-06,2024-Q4,Linesight,"미국·캐나다 · MV switchgear, 1,000–2,000 A · June 2026 보고서의 과거 분기값",exact,44,44,false,-8.333333,-8.333333,,,,전년 동기 대표값 없음 또는 제품 범위 변경,84.615385,84.615385,2024-Q1,,false,false,https://insights.linesight.com/cmi-2026-june/industry-trends-and-supply-chain-dynamics-2026-americas/supply-chain,"Equipment lead times, chartData.data; 2024 Q1 to 2025 Q4; 2026 (e)/(f) excluded",분기 내 마지막 확인값 · 원 자료 축 2024-Q4 (자료 기준 분기). 분기 평균·분기말 확정값 아님.,"2024-Q4 미국·캐나다의 중압 배전반 보고 납기는 44주입니다. 사양은 MV switchgear, 1,000–2,000 A입니다. 2026년 6월 보고서에 수록된 과거 분기값이며, 현재 발주 견적을 뜻하지 않습니다."
중압 배전반,linesight-jun26-mv-switchgear,중압 배전반 · 북미 분기 이력 · Linesight,weeks,2025-Q1,true,latest,1,"[""linesight-jun26-mv-switchgear-2025-Q1""]",linesight-jun26-mv-switchgear-2025-Q1,2025-Q1,자료 기준 분기,2026-06,2025-Q1,Linesight,"미국·캐나다 · MV switchgear, 1,000–2,000 A · June 2026 보고서의 과거 분기값",exact,44,44,false,0.0,0.0,,-15.384615,-15.384615,,84.615385,84.615385,2024-Q1,,false,false,https://insights.linesight.com/cmi-2026-june/industry-trends-and-supply-chain-dynamics-2026-americas/supply-chain,"Equipment lead times, chartData.data; 2024 Q1 to 2025 Q4; 2026 (e)/(f) excluded",분기 내 마지막 확인값 · 원 자료 축 2025-Q1 (자료 기준 분기). 분기 평균·분기말 확정값 아님.,"2025-Q1 미국·캐나다의 중압 배전반 보고 납기는 44주입니다. 사양은 MV switchgear, 1,000–2,000 A입니다. 2026년 6월 보고서에 수록된 과거 분기값이며, 현재 발주 견적을 뜻하지 않습니다."
중압 배전반,linesight-jun26-mv-switchgear,중압 배전반 · 북미 분기 이력 · Linesight,weeks,2025-Q2,true,latest,1,"[""linesight-jun26-mv-switchgear-2025-Q2""]",linesight-jun26-mv-switchgear-2025-Q2,2025-Q2,자료 기준 분기,2026-06,2025-Q2,Linesight,"미국·캐나다 · MV switchgear, 1,000–2,000 A · June 2026 보고서의 과거 분기값",exact,42,42,false,-4.545455,-4.545455,,-19.230769,-19.230769,,80.769231,80.769231,2024-Q1,,false,false,https://insights.linesight.com/cmi-2026-june/industry-trends-and-supply-chain-dynamics-2026-americas/supply-chain,"Equipment lead times, chartData.data; 2024 Q1 to 2025 Q4; 2026 (e)/(f) excluded",분기 내 마지막 확인값 · 원 자료 축 2025-Q2 (자료 기준 분기). 분기 평균·분기말 확정값 아님.,"2025-Q2 미국·캐나다의 중압 배전반 보고 납기는 42주입니다. 사양은 MV switchgear, 1,000–2,000 A입니다. 2026년 6월 보고서에 수록된 과거 분기값이며, 현재 발주 견적을 뜻하지 않습니다."
중압 배전반,linesight-jun26-mv-switchgear,중압 배전반 · 북미 분기 이력 · Linesight,weeks,2025-Q3,true,latest,1,"[""linesight-jun26-mv-switchgear-2025-Q3""]",linesight-jun26-mv-switchgear-2025-Q3,2025-Q3,자료 기준 분기,2026-06,2025-Q3,Linesight,"미국·캐나다 · MV switchgear, 1,000–2,000 A · June 2026 보고서의 과거 분기값",exact,42,42,false,0.0,0.0,,-12.5,-12.5,,80.769231,80.769231,2024-Q1,,false,false,https://insights.linesight.com/cmi-2026-june/industry-trends-and-supply-chain-dynamics-2026-americas/supply-chain,"Equipment lead times, chartData.data; 2024 Q1 to 2025 Q4; 2026 (e)/(f) excluded",분기 내 마지막 확인값 · 원 자료 축 2025-Q3 (자료 기준 분기). 분기 평균·분기말 확정값 아님.,"2025-Q3 미국·캐나다의 중압 배전반 보고 납기는 42주입니다. 사양은 MV switchgear, 1,000–2,000 A입니다. 2026년 6월 보고서에 수록된 과거 분기값이며, 현재 발주 견적을 뜻하지 않습니다."
중압 배전반,linesight-jun26-mv-switchgear,중압 배전반 · 북미 분기 이력 · Linesight,weeks,2025-Q4,true,latest,1,"[""linesight-jun26-mv-switchgear-2025-Q4""]",linesight-jun26-mv-switchgear-2025-Q4,2025-Q4,자료 기준 분기,2026-06,2025-Q4,Linesight,"미국·캐나다 · MV switchgear, 1,000–2,000 A · June 2026 보고서의 과거 분기값",exact,42,42,false,0.0,0.0,,-4.545455,-4.545455,,80.769231,80.769231,2024-Q1,,false,false,https://insights.linesight.com/cmi-2026-june/industry-trends-and-supply-chain-dynamics-2026-americas/supply-chain,"Equipment lead times, chartData.data; 2024 Q1 to 2025 Q4; 2026 (e)/(f) excluded",분기 내 마지막 확인값 · 원 자료 축 2025-Q4 (자료 기준 분기). 분기 평균·분기말 확정값 아님.,"2025-Q4 미국·캐나다의 중압 배전반 보고 납기는 42주입니다. 사양은 MV switchgear, 1,000–2,000 A입니다. 2026년 6월 보고서에 수록된 과거 분기값이며, 현재 발주 견적을 뜻하지 않습니다."
PDU,linesight-jun26-pdu,PDU · 북미 분기 이력 · Linesight,weeks,2024-Q1,true,latest,1,"[""linesight-jun26-pdu-2024-Q1""]",linesight-jun26-pdu-2024-Q1,2024-Q1,자료 기준 분기,2026-06,2024-Q1,Linesight,"미국·캐나다 · PDU, 500 kW · June 2026 보고서의 과거 분기값",exact,40,40,false,,,바로 이전 분기 대표값 없음,,,전년 동기 대표값 없음 또는 제품 범위 변경,100.0,100.0,2024-Q1,,false,false,https://insights.linesight.com/cmi-2026-june/industry-trends-and-supply-chain-dynamics-2026-americas/supply-chain,"Equipment lead times, chartData.data; 2024 Q1 to 2025 Q4; 2026 (e)/(f) excluded",분기 내 마지막 확인값 · 원 자료 축 2024-Q1 (자료 기준 분기). 분기 평균·분기말 확정값 아님.,"2024-Q1 미국·캐나다의 PDU 보고 납기는 40주입니다. 사양은 PDU, 500 kW입니다. 2026년 6월 보고서에 수록된 과거 분기값이며, 현재 발주 견적을 뜻하지 않습니다."
PDU,linesight-jun26-pdu,PDU · 북미 분기 이력 · Linesight,weeks,2024-Q2,true,latest,1,"[""linesight-jun26-pdu-2024-Q2""]",linesight-jun26-pdu-2024-Q2,2024-Q2,자료 기준 분기,2026-06,2024-Q2,Linesight,"미국·캐나다 · PDU, 500 kW · June 2026 보고서의 과거 분기값",exact,40,40,false,0.0,0.0,,,,전년 동기 대표값 없음 또는 제품 범위 변경,100.0,100.0,2024-Q1,,false,false,https://insights.linesight.com/cmi-2026-june/industry-trends-and-supply-chain-dynamics-2026-americas/supply-chain,"Equipment lead times, chartData.data; 2024 Q1 to 2025 Q4; 2026 (e)/(f) excluded",분기 내 마지막 확인값 · 원 자료 축 2024-Q2 (자료 기준 분기). 분기 평균·분기말 확정값 아님.,"2024-Q2 미국·캐나다의 PDU 보고 납기는 40주입니다. 사양은 PDU, 500 kW입니다. 2026년 6월 보고서에 수록된 과거 분기값이며, 현재 발주 견적을 뜻하지 않습니다."
PDU,linesight-jun26-pdu,PDU · 북미 분기 이력 · Linesight,weeks,2024-Q3,true,latest,1,"[""linesight-jun26-pdu-2024-Q3""]",linesight-jun26-pdu-2024-Q3,2024-Q3,자료 기준 분기,2026-06,2024-Q3,Linesight,"미국·캐나다 · PDU, 500 kW · June 2026 보고서의 과거 분기값",exact,36,36,false,-10.0,-10.0,,,,전년 동기 대표값 없음 또는 제품 범위 변경,90.0,90.0,2024-Q1,,false,false,https://insights.linesight.com/cmi-2026-june/industry-trends-and-supply-chain-dynamics-2026-americas/supply-chain,"Equipment lead times, chartData.data; 2024 Q1 to 2025 Q4; 2026 (e)/(f) excluded",분기 내 마지막 확인값 · 원 자료 축 2024-Q3 (자료 기준 분기). 분기 평균·분기말 확정값 아님.,"2024-Q3 미국·캐나다의 PDU 보고 납기는 36주입니다. 사양은 PDU, 500 kW입니다. 2026년 6월 보고서에 수록된 과거 분기값이며, 현재 발주 견적을 뜻하지 않습니다."
PDU,linesight-jun26-pdu,PDU · 북미 분기 이력 · Linesight,weeks,2024-Q4,true,latest,1,"[""linesight-jun26-pdu-2024-Q4""]",linesight-jun26-pdu-2024-Q4,2024-Q4,자료 기준 분기,2026-06,2024-Q4,Linesight,"미국·캐나다 · PDU, 500 kW · June 2026 보고서의 과거 분기값",exact,36,36,false,0.0,0.0,,,,전년 동기 대표값 없음 또는 제품 범위 변경,90.0,90.0,2024-Q1,,false,false,https://insights.linesight.com/cmi-2026-june/industry-trends-and-supply-chain-dynamics-2026-americas/supply-chain,"Equipment lead times, chartData.data; 2024 Q1 to 2025 Q4; 2026 (e)/(f) excluded",분기 내 마지막 확인값 · 원 자료 축 2024-Q4 (자료 기준 분기). 분기 평균·분기말 확정값 아님.,"2024-Q4 미국·캐나다의 PDU 보고 납기는 36주입니다. 사양은 PDU, 500 kW입니다. 2026년 6월 보고서에 수록된 과거 분기값이며, 현재 발주 견적을 뜻하지 않습니다."
PDU,linesight-jun26-pdu,PDU · 북미 분기 이력 · Linesight,weeks,2025-Q1,true,latest,1,"[""linesight-jun26-pdu-2025-Q1""]",linesight-jun26-pdu-2025-Q1,2025-Q1,자료 기준 분기,2026-06,2025-Q1,Linesight,"미국·캐나다 · PDU, 500 kW · June 2026 보고서의 과거 분기값",exact,36,36,false,0.0,0.0,,-10.0,-10.0,,90.0,90.0,2024-Q1,,false,false,https://insights.linesight.com/cmi-2026-june/industry-trends-and-supply-chain-dynamics-2026-americas/supply-chain,"Equipment lead times, chartData.data; 2024 Q1 to 2025 Q4; 2026 (e)/(f) excluded",분기 내 마지막 확인값 · 원 자료 축 2025-Q1 (자료 기준 분기). 분기 평균·분기말 확정값 아님.,"2025-Q1 미국·캐나다의 PDU 보고 납기는 36주입니다. 사양은 PDU, 500 kW입니다. 2026년 6월 보고서에 수록된 과거 분기값이며, 현재 발주 견적을 뜻하지 않습니다."
PDU,linesight-jun26-pdu,PDU · 북미 분기 이력 · Linesight,weeks,2025-Q2,true,latest,1,"[""linesight-jun26-pdu-2025-Q2""]",linesight-jun26-pdu-2025-Q2,2025-Q2,자료 기준 분기,2026-06,2025-Q2,Linesight,"미국·캐나다 · PDU, 500 kW · June 2026 보고서의 과거 분기값",exact,36,36,false,0.0,0.0,,-10.0,-10.0,,90.0,90.0,2024-Q1,,false,false,https://insights.linesight.com/cmi-2026-june/industry-trends-and-supply-chain-dynamics-2026-americas/supply-chain,"Equipment lead times, chartData.data; 2024 Q1 to 2025 Q4; 2026 (e)/(f) excluded",분기 내 마지막 확인값 · 원 자료 축 2025-Q2 (자료 기준 분기). 분기 평균·분기말 확정값 아님.,"2025-Q2 미국·캐나다의 PDU 보고 납기는 36주입니다. 사양은 PDU, 500 kW입니다. 2026년 6월 보고서에 수록된 과거 분기값이며, 현재 발주 견적을 뜻하지 않습니다."
PDU,linesight-jun26-pdu,PDU · 북미 분기 이력 · Linesight,weeks,2025-Q3,true,latest,1,"[""linesight-jun26-pdu-2025-Q3""]",linesight-jun26-pdu-2025-Q3,2025-Q3,자료 기준 분기,2026-06,2025-Q3,Linesight,"미국·캐나다 · PDU, 500 kW · June 2026 보고서의 과거 분기값",exact,32,32,false,-11.111111,-11.111111,,-11.111111,-11.111111,,80.0,80.0,2024-Q1,,false,false,https://insights.linesight.com/cmi-2026-june/industry-trends-and-supply-chain-dynamics-2026-americas/supply-chain,"Equipment lead times, chartData.data; 2024 Q1 to 2025 Q4; 2026 (e)/(f) excluded",분기 내 마지막 확인값 · 원 자료 축 2025-Q3 (자료 기준 분기). 분기 평균·분기말 확정값 아님.,"2025-Q3 미국·캐나다의 PDU 보고 납기는 32주입니다. 사양은 PDU, 500 kW입니다. 2026년 6월 보고서에 수록된 과거 분기값이며, 현재 발주 견적을 뜻하지 않습니다."
PDU,linesight-jun26-pdu,PDU · 북미 분기 이력 · Linesight,weeks,2025-Q4,true,latest,1,"[""linesight-jun26-pdu-2025-Q4""]",linesight-jun26-pdu-2025-Q4,2025-Q4,자료 기준 분기,2026-06,2025-Q4,Linesight,"미국·캐나다 · PDU, 500 kW · June 2026 보고서의 과거 분기값",exact,32,32,false,0.0,0.0,,-11.111111,-11.111111,,80.0,80.0,2024-Q1,,false,false,https://insights.linesight.com/cmi-2026-june/industry-trends-and-supply-chain-dynamics-2026-americas/supply-chain,"Equipment lead times, chartData.data; 2024 Q1 to 2025 Q4; 2026 (e)/(f) excluded",분기 내 마지막 확인값 · 원 자료 축 2025-Q4 (자료 기준 분기). 분기 평균·분기말 확정값 아님.,"2025-Q4 미국·캐나다의 PDU 보고 납기는 32주입니다. 사양은 PDU, 500 kW입니다. 2026년 6월 보고서에 수록된 과거 분기값이며, 현재 발주 견적을 뜻하지 않습니다."
RMU,linesight-jun26-rmu,RMU · 북미 분기 이력 · Linesight,weeks,2024-Q1,true,latest,1,"[""linesight-jun26-rmu-2024-Q1""]",linesight-jun26-rmu-2024-Q1,2024-Q1,자료 기준 분기,2026-06,2024-Q1,Linesight,미국·캐나다 · RMU <800 A · June 2026 보고서의 과거 분기값,exact,42,42,false,,,바로 이전 분기 대표값 없음,,,전년 동기 대표값 없음 또는 제품 범위 변경,100.0,100.0,2024-Q1,,false,false,https://insights.linesight.com/cmi-2026-june/industry-trends-and-supply-chain-dynamics-2026-americas/supply-chain,"Equipment lead times, chartData.data; 2024 Q1 to 2025 Q4; 2026 (e)/(f) excluded",분기 내 마지막 확인값 · 원 자료 축 2024-Q1 (자료 기준 분기). 분기 평균·분기말 확정값 아님.,"2024-Q1 미국·캐나다의 RMU 보고 납기는 42주입니다. 사양은 RMU <800 A입니다. 2026년 6월 보고서에 수록된 과거 분기값이며, 현재 발주 견적을 뜻하지 않습니다."
RMU,linesight-jun26-rmu,RMU · 북미 분기 이력 · Linesight,weeks,2024-Q2,true,latest,1,"[""linesight-jun26-rmu-2024-Q2""]",linesight-jun26-rmu-2024-Q2,2024-Q2,자료 기준 분기,2026-06,2024-Q2,Linesight,미국·캐나다 · RMU <800 A · June 2026 보고서의 과거 분기값,exact,42,42,false,0.0,0.0,,,,전년 동기 대표값 없음 또는 제품 범위 변경,100.0,100.0,2024-Q1,,false,false,https://insights.linesight.com/cmi-2026-june/industry-trends-and-supply-chain-dynamics-2026-americas/supply-chain,"Equipment lead times, chartData.data; 2024 Q1 to 2025 Q4; 2026 (e)/(f) excluded",분기 내 마지막 확인값 · 원 자료 축 2024-Q2 (자료 기준 분기). 분기 평균·분기말 확정값 아님.,"2024-Q2 미국·캐나다의 RMU 보고 납기는 42주입니다. 사양은 RMU <800 A입니다. 2026년 6월 보고서에 수록된 과거 분기값이며, 현재 발주 견적을 뜻하지 않습니다."
RMU,linesight-jun26-rmu,RMU · 북미 분기 이력 · Linesight,weeks,2024-Q3,true,latest,1,"[""linesight-jun26-rmu-2024-Q3""]",linesight-jun26-rmu-2024-Q3,2024-Q3,자료 기준 분기,2026-06,2024-Q3,Linesight,미국·캐나다 · RMU <800 A · June 2026 보고서의 과거 분기값,exact,42,42,false,0.0,0.0,,,,전년 동기 대표값 없음 또는 제품 범위 변경,100.0,100.0,2024-Q1,,false,false,https://insights.linesight.com/cmi-2026-june/industry-trends-and-supply-chain-dynamics-2026-americas/supply-chain,"Equipment lead times, chartData.data; 2024 Q1 to 2025 Q4; 2026 (e)/(f) excluded",분기 내 마지막 확인값 · 원 자료 축 2024-Q3 (자료 기준 분기). 분기 평균·분기말 확정값 아님.,"2024-Q3 미국·캐나다의 RMU 보고 납기는 42주입니다. 사양은 RMU <800 A입니다. 2026년 6월 보고서에 수록된 과거 분기값이며, 현재 발주 견적을 뜻하지 않습니다."
RMU,linesight-jun26-rmu,RMU · 북미 분기 이력 · Linesight,weeks,2024-Q4,true,latest,1,"[""linesight-jun26-rmu-2024-Q4""]",linesight-jun26-rmu-2024-Q4,2024-Q4,자료 기준 분기,2026-06,2024-Q4,Linesight,미국·캐나다 · RMU <800 A · June 2026 보고서의 과거 분기값,exact,42,42,false,0.0,0.0,,,,전년 동기 대표값 없음 또는 제품 범위 변경,100.0,100.0,2024-Q1,,false,false,https://insights.linesight.com/cmi-2026-june/industry-trends-and-supply-chain-dynamics-2026-americas/supply-chain,"Equipment lead times, chartData.data; 2024 Q1 to 2025 Q4; 2026 (e)/(f) excluded",분기 내 마지막 확인값 · 원 자료 축 2024-Q4 (자료 기준 분기). 분기 평균·분기말 확정값 아님.,"2024-Q4 미국·캐나다의 RMU 보고 납기는 42주입니다. 사양은 RMU <800 A입니다. 2026년 6월 보고서에 수록된 과거 분기값이며, 현재 발주 견적을 뜻하지 않습니다."
RMU,linesight-jun26-rmu,RMU · 북미 분기 이력 · Linesight,weeks,2025-Q1,true,latest,1,"[""linesight-jun26-rmu-2025-Q1""]",linesight-jun26-rmu-2025-Q1,2025-Q1,자료 기준 분기,2026-06,2025-Q1,Linesight,미국·캐나다 · RMU <800 A · June 2026 보고서의 과거 분기값,exact,38,38,false,-9.52381,-9.52381,,-9.52381,-9.52381,,90.47619,90.47619,2024-Q1,,false,false,https://insights.linesight.com/cmi-2026-june/industry-trends-and-supply-chain-dynamics-2026-americas/supply-chain,"Equipment lead times, chartData.data; 2024 Q1 to 2025 Q4; 2026 (e)/(f) excluded",분기 내 마지막 확인값 · 원 자료 축 2025-Q1 (자료 기준 분기). 분기 평균·분기말 확정값 아님.,"2025-Q1 미국·캐나다의 RMU 보고 납기는 38주입니다. 사양은 RMU <800 A입니다. 2026년 6월 보고서에 수록된 과거 분기값이며, 현재 발주 견적을 뜻하지 않습니다."
RMU,linesight-jun26-rmu,RMU · 북미 분기 이력 · Linesight,weeks,2025-Q2,true,latest,1,"[""linesight-jun26-rmu-2025-Q2""]",linesight-jun26-rmu-2025-Q2,2025-Q2,자료 기준 분기,2026-06,2025-Q2,Linesight,미국·캐나다 · RMU <800 A · June 2026 보고서의 과거 분기값,exact,36,36,false,-5.263158,-5.263158,,-14.285714,-14.285714,,85.714286,85.714286,2024-Q1,,false,false,https://insights.linesight.com/cmi-2026-june/industry-trends-and-supply-chain-dynamics-2026-americas/supply-chain,"Equipment lead times, chartData.data; 2024 Q1 to 2025 Q4; 2026 (e)/(f) excluded",분기 내 마지막 확인값 · 원 자료 축 2025-Q2 (자료 기준 분기). 분기 평균·분기말 확정값 아님.,"2025-Q2 미국·캐나다의 RMU 보고 납기는 36주입니다. 사양은 RMU <800 A입니다. 2026년 6월 보고서에 수록된 과거 분기값이며, 현재 발주 견적을 뜻하지 않습니다."
RMU,linesight-jun26-rmu,RMU · 북미 분기 이력 · Linesight,weeks,2025-Q3,true,latest,1,"[""linesight-jun26-rmu-2025-Q3""]",linesight-jun26-rmu-2025-Q3,2025-Q3,자료 기준 분기,2026-06,2025-Q3,Linesight,미국·캐나다 · RMU <800 A · June 2026 보고서의 과거 분기값,exact,36,36,false,0.0,0.0,,-14.285714,-14.285714,,85.714286,85.714286,2024-Q1,,false,false,https://insights.linesight.com/cmi-2026-june/industry-trends-and-supply-chain-dynamics-2026-americas/supply-chain,"Equipment lead times, chartData.data; 2024 Q1 to 2025 Q4; 2026 (e)/(f) excluded",분기 내 마지막 확인값 · 원 자료 축 2025-Q3 (자료 기준 분기). 분기 평균·분기말 확정값 아님.,"2025-Q3 미국·캐나다의 RMU 보고 납기는 36주입니다. 사양은 RMU <800 A입니다. 2026년 6월 보고서에 수록된 과거 분기값이며, 현재 발주 견적을 뜻하지 않습니다."
RMU,linesight-jun26-rmu,RMU · 북미 분기 이력 · Linesight,weeks,2025-Q4,true,latest,1,"[""linesight-jun26-rmu-2025-Q4""]",linesight-jun26-rmu-2025-Q4,2025-Q4,자료 기준 분기,2026-06,2025-Q4,Linesight,미국·캐나다 · RMU <800 A · June 2026 보고서의 과거 분기값,exact,36,36,false,0.0,0.0,,-14.285714,-14.285714,,85.714286,85.714286,2024-Q1,,false,false,https://insights.linesight.com/cmi-2026-june/industry-trends-and-supply-chain-dynamics-2026-americas/supply-chain,"Equipment lead times, chartData.data; 2024 Q1 to 2025 Q4; 2026 (e)/(f) excluded",분기 내 마지막 확인값 · 원 자료 축 2025-Q4 (자료 기준 분기). 분기 평균·분기말 확정값 아님.,"2025-Q4 미국·캐나다의 RMU 보고 납기는 36주입니다. 사양은 RMU <800 A입니다. 2026년 6월 보고서에 수록된 과거 분기값이며, 현재 발주 견적을 뜻하지 않습니다."
STS,linesight-jun26-sts,STS · 북미 분기 이력 · Linesight,weeks,2024-Q1,true,latest,1,"[""linesight-jun26-sts-2024-Q1""]",linesight-jun26-sts-2024-Q1,2024-Q1,자료 기준 분기,2026-06,2024-Q1,Linesight,"미국·캐나다 · Static transfer switch >1,800 A · June 2026 보고서의 과거 분기값",exact,36,36,false,,,바로 이전 분기 대표값 없음,,,전년 동기 대표값 없음 또는 제품 범위 변경,100.0,100.0,2024-Q1,,false,false,https://insights.linesight.com/cmi-2026-june/industry-trends-and-supply-chain-dynamics-2026-americas/supply-chain,"Equipment lead times, chartData.data; 2024 Q1 to 2025 Q4; 2026 (e)/(f) excluded",분기 내 마지막 확인값 · 원 자료 축 2024-Q1 (자료 기준 분기). 분기 평균·분기말 확정값 아님.,"2024-Q1 미국·캐나다의 STS 보고 납기는 36주입니다. 사양은 Static transfer switch >1,800 A입니다. 2026년 6월 보고서에 수록된 과거 분기값이며, 현재 발주 견적을 뜻하지 않습니다."
STS,linesight-jun26-sts,STS · 북미 분기 이력 · Linesight,weeks,2024-Q2,true,latest,1,"[""linesight-jun26-sts-2024-Q2""]",linesight-jun26-sts-2024-Q2,2024-Q2,자료 기준 분기,2026-06,2024-Q2,Linesight,"미국·캐나다 · Static transfer switch >1,800 A · June 2026 보고서의 과거 분기값",exact,36,36,false,0.0,0.0,,,,전년 동기 대표값 없음 또는 제품 범위 변경,100.0,100.0,2024-Q1,,false,false,https://insights.linesight.com/cmi-2026-june/industry-trends-and-supply-chain-dynamics-2026-americas/supply-chain,"Equipment lead times, chartData.data; 2024 Q1 to 2025 Q4; 2026 (e)/(f) excluded",분기 내 마지막 확인값 · 원 자료 축 2024-Q2 (자료 기준 분기). 분기 평균·분기말 확정값 아님.,"2024-Q2 미국·캐나다의 STS 보고 납기는 36주입니다. 사양은 Static transfer switch >1,800 A입니다. 2026년 6월 보고서에 수록된 과거 분기값이며, 현재 발주 견적을 뜻하지 않습니다."
STS,linesight-jun26-sts,STS · 북미 분기 이력 · Linesight,weeks,2024-Q3,true,latest,1,"[""linesight-jun26-sts-2024-Q3""]",linesight-jun26-sts-2024-Q3,2024-Q3,자료 기준 분기,2026-06,2024-Q3,Linesight,"미국·캐나다 · Static transfer switch >1,800 A · June 2026 보고서의 과거 분기값",exact,36,36,false,0.0,0.0,,,,전년 동기 대표값 없음 또는 제품 범위 변경,100.0,100.0,2024-Q1,,false,false,https://insights.linesight.com/cmi-2026-june/industry-trends-and-supply-chain-dynamics-2026-americas/supply-chain,"Equipment lead times, chartData.data; 2024 Q1 to 2025 Q4; 2026 (e)/(f) excluded",분기 내 마지막 확인값 · 원 자료 축 2024-Q3 (자료 기준 분기). 분기 평균·분기말 확정값 아님.,"2024-Q3 미국·캐나다의 STS 보고 납기는 36주입니다. 사양은 Static transfer switch >1,800 A입니다. 2026년 6월 보고서에 수록된 과거 분기값이며, 현재 발주 견적을 뜻하지 않습니다."
STS,linesight-jun26-sts,STS · 북미 분기 이력 · Linesight,weeks,2024-Q4,true,latest,1,"[""linesight-jun26-sts-2024-Q4""]",linesight-jun26-sts-2024-Q4,2024-Q4,자료 기준 분기,2026-06,2024-Q4,Linesight,"미국·캐나다 · Static transfer switch >1,800 A · June 2026 보고서의 과거 분기값",exact,36,36,false,0.0,0.0,,,,전년 동기 대표값 없음 또는 제품 범위 변경,100.0,100.0,2024-Q1,,false,false,https://insights.linesight.com/cmi-2026-june/industry-trends-and-supply-chain-dynamics-2026-americas/supply-chain,"Equipment lead times, chartData.data; 2024 Q1 to 2025 Q4; 2026 (e)/(f) excluded",분기 내 마지막 확인값 · 원 자료 축 2024-Q4 (자료 기준 분기). 분기 평균·분기말 확정값 아님.,"2024-Q4 미국·캐나다의 STS 보고 납기는 36주입니다. 사양은 Static transfer switch >1,800 A입니다. 2026년 6월 보고서에 수록된 과거 분기값이며, 현재 발주 견적을 뜻하지 않습니다."
STS,linesight-jun26-sts,STS · 북미 분기 이력 · Linesight,weeks,2025-Q1,true,latest,1,"[""linesight-jun26-sts-2025-Q1""]",linesight-jun26-sts-2025-Q1,2025-Q1,자료 기준 분기,2026-06,2025-Q1,Linesight,"미국·캐나다 · Static transfer switch >1,800 A · June 2026 보고서의 과거 분기값",exact,32,32,false,-11.111111,-11.111111,,-11.111111,-11.111111,,88.888889,88.888889,2024-Q1,,false,false,https://insights.linesight.com/cmi-2026-june/industry-trends-and-supply-chain-dynamics-2026-americas/supply-chain,"Equipment lead times, chartData.data; 2024 Q1 to 2025 Q4; 2026 (e)/(f) excluded",분기 내 마지막 확인값 · 원 자료 축 2025-Q1 (자료 기준 분기). 분기 평균·분기말 확정값 아님.,"2025-Q1 미국·캐나다의 STS 보고 납기는 32주입니다. 사양은 Static transfer switch >1,800 A입니다. 2026년 6월 보고서에 수록된 과거 분기값이며, 현재 발주 견적을 뜻하지 않습니다."
STS,linesight-jun26-sts,STS · 북미 분기 이력 · Linesight,weeks,2025-Q2,true,latest,1,"[""linesight-jun26-sts-2025-Q2""]",linesight-jun26-sts-2025-Q2,2025-Q2,자료 기준 분기,2026-06,2025-Q2,Linesight,"미국·캐나다 · Static transfer switch >1,800 A · June 2026 보고서의 과거 분기값",exact,32,32,false,0.0,0.0,,-11.111111,-11.111111,,88.888889,88.888889,2024-Q1,,false,false,https://insights.linesight.com/cmi-2026-june/industry-trends-and-supply-chain-dynamics-2026-americas/supply-chain,"Equipment lead times, chartData.data; 2024 Q1 to 2025 Q4; 2026 (e)/(f) excluded",분기 내 마지막 확인값 · 원 자료 축 2025-Q2 (자료 기준 분기). 분기 평균·분기말 확정값 아님.,"2025-Q2 미국·캐나다의 STS 보고 납기는 32주입니다. 사양은 Static transfer switch >1,800 A입니다. 2026년 6월 보고서에 수록된 과거 분기값이며, 현재 발주 견적을 뜻하지 않습니다."
STS,linesight-jun26-sts,STS · 북미 분기 이력 · Linesight,weeks,2025-Q3,true,latest,1,"[""linesight-jun26-sts-2025-Q3""]",linesight-jun26-sts-2025-Q3,2025-Q3,자료 기준 분기,2026-06,2025-Q3,Linesight,"미국·캐나다 · Static transfer switch >1,800 A · June 2026 보고서의 과거 분기값",exact,32,32,false,0.0,0.0,,-11.111111,-11.111111,,88.888889,88.888889,2024-Q1,,false,false,https://insights.linesight.com/cmi-2026-june/industry-trends-and-supply-chain-dynamics-2026-americas/supply-chain,"Equipment lead times, chartData.data; 2024 Q1 to 2025 Q4; 2026 (e)/(f) excluded",분기 내 마지막 확인값 · 원 자료 축 2025-Q3 (자료 기준 분기). 분기 평균·분기말 확정값 아님.,"2025-Q3 미국·캐나다의 STS 보고 납기는 32주입니다. 사양은 Static transfer switch >1,800 A입니다. 2026년 6월 보고서에 수록된 과거 분기값이며, 현재 발주 견적을 뜻하지 않습니다."
STS,linesight-jun26-sts,STS · 북미 분기 이력 · Linesight,weeks,2025-Q4,true,latest,1,"[""linesight-jun26-sts-2025-Q4""]",linesight-jun26-sts-2025-Q4,2025-Q4,자료 기준 분기,2026-06,2025-Q4,Linesight,"미국·캐나다 · Static transfer switch >1,800 A · June 2026 보고서의 과거 분기값",exact,32,32,false,0.0,0.0,,-11.111111,-11.111111,,88.888889,88.888889,2024-Q1,,false,false,https://insights.linesight.com/cmi-2026-june/industry-trends-and-supply-chain-dynamics-2026-americas/supply-chain,"Equipment lead times, chartData.data; 2024 Q1 to 2025 Q4; 2026 (e)/(f) excluded",분기 내 마지막 확인값 · 원 자료 축 2025-Q4 (자료 기준 분기). 분기 평균·분기말 확정값 아님.,"2025-Q4 미국·캐나다의 STS 보고 납기는 32주입니다. 사양은 Static transfer switch >1,800 A입니다. 2026년 6월 보고서에 수록된 과거 분기값이며, 현재 발주 견적을 뜻하지 않습니다."
UPS,linesight-jun26-ups,UPS · 북미 분기 이력 · Linesight,weeks,2024-Q1,true,latest,1,"[""linesight-jun26-ups-2024-Q1""]",linesight-jun26-ups-2024-Q1,2024-Q1,자료 기준 분기,2026-06,2024-Q1,Linesight,"미국·캐나다 · UPS, 1,000–1,600 kW · June 2026 보고서의 과거 분기값",exact,34,34,false,,,바로 이전 분기 대표값 없음,,,전년 동기 대표값 없음 또는 제품 범위 변경,100.0,100.0,2024-Q1,,false,false,https://insights.linesight.com/cmi-2026-june/industry-trends-and-supply-chain-dynamics-2026-americas/supply-chain,"Equipment lead times, chartData.data; 2024 Q1 to 2025 Q4; 2026 (e)/(f) excluded",분기 내 마지막 확인값 · 원 자료 축 2024-Q1 (자료 기준 분기). 분기 평균·분기말 확정값 아님.,"2024-Q1 미국·캐나다의 UPS 보고 납기는 34주입니다. 사양은 UPS, 1,000–1,600 kW입니다. 2026년 6월 보고서에 수록된 과거 분기값이며, 현재 발주 견적을 뜻하지 않습니다."
UPS,linesight-jun26-ups,UPS · 북미 분기 이력 · Linesight,weeks,2024-Q2,true,latest,1,"[""linesight-jun26-ups-2024-Q2""]",linesight-jun26-ups-2024-Q2,2024-Q2,자료 기준 분기,2026-06,2024-Q2,Linesight,"미국·캐나다 · UPS, 1,000–1,600 kW · June 2026 보고서의 과거 분기값",exact,34,34,false,0.0,0.0,,,,전년 동기 대표값 없음 또는 제품 범위 변경,100.0,100.0,2024-Q1,,false,false,https://insights.linesight.com/cmi-2026-june/industry-trends-and-supply-chain-dynamics-2026-americas/supply-chain,"Equipment lead times, chartData.data; 2024 Q1 to 2025 Q4; 2026 (e)/(f) excluded",분기 내 마지막 확인값 · 원 자료 축 2024-Q2 (자료 기준 분기). 분기 평균·분기말 확정값 아님.,"2024-Q2 미국·캐나다의 UPS 보고 납기는 34주입니다. 사양은 UPS, 1,000–1,600 kW입니다. 2026년 6월 보고서에 수록된 과거 분기값이며, 현재 발주 견적을 뜻하지 않습니다."
UPS,linesight-jun26-ups,UPS · 북미 분기 이력 · Linesight,weeks,2024-Q3,true,latest,1,"[""linesight-jun26-ups-2024-Q3""]",linesight-jun26-ups-2024-Q3,2024-Q3,자료 기준 분기,2026-06,2024-Q3,Linesight,"미국·캐나다 · UPS, 1,000–1,600 kW · June 2026 보고서의 과거 분기값",exact,34,34,false,0.0,0.0,,,,전년 동기 대표값 없음 또는 제품 범위 변경,100.0,100.0,2024-Q1,,false,false,https://insights.linesight.com/cmi-2026-june/industry-trends-and-supply-chain-dynamics-2026-americas/supply-chain,"Equipment lead times, chartData.data; 2024 Q1 to 2025 Q4; 2026 (e)/(f) excluded",분기 내 마지막 확인값 · 원 자료 축 2024-Q3 (자료 기준 분기). 분기 평균·분기말 확정값 아님.,"2024-Q3 미국·캐나다의 UPS 보고 납기는 34주입니다. 사양은 UPS, 1,000–1,600 kW입니다. 2026년 6월 보고서에 수록된 과거 분기값이며, 현재 발주 견적을 뜻하지 않습니다."
UPS,linesight-jun26-ups,UPS · 북미 분기 이력 · Linesight,weeks,2024-Q4,true,latest,1,"[""linesight-jun26-ups-2024-Q4""]",linesight-jun26-ups-2024-Q4,2024-Q4,자료 기준 분기,2026-06,2024-Q4,Linesight,"미국·캐나다 · UPS, 1,000–1,600 kW · June 2026 보고서의 과거 분기값",exact,34,34,false,0.0,0.0,,,,전년 동기 대표값 없음 또는 제품 범위 변경,100.0,100.0,2024-Q1,,false,false,https://insights.linesight.com/cmi-2026-june/industry-trends-and-supply-chain-dynamics-2026-americas/supply-chain,"Equipment lead times, chartData.data; 2024 Q1 to 2025 Q4; 2026 (e)/(f) excluded",분기 내 마지막 확인값 · 원 자료 축 2024-Q4 (자료 기준 분기). 분기 평균·분기말 확정값 아님.,"2024-Q4 미국·캐나다의 UPS 보고 납기는 34주입니다. 사양은 UPS, 1,000–1,600 kW입니다. 2026년 6월 보고서에 수록된 과거 분기값이며, 현재 발주 견적을 뜻하지 않습니다."
UPS,linesight-jun26-ups,UPS · 북미 분기 이력 · Linesight,weeks,2025-Q1,true,latest,1,"[""linesight-jun26-ups-2025-Q1""]",linesight-jun26-ups-2025-Q1,2025-Q1,자료 기준 분기,2026-06,2025-Q1,Linesight,"미국·캐나다 · UPS, 1,000–1,600 kW · June 2026 보고서의 과거 분기값",exact,36,36,false,5.882353,5.882353,,5.882353,5.882353,,105.882353,105.882353,2024-Q1,,false,false,https://insights.linesight.com/cmi-2026-june/industry-trends-and-supply-chain-dynamics-2026-americas/supply-chain,"Equipment lead times, chartData.data; 2024 Q1 to 2025 Q4; 2026 (e)/(f) excluded",분기 내 마지막 확인값 · 원 자료 축 2025-Q1 (자료 기준 분기). 분기 평균·분기말 확정값 아님.,"2025-Q1 미국·캐나다의 UPS 보고 납기는 36주입니다. 사양은 UPS, 1,000–1,600 kW입니다. 2026년 6월 보고서에 수록된 과거 분기값이며, 현재 발주 견적을 뜻하지 않습니다."
UPS,linesight-jun26-ups,UPS · 북미 분기 이력 · Linesight,weeks,2025-Q2,true,latest,1,"[""linesight-jun26-ups-2025-Q2""]",linesight-jun26-ups-2025-Q2,2025-Q2,자료 기준 분기,2026-06,2025-Q2,Linesight,"미국·캐나다 · UPS, 1,000–1,600 kW · June 2026 보고서의 과거 분기값",exact,36,36,false,0.0,0.0,,5.882353,5.882353,,105.882353,105.882353,2024-Q1,,false,false,https://insights.linesight.com/cmi-2026-june/industry-trends-and-supply-chain-dynamics-2026-americas/supply-chain,"Equipment lead times, chartData.data; 2024 Q1 to 2025 Q4; 2026 (e)/(f) excluded",분기 내 마지막 확인값 · 원 자료 축 2025-Q2 (자료 기준 분기). 분기 평균·분기말 확정값 아님.,"2025-Q2 미국·캐나다의 UPS 보고 납기는 36주입니다. 사양은 UPS, 1,000–1,600 kW입니다. 2026년 6월 보고서에 수록된 과거 분기값이며, 현재 발주 견적을 뜻하지 않습니다."
UPS,linesight-jun26-ups,UPS · 북미 분기 이력 · Linesight,weeks,2025-Q3,true,latest,1,"[""linesight-jun26-ups-2025-Q3""]",linesight-jun26-ups-2025-Q3,2025-Q3,자료 기준 분기,2026-06,2025-Q3,Linesight,"미국·캐나다 · UPS, 1,000–1,600 kW · June 2026 보고서의 과거 분기값",exact,36,36,false,0.0,0.0,,5.882353,5.882353,,105.882353,105.882353,2024-Q1,,false,false,https://insights.linesight.com/cmi-2026-june/industry-trends-and-supply-chain-dynamics-2026-americas/supply-chain,"Equipment lead times, chartData.data; 2024 Q1 to 2025 Q4; 2026 (e)/(f) excluded",분기 내 마지막 확인값 · 원 자료 축 2025-Q3 (자료 기준 분기). 분기 평균·분기말 확정값 아님.,"2025-Q3 미국·캐나다의 UPS 보고 납기는 36주입니다. 사양은 UPS, 1,000–1,600 kW입니다. 2026년 6월 보고서에 수록된 과거 분기값이며, 현재 발주 견적을 뜻하지 않습니다."
UPS,linesight-jun26-ups,UPS · 북미 분기 이력 · Linesight,weeks,2025-Q4,true,latest,1,"[""linesight-jun26-ups-2025-Q4""]",linesight-jun26-ups-2025-Q4,2025-Q4,자료 기준 분기,2026-06,2025-Q4,Linesight,"미국·캐나다 · UPS, 1,000–1,600 kW · June 2026 보고서의 과거 분기값",exact,36,36,false,0.0,0.0,,5.882353,5.882353,,105.882353,105.882353,2024-Q1,,false,false,https://insights.linesight.com/cmi-2026-june/industry-trends-and-supply-chain-dynamics-2026-americas/supply-chain,"Equipment lead times, chartData.data; 2024 Q1 to 2025 Q4; 2026 (e)/(f) excluded",분기 내 마지막 확인값 · 원 자료 축 2025-Q4 (자료 기준 분기). 분기 평균·분기말 확정값 아님.,"2025-Q4 미국·캐나다의 UPS 보고 납기는 36주입니다. 사양은 UPS, 1,000–1,600 kW입니다. 2026년 6월 보고서에 수록된 과거 분기값이며, 현재 발주 견적을 뜻하지 않습니다."
탄탈륨 SMD 커패시터,avnet-tantalum_smd,탄탈륨 SMD 커패시터 · Avnet 발간 이력 · Avnet Abacus,weeks,2019-Q3,true,latest,1,"[""avnet-2019-09-tantalum_smd""]",avnet-2019-09-tantalum_smd,2019-09,발간일,2019-09,2019-09,Avnet Abacus,Avnet Abacus 일반 유통시장 · 탄탈륨 SMD 커패시터,range,12,28,false,,,바로 이전 분기 대표값 없음,,,전년 동기 대표값 없음 또는 제품 범위 변경,100.0,100.0,2019-Q3,범위 하단끼리·상단끼리 비교. 변화율 구간이나 평균이 아님.,false,false,https://www.avnet.com/wcm/connect/b7202770-5e3f-4369-95f9-70bf9c04defe/AVA-Lead-Time-guide-September-2019-EN-Document.pdf?MOD=AJPERES&attachment=true&id=1568983700586&id=1568983700586%3FMOD%3DAJPERES,PDF p.2 · Tantalum capacitors SMD · Lead-time: weeks,분기 내 마지막 확인값 · 원 자료 축 2019-09 (발간일). 분기 평균·분기말 확정값 아님.,2019-09 Avnet Abacus의 탄탈륨 SMD 커패시터는 12–28주입니다. 원문 납기(주) 열의 같은 품목명을 연결했으며 일반 유통시장 집계입니다.
탄탈륨 SMD 커패시터,avnet-tantalum_smd,탄탈륨 SMD 커패시터 · Avnet 발간 이력 · Avnet Abacus,weeks,2019-Q4,false,missing,0,[],,,,,,,,missing,,,false,,,이 분기에 확인된 관측이 없습니다.,,,이 분기에 확인된 관측이 없습니다.,,,,이 분기에 확인된 관측이 없습니다.,false,false,,,이 분기에 확인된 관측이 없습니다.,이 분기에 확인된 관측이 없습니다.
탄탈륨 SMD 커패시터,avnet-tantalum_smd,탄탈륨 SMD 커패시터 · Avnet 발간 이력 · Avnet Abacus,weeks,2020-Q1,false,missing,0,[],,,,,,,,missing,,,false,,,이 분기에 확인된 관측이 없습니다.,,,이 분기에 확인된 관측이 없습니다.,,,,이 분기에 확인된 관측이 없습니다.,false,false,,,이 분기에 확인된 관측이 없습니다.,이 분기에 확인된 관측이 없습니다.
탄탈륨 SMD 커패시터,avnet-tantalum_smd,탄탈륨 SMD 커패시터 · Avnet 발간 이력 · Avnet Abacus,weeks,2020-Q2,true,latest,1,"[""avnet-2020-04-tantalum_smd""]",avnet-2020-04-tantalum_smd,2020-04,발간일,2020-04,2020-04,Avnet Abacus,Avnet Abacus 일반 유통시장 · 탄탈륨 SMD 커패시터,range,6,28,false,,,바로 이전 분기 대표값 없음,,,전년 동기 대표값 없음 또는 제품 범위 변경,50.0,100.0,2019-Q3,범위 하단끼리·상단끼리 비교. 변화율 구간이나 평균이 아님.,false,false,https://www.avnet.com/wcm/connect/101b4984-151c-4e9e-8c42-e55a2da865af/AVA-Lead-Time-guide-March-2020-EN-Document.pdf?MOD=AJPERES,PDF p.2 · Tantalum capacitors SMD · Lead-time: weeks,분기 내 마지막 확인값 · 원 자료 축 2020-04 (발간일). 분기 평균·분기말 확정값 아님.,2020-04 Avnet Abacus의 탄탈륨 SMD 커패시터는 6–28주입니다. 원문 납기(주) 열의 같은 품목명을 연결했으며 일반 유통시장 집계입니다.
탄탈륨 SMD 커패시터,avnet-tantalum_smd,탄탈륨 SMD 커패시터 · Avnet 발간 이력 · Avnet Abacus,weeks,2020-Q3,false,missing,0,[],,,,,,,,missing,,,false,,,이 분기에 확인된 관측이 없습니다.,,,이 분기에 확인된 관측이 없습니다.,,,,이 분기에 확인된 관측이 없습니다.,false,false,,,이 분기에 확인된 관측이 없습니다.,이 분기에 확인된 관측이 없습니다.
탄탈륨 SMD 커패시터,avnet-tantalum_smd,탄탈륨 SMD 커패시터 · Avnet 발간 이력 · Avnet Abacus,weeks,2020-Q4,false,missing,0,[],,,,,,,,missing,,,false,,,이 분기에 확인된 관측이 없습니다.,,,이 분기에 확인된 관측이 없습니다.,,,,이 분기에 확인된 관측이 없습니다.,false,false,,,이 분기에 확인된 관측이 없습니다.,이 분기에 확인된 관측이 없습니다.
탄탈륨 SMD 커패시터,avnet-tantalum_smd,탄탈륨 SMD 커패시터 · Avnet 발간 이력 · Avnet Abacus,weeks,2021-Q1,false,missing,0,[],,,,,,,,missing,,,false,,,이 분기에 확인된 관측이 없습니다.,,,이 분기에 확인된 관측이 없습니다.,,,,이 분기에 확인된 관측이 없습니다.,false,false,,,이 분기에 확인된 관측이 없습니다.,이 분기에 확인된 관측이 없습니다.
탄탈륨 SMD 커패시터,avnet-tantalum_smd,탄탈륨 SMD 커패시터 · Avnet 발간 이력 · Avnet Abacus,weeks,2021-Q2,true,latest,1,"[""avnet-2021-04-tantalum_smd""]",avnet-2021-04-tantalum_smd,2021-04,발간일,2021-04,2021-04,Avnet Abacus,Avnet Abacus 일반 유통시장 · 탄탈륨 SMD 커패시터,range,20,52,true,,,바로 이전 분기 대표값 없음,233.333333,,범위 하단끼리·상단끼리 비교. 변화율 구간이나 평균이 아님.,166.666667,,2019-Q3,범위 하단끼리·상단끼리 비교. 변화율 구간이나 평균이 아님.,false,false,https://www.avnet.com/wcm/connect/6466625f-04e6-4164-bd2e-9acdd402fc9b/AVA-Lead-Time-Guide-April-2021-EN-Document.pdf?MOD=AJPERES,PDF p.3 · Tantalum capacitors SMD · Lead-time: weeks,분기 내 마지막 확인값 · 원 자료 축 2021-04 (발간일). 분기 평균·분기말 확정값 아님.,2021-04 Avnet Abacus의 탄탈륨 SMD 커패시터는 20–52+주입니다. 원문 납기(주) 열의 같은 품목명을 연결했으며 일반 유통시장 집계입니다. +는 열린 상한으로 보존했습니다.
탄탈륨 SMD 커패시터,avnet-tantalum_smd,탄탈륨 SMD 커패시터 · Avnet 발간 이력 · Avnet Abacus,weeks,2021-Q3,true,latest,1,"[""avnet-2021-07-tantalum_smd""]",avnet-2021-07-tantalum_smd,2021-07,발간일,2021-07,2021-07,Avnet Abacus,Avnet Abacus 일반 유통시장 · 탄탈륨 SMD 커패시터,range,20,52,true,0.0,,범위 하단끼리·상단끼리 비교. 변화율 구간이나 평균이 아님.,,,전년 동기 대표값 없음 또는 제품 범위 변경,166.666667,,2019-Q3,범위 하단끼리·상단끼리 비교. 변화율 구간이나 평균이 아님.,false,false,https://www.avnet.com/wcm/connect/677978a9-b285-4a92-a841-00c85b0cefc5/AVA-Lead-Time-Guide-July-2021-EN-Document.pdf?MOD=AJPERES,PDF p.3 · Tantalum capacitors SMD · Lead-time: weeks,분기 내 마지막 확인값 · 원 자료 축 2021-07 (발간일). 분기 평균·분기말 확정값 아님.,2021-07 Avnet Abacus의 탄탈륨 SMD 커패시터는 20–52+주입니다. 원문 납기(주) 열의 같은 품목명을 연결했으며 일반 유통시장 집계입니다. +는 열린 상한으로 보존했습니다.
탄탈륨 SMD 커패시터,avnet-tantalum_smd,탄탈륨 SMD 커패시터 · Avnet 발간 이력 · Avnet Abacus,weeks,2021-Q4,false,missing,0,[],,,,,,,,missing,,,false,,,이 분기에 확인된 관측이 없습니다.,,,이 분기에 확인된 관측이 없습니다.,,,,이 분기에 확인된 관측이 없습니다.,false,false,,,이 분기에 확인된 관측이 없습니다.,이 분기에 확인된 관측이 없습니다.
탄탈륨 SMD 커패시터,avnet-tantalum_smd,탄탈륨 SMD 커패시터 · Avnet 발간 이력 · Avnet Abacus,weeks,2022-Q1,false,missing,0,[],,,,,,,,missing,,,false,,,이 분기에 확인된 관측이 없습니다.,,,이 분기에 확인된 관측이 없습니다.,,,,이 분기에 확인된 관측이 없습니다.,false,false,,,이 분기에 확인된 관측이 없습니다.,이 분기에 확인된 관측이 없습니다.
탄탈륨 SMD 커패시터,avnet-tantalum_smd,탄탈륨 SMD 커패시터 · Avnet 발간 이력 · Avnet Abacus,weeks,2022-Q2,false,missing,0,[],,,,,,,,missing,,,false,,,이 분기에 확인된 관측이 없습니다.,,,이 분기에 확인된 관측이 없습니다.,,,,이 분기에 확인된 관측이 없습니다.,false,false,,,이 분기에 확인된 관측이 없습니다.,이 분기에 확인된 관측이 없습니다.
탄탈륨 SMD 커패시터,avnet-tantalum_smd,탄탈륨 SMD 커패시터 · Avnet 발간 이력 · Avnet Abacus,weeks,2022-Q3,false,missing,0,[],,,,,,,,missing,,,false,,,이 분기에 확인된 관측이 없습니다.,,,이 분기에 확인된 관측이 없습니다.,,,,이 분기에 확인된 관측이 없습니다.,false,false,,,이 분기에 확인된 관측이 없습니다.,이 분기에 확인된 관측이 없습니다.
탄탈륨 SMD 커패시터,avnet-tantalum_smd,탄탈륨 SMD 커패시터 · Avnet 발간 이력 · Avnet Abacus,weeks,2022-Q4,true,latest,1,"[""avnet-2022-12-tantalum_smd""]",avnet-2022-12-tantalum_smd,2022-12,발간일,2022-12,2022-12,Avnet Abacus,Avnet Abacus 일반 유통시장 · 탄탈륨 SMD 커패시터,range,12,30,false,,,바로 이전 분기 대표값 없음,,,전년 동기 대표값 없음 또는 제품 범위 변경,100.0,107.142857,2019-Q3,범위 하단끼리·상단끼리 비교. 변화율 구간이나 평균이 아님.,false,false,https://www.avnet.com/wcm/connect/b496febc-6ece-4ee2-a4ae-eae91a34d9d1/AVA-Lead-Time-Guide-December-2022-EN-Document.pdf?MOD=AJPERES,PDF p.3 · Tantalum capacitors SMD · Lead-time: weeks,분기 내 마지막 확인값 · 원 자료 축 2022-12 (발간일). 분기 평균·분기말 확정값 아님.,2022-12 Avnet Abacus의 탄탈륨 SMD 커패시터는 12–30주입니다. 원문 납기(주) 열의 같은 품목명을 연결했으며 일반 유통시장 집계입니다.
탄탈륨 SMD 커패시터,avnet-tantalum_smd,탄탈륨 SMD 커패시터 · Avnet 발간 이력 · Avnet Abacus,weeks,2023-Q1,false,missing,0,[],,,,,,,,missing,,,false,,,이 분기에 확인된 관측이 없습니다.,,,이 분기에 확인된 관측이 없습니다.,,,,이 분기에 확인된 관측이 없습니다.,false,false,,,이 분기에 확인된 관측이 없습니다.,이 분기에 확인된 관측이 없습니다.
탄탈륨 SMD 커패시터,avnet-tantalum_smd,탄탈륨 SMD 커패시터 · Avnet 발간 이력 · Avnet Abacus,weeks,2023-Q2,false,missing,0,[],,,,,,,,missing,,,false,,,이 분기에 확인된 관측이 없습니다.,,,이 분기에 확인된 관측이 없습니다.,,,,이 분기에 확인된 관측이 없습니다.,false,false,,,이 분기에 확인된 관측이 없습니다.,이 분기에 확인된 관측이 없습니다.
탄탈륨 SMD 커패시터,avnet-tantalum_smd,탄탈륨 SMD 커패시터 · Avnet 발간 이력 · Avnet Abacus,weeks,2023-Q3,false,missing,0,[],,,,,,,,missing,,,false,,,이 분기에 확인된 관측이 없습니다.,,,이 분기에 확인된 관측이 없습니다.,,,,이 분기에 확인된 관측이 없습니다.,false,false,,,이 분기에 확인된 관측이 없습니다.,이 분기에 확인된 관측이 없습니다.
탄탈륨 SMD 커패시터,avnet-tantalum_smd,탄탈륨 SMD 커패시터 · Avnet 발간 이력 · Avnet Abacus,weeks,2023-Q4,true,latest,1,"[""avnet-2023-11-tantalum_smd""]",avnet-2023-11-tantalum_smd,2023-11,발간일,2023-11,2023-11,Avnet Abacus,Avnet Abacus 일반 유통시장 · 탄탈륨 SMD 커패시터,range,8,18,false,,,바로 이전 분기 대표값 없음,-33.333333,-40.0,범위 하단끼리·상단끼리 비교. 변화율 구간이나 평균이 아님.,66.666667,64.285714,2019-Q3,범위 하단끼리·상단끼리 비교. 변화율 구간이나 평균이 아님.,false,false,https://my.avnet.com/wcm/connect/affeb8c0-65e8-46cb-84bc-15fca9dae0bd/AVA-Lead-Time-Guide-November-2022-EN-Document.pdf?MOD=AJPERES,PDF p.3 · Tantalum capacitors SMD · Lead-time: weeks,분기 내 마지막 확인값 · 원 자료 축 2023-11 (발간일). 분기 평균·분기말 확정값 아님.,2023-11 Avnet Abacus의 탄탈륨 SMD 커패시터는 8–18주입니다. 원문 납기(주) 열의 같은 품목명을 연결했으며 일반 유통시장 집계입니다.
탄탈륨 SMD 커패시터,avnet-tantalum_smd,탄탈륨 SMD 커패시터 · Avnet 발간 이력 · Avnet Abacus,weeks,2024-Q1,true,latest,2,"[""avnet-2024-01-tantalum_smd"", ""avnet-2024-02-tantalum_smd""]",avnet-2024-02-tantalum_smd,2024-02,발간일,2024-02,2024-02,Avnet Abacus,Avnet Abacus 일반 유통시장 · 탄탈륨 SMD 커패시터,range,8,18,false,0.0,0.0,범위 하단끼리·상단끼리 비교. 변화율 구간이나 평균이 아님.,,,전년 동기 대표값 없음 또는 제품 범위 변경,66.666667,64.285714,2019-Q3,범위 하단끼리·상단끼리 비교. 변화율 구간이나 평균이 아님.,false,false,https://my.avnet.com/wcm/connect/1c3e37ed-e911-4561-b888-cbea8ac78f55/AVA-Lead-Time-Guide-February-2024-EN-Document.pdf?MOD=AJPERES,PDF p.3,분기 내 마지막 확인값 · 원 자료 축 2024-02 (발간일). 분기 평균·분기말 확정값 아님.,2024-02 가이드의 탄탈륨 SMD 커패시터 납기는 8–18주입니다. 일반 유통시장 보고값이며 AI 서버 전용 집계와 구분합니다.
탄탈륨 SMD 커패시터,avnet-tantalum_smd,탄탈륨 SMD 커패시터 · Avnet 발간 이력 · Avnet Abacus,weeks,2024-Q2,false,missing,0,[],,,,,,,,missing,,,false,,,이 분기에 확인된 관측이 없습니다.,,,이 분기에 확인된 관측이 없습니다.,,,,이 분기에 확인된 관측이 없습니다.,false,false,,,이 분기에 확인된 관측이 없습니다.,이 분기에 확인된 관측이 없습니다.
탄탈륨 SMD 커패시터,avnet-tantalum_smd,탄탈륨 SMD 커패시터 · Avnet 발간 이력 · Avnet Abacus,weeks,2024-Q3,true,latest,1,"[""avnet-2024-09-tantalum_smd""]",avnet-2024-09-tantalum_smd,2024-09,발간일,2024-09,2024-09,Avnet Abacus,Avnet Abacus 일반 유통시장 · 탄탈륨 SMD 커패시터,range,8,16,false,,,바로 이전 분기 대표값 없음,,,전년 동기 대표값 없음 또는 제품 범위 변경,66.666667,57.142857,2019-Q3,범위 하단끼리·상단끼리 비교. 변화율 구간이나 평균이 아님.,false,false,https://my.avnet.com/wcm/connect/e9d18ef4-6a53-4f76-b6cf-d63549a0694b/AVA-Lead-Time-Guide-September-2024-EN-Document-aba24037.pdf?MOD=AJPERES,PDF p.3,분기 내 마지막 확인값 · 원 자료 축 2024-09 (발간일). 분기 평균·분기말 확정값 아님.,2024-09 가이드의 탄탈륨 SMD 커패시터 납기는 8–16주입니다. 일반 유통시장 보고값으로 AI 서버용 집계와 구분합니다.
탄탈륨 SMD 커패시터,avnet-tantalum_smd,탄탈륨 SMD 커패시터 · Avnet 발간 이력 · Avnet Abacus,weeks,2024-Q4,false,missing,0,[],,,,,,,,missing,,,false,,,이 분기에 확인된 관측이 없습니다.,,,이 분기에 확인된 관측이 없습니다.,,,,이 분기에 확인된 관측이 없습니다.,false,false,,,이 분기에 확인된 관측이 없습니다.,이 분기에 확인된 관측이 없습니다.
탄탈륨 SMD 커패시터,avnet-tantalum_smd,탄탈륨 SMD 커패시터 · Avnet 발간 이력 · Avnet Abacus,weeks,2025-Q1,false,missing,0,[],,,,,,,,missing,,,false,,,이 분기에 확인된 관측이 없습니다.,,,이 분기에 확인된 관측이 없습니다.,,,,이 분기에 확인된 관측이 없습니다.,false,false,,,이 분기에 확인된 관측이 없습니다.,이 분기에 확인된 관측이 없습니다.
탄탈륨 SMD 커패시터,avnet-tantalum_smd,탄탈륨 SMD 커패시터 · Avnet 발간 이력 · Avnet Abacus,weeks,2025-Q2,false,missing,0,[],,,,,,,,missing,,,false,,,이 분기에 확인된 관측이 없습니다.,,,이 분기에 확인된 관측이 없습니다.,,,,이 분기에 확인된 관측이 없습니다.,false,false,,,이 분기에 확인된 관측이 없습니다.,이 분기에 확인된 관측이 없습니다.
탄탈륨 SMD 커패시터,avnet-tantalum_smd,탄탈륨 SMD 커패시터 · Avnet 발간 이력 · Avnet Abacus,weeks,2025-Q3,true,latest,1,"[""avnet-2025-07-tantalum_smd""]",avnet-2025-07-tantalum_smd,2025-07,발간일,2025-07,2025-07,Avnet Abacus,Avnet Abacus 일반 유통시장 · 탄탈륨 SMD 커패시터,range,8,16,false,,,바로 이전 분기 대표값 없음,0.0,0.0,범위 하단끼리·상단끼리 비교. 변화율 구간이나 평균이 아님.,66.666667,57.142857,2019-Q3,범위 하단끼리·상단끼리 비교. 변화율 구간이나 평균이 아님.,false,false,https://my.avnet.com/wcm/connect/a3326d60-174d-4224-8e1d-f2f5595919a1/AVA-Lead-Time-Guide-July-2025-EN-Document.pdf?MOD=AJPERES,PDF p.3,분기 내 마지막 확인값 · 원 자료 축 2025-07 (발간일). 분기 평균·분기말 확정값 아님.,2025-07 가이드의 탄탈륨 SMD 커패시터 납기는 8–16주입니다. 일반 유통시장 보고값으로 AI 서버용 집계와 구분합니다.
탄탈륨 SMD 커패시터,avnet-tantalum_smd,탄탈륨 SMD 커패시터 · Avnet 발간 이력 · Avnet Abacus,weeks,2025-Q4,false,missing,0,[],,,,,,,,missing,,,false,,,이 분기에 확인된 관측이 없습니다.,,,이 분기에 확인된 관측이 없습니다.,,,,이 분기에 확인된 관측이 없습니다.,false,false,,,이 분기에 확인된 관측이 없습니다.,이 분기에 확인된 관측이 없습니다.
탄탈륨 SMD 커패시터,avnet-tantalum_smd,탄탈륨 SMD 커패시터 · Avnet 발간 이력 · Avnet Abacus,weeks,2026-Q1,false,missing,0,[],,,,,,,,missing,,,false,,,이 분기에 확인된 관측이 없습니다.,,,이 분기에 확인된 관측이 없습니다.,,,,이 분기에 확인된 관측이 없습니다.,false,false,,,이 분기에 확인된 관측이 없습니다.,이 분기에 확인된 관측이 없습니다.
탄탈륨 SMD 커패시터,avnet-tantalum_smd,탄탈륨 SMD 커패시터 · Avnet 발간 이력 · Avnet Abacus,weeks,2026-Q2,false,missing,0,[],,,,,,,,missing,,,false,,,이 분기에 확인된 관측이 없습니다.,,,이 분기에 확인된 관측이 없습니다.,,,,이 분기에 확인된 관측이 없습니다.,false,false,,,이 분기에 확인된 관측이 없습니다.,이 분기에 확인된 관측이 없습니다.
탄탈륨 SMD 커패시터,avnet-tantalum_smd,탄탈륨 SMD 커패시터 · Avnet 발간 이력 · Avnet Abacus,weeks,2026-Q3,true,latest,1,"[""avnet-2026-08-tantalum_smd""]",avnet-2026-08-tantalum_smd,2026-08,발간일,2026-08,2026-08,Avnet Abacus,Avnet Abacus 일반 유통시장 · 탄탈륨 SMD 커패시터,range,8,16,false,,,바로 이전 분기 대표값 없음,0.0,0.0,범위 하단끼리·상단끼리 비교. 변화율 구간이나 평균이 아님.,66.666667,57.142857,2019-Q3,범위 하단끼리·상단끼리 비교. 변화율 구간이나 평균이 아님.,false,false,https://my.avnet.com/wcm/connect/2222f00c-e4dc-4143-899c-4a892756fcc7/AVA-Lead-Time-Guide-August-2026-EN-Document.pdf?MOD=AJPERES,PDF p.3,분기 내 마지막 확인값 · 원 자료 축 2026-08 (발간일). 분기 평균·분기말 확정값 아님.,2026-08 가이드의 탄탈륨 SMD 커패시터 납기는 8–16주입니다. 일반 유통시장 보고값으로 AI 서버용 집계와 구분합니다.
리드형 탄탈륨 커패시터,avnet-tantalum_leaded,리드형 탄탈륨 커패시터 · Avnet 발간 이력 · Avnet Abacus,weeks,2019-Q3,true,latest,1,"[""avnet-2019-09-tantalum_leaded""]",avnet-2019-09-tantalum_leaded,2019-09,발간일,2019-09,2019-09,Avnet Abacus,Avnet Abacus 일반 유통시장 · 리드형 탄탈륨 커패시터,range,16,26,false,,,바로 이전 분기 대표값 없음,,,전년 동기 대표값 없음 또는 제품 범위 변경,100.0,100.0,2019-Q3,범위 하단끼리·상단끼리 비교. 변화율 구간이나 평균이 아님.,false,false,https://www.avnet.com/wcm/connect/b7202770-5e3f-4369-95f9-70bf9c04defe/AVA-Lead-Time-guide-September-2019-EN-Document.pdf?MOD=AJPERES&attachment=true&id=1568983700586&id=1568983700586%3FMOD%3DAJPERES,PDF p.2 · Tantalum capacitors leaded · Lead-time: weeks,분기 내 마지막 확인값 · 원 자료 축 2019-09 (발간일). 분기 평균·분기말 확정값 아님.,2019-09 Avnet Abacus의 리드형 탄탈륨 커패시터는 16–26주입니다. 원문 납기(주) 열의 같은 품목명을 연결했으며 일반 유통시장 집계입니다.
리드형 탄탈륨 커패시터,avnet-tantalum_leaded,리드형 탄탈륨 커패시터 · Avnet 발간 이력 · Avnet Abacus,weeks,2019-Q4,false,missing,0,[],,,,,,,,missing,,,false,,,이 분기에 확인된 관측이 없습니다.,,,이 분기에 확인된 관측이 없습니다.,,,,이 분기에 확인된 관측이 없습니다.,false,false,,,이 분기에 확인된 관측이 없습니다.,이 분기에 확인된 관측이 없습니다.
리드형 탄탈륨 커패시터,avnet-tantalum_leaded,리드형 탄탈륨 커패시터 · Avnet 발간 이력 · Avnet Abacus,weeks,2020-Q1,false,missing,0,[],,,,,,,,missing,,,false,,,이 분기에 확인된 관측이 없습니다.,,,이 분기에 확인된 관측이 없습니다.,,,,이 분기에 확인된 관측이 없습니다.,false,false,,,이 분기에 확인된 관측이 없습니다.,이 분기에 확인된 관측이 없습니다.
리드형 탄탈륨 커패시터,avnet-tantalum_leaded,리드형 탄탈륨 커패시터 · Avnet 발간 이력 · Avnet Abacus,weeks,2020-Q2,true,latest,1,"[""avnet-2020-04-tantalum_leaded""]",avnet-2020-04-tantalum_leaded,2020-04,발간일,2020-04,2020-04,Avnet Abacus,Avnet Abacus 일반 유통시장 · 리드형 탄탈륨 커패시터,range,8,26,false,,,바로 이전 분기 대표값 없음,,,전년 동기 대표값 없음 또는 제품 범위 변경,50.0,100.0,2019-Q3,범위 하단끼리·상단끼리 비교. 변화율 구간이나 평균이 아님.,false,false,https://www.avnet.com/wcm/connect/101b4984-151c-4e9e-8c42-e55a2da865af/AVA-Lead-Time-guide-March-2020-EN-Document.pdf?MOD=AJPERES,PDF p.2 · Tantalum capacitors leaded · Lead-time: weeks,분기 내 마지막 확인값 · 원 자료 축 2020-04 (발간일). 분기 평균·분기말 확정값 아님.,2020-04 Avnet Abacus의 리드형 탄탈륨 커패시터는 8–26주입니다. 원문 납기(주) 열의 같은 품목명을 연결했으며 일반 유통시장 집계입니다.
리드형 탄탈륨 커패시터,avnet-tantalum_leaded,리드형 탄탈륨 커패시터 · Avnet 발간 이력 · Avnet Abacus,weeks,2020-Q3,false,missing,0,[],,,,,,,,missing,,,false,,,이 분기에 확인된 관측이 없습니다.,,,이 분기에 확인된 관측이 없습니다.,,,,이 분기에 확인된 관측이 없습니다.,false,false,,,이 분기에 확인된 관측이 없습니다.,이 분기에 확인된 관측이 없습니다.
리드형 탄탈륨 커패시터,avnet-tantalum_leaded,리드형 탄탈륨 커패시터 · Avnet 발간 이력 · Avnet Abacus,weeks,2020-Q4,false,missing,0,[],,,,,,,,missing,,,false,,,이 분기에 확인된 관측이 없습니다.,,,이 분기에 확인된 관측이 없습니다.,,,,이 분기에 확인된 관측이 없습니다.,false,false,,,이 분기에 확인된 관측이 없습니다.,이 분기에 확인된 관측이 없습니다.
리드형 탄탈륨 커패시터,avnet-tantalum_leaded,리드형 탄탈륨 커패시터 · Avnet 발간 이력 · Avnet Abacus,weeks,2021-Q1,false,missing,0,[],,,,,,,,missing,,,false,,,이 분기에 확인된 관측이 없습니다.,,,이 분기에 확인된 관측이 없습니다.,,,,이 분기에 확인된 관측이 없습니다.,false,false,,,이 분기에 확인된 관측이 없습니다.,이 분기에 확인된 관측이 없습니다.
리드형 탄탈륨 커패시터,avnet-tantalum_leaded,리드형 탄탈륨 커패시터 · Avnet 발간 이력 · Avnet Abacus,weeks,2021-Q2,true,latest,1,"[""avnet-2021-04-tantalum_leaded""]",avnet-2021-04-tantalum_leaded,2021-04,발간일,2021-04,2021-04,Avnet Abacus,Avnet Abacus 일반 유통시장 · 리드형 탄탈륨 커패시터,range,8,26,false,,,바로 이전 분기 대표값 없음,0.0,0.0,범위 하단끼리·상단끼리 비교. 변화율 구간이나 평균이 아님.,50.0,100.0,2019-Q3,범위 하단끼리·상단끼리 비교. 변화율 구간이나 평균이 아님.,false,false,https://www.avnet.com/wcm/connect/6466625f-04e6-4164-bd2e-9acdd402fc9b/AVA-Lead-Time-Guide-April-2021-EN-Document.pdf?MOD=AJPERES,PDF p.3 · Tantalum capacitors leaded · Lead-time: weeks,분기 내 마지막 확인값 · 원 자료 축 2021-04 (발간일). 분기 평균·분기말 확정값 아님.,2021-04 Avnet Abacus의 리드형 탄탈륨 커패시터는 8–26주입니다. 원문 납기(주) 열의 같은 품목명을 연결했으며 일반 유통시장 집계입니다.
리드형 탄탈륨 커패시터,avnet-tantalum_leaded,리드형 탄탈륨 커패시터 · Avnet 발간 이력 · Avnet Abacus,weeks,2021-Q3,true,latest,1,"[""avnet-2021-07-tantalum_leaded""]",avnet-2021-07-tantalum_leaded,2021-07,발간일,2021-07,2021-07,Avnet Abacus,Avnet Abacus 일반 유통시장 · 리드형 탄탈륨 커패시터,range,8,26,false,0.0,0.0,범위 하단끼리·상단끼리 비교. 변화율 구간이나 평균이 아님.,,,전년 동기 대표값 없음 또는 제품 범위 변경,50.0,100.0,2019-Q3,범위 하단끼리·상단끼리 비교. 변화율 구간이나 평균이 아님.,false,false,https://www.avnet.com/wcm/connect/677978a9-b285-4a92-a841-00c85b0cefc5/AVA-Lead-Time-Guide-July-2021-EN-Document.pdf?MOD=AJPERES,PDF p.3 · Tantalum capacitors leaded · Lead-time: weeks,분기 내 마지막 확인값 · 원 자료 축 2021-07 (발간일). 분기 평균·분기말 확정값 아님.,2021-07 Avnet Abacus의 리드형 탄탈륨 커패시터는 8–26주입니다. 원문 납기(주) 열의 같은 품목명을 연결했으며 일반 유통시장 집계입니다.
리드형 탄탈륨 커패시터,avnet-tantalum_leaded,리드형 탄탈륨 커패시터 · Avnet 발간 이력 · Avnet Abacus,weeks,2021-Q4,false,missing,0,[],,,,,,,,missing,,,false,,,이 분기에 확인된 관측이 없습니다.,,,이 분기에 확인된 관측이 없습니다.,,,,이 분기에 확인된 관측이 없습니다.,false,false,,,이 분기에 확인된 관측이 없습니다.,이 분기에 확인된 관측이 없습니다.
리드형 탄탈륨 커패시터,avnet-tantalum_leaded,리드형 탄탈륨 커패시터 · Avnet 발간 이력 · Avnet Abacus,weeks,2022-Q1,false,missing,0,[],,,,,,,,missing,,,false,,,이 분기에 확인된 관측이 없습니다.,,,이 분기에 확인된 관측이 없습니다.,,,,이 분기에 확인된 관측이 없습니다.,false,false,,,이 분기에 확인된 관측이 없습니다.,이 분기에 확인된 관측이 없습니다.
리드형 탄탈륨 커패시터,avnet-tantalum_leaded,리드형 탄탈륨 커패시터 · Avnet 발간 이력 · Avnet Abacus,weeks,2022-Q2,false,missing,0,[],,,,,,,,missing,,,false,,,이 분기에 확인된 관측이 없습니다.,,,이 분기에 확인된 관측이 없습니다.,,,,이 분기에 확인된 관측이 없습니다.,false,false,,,이 분기에 확인된 관측이 없습니다.,이 분기에 확인된 관측이 없습니다.
리드형 탄탈륨 커패시터,avnet-tantalum_leaded,리드형 탄탈륨 커패시터 · Avnet 발간 이력 · Avnet Abacus,weeks,2022-Q3,false,missing,0,[],,,,,,,,missing,,,false,,,이 분기에 확인된 관측이 없습니다.,,,이 분기에 확인된 관측이 없습니다.,,,,이 분기에 확인된 관측이 없습니다.,false,false,,,이 분기에 확인된 관측이 없습니다.,이 분기에 확인된 관측이 없습니다.
리드형 탄탈륨 커패시터,avnet-tantalum_leaded,리드형 탄탈륨 커패시터 · Avnet 발간 이력 · Avnet Abacus,weeks,2022-Q4,true,latest,1,"[""avnet-2022-12-tantalum_leaded""]",avnet-2022-12-tantalum_leaded,2022-12,발간일,2022-12,2022-12,Avnet Abacus,Avnet Abacus 일반 유통시장 · 리드형 탄탈륨 커패시터,range,8,26,false,,,바로 이전 분기 대표값 없음,,,전년 동기 대표값 없음 또는 제품 범위 변경,50.0,100.0,2019-Q3,범위 하단끼리·상단끼리 비교. 변화율 구간이나 평균이 아님.,false,false,https://www.avnet.com/wcm/connect/b496febc-6ece-4ee2-a4ae-eae91a34d9d1/AVA-Lead-Time-Guide-December-2022-EN-Document.pdf?MOD=AJPERES,PDF p.3 · Tantalum capacitors leaded · Lead-time: weeks,분기 내 마지막 확인값 · 원 자료 축 2022-12 (발간일). 분기 평균·분기말 확정값 아님.,2022-12 Avnet Abacus의 리드형 탄탈륨 커패시터는 8–26주입니다. 원문 납기(주) 열의 같은 품목명을 연결했으며 일반 유통시장 집계입니다.
리드형 탄탈륨 커패시터,avnet-tantalum_leaded,리드형 탄탈륨 커패시터 · Avnet 발간 이력 · Avnet Abacus,weeks,2023-Q1,false,missing,0,[],,,,,,,,missing,,,false,,,이 분기에 확인된 관측이 없습니다.,,,이 분기에 확인된 관측이 없습니다.,,,,이 분기에 확인된 관측이 없습니다.,false,false,,,이 분기에 확인된 관측이 없습니다.,이 분기에 확인된 관측이 없습니다.
리드형 탄탈륨 커패시터,avnet-tantalum_leaded,리드형 탄탈륨 커패시터 · Avnet 발간 이력 · Avnet Abacus,weeks,2023-Q2,false,missing,0,[],,,,,,,,missing,,,false,,,이 분기에 확인된 관측이 없습니다.,,,이 분기에 확인된 관측이 없습니다.,,,,이 분기에 확인된 관측이 없습니다.,false,false,,,이 분기에 확인된 관측이 없습니다.,이 분기에 확인된 관측이 없습니다.
리드형 탄탈륨 커패시터,avnet-tantalum_leaded,리드형 탄탈륨 커패시터 · Avnet 발간 이력 · Avnet Abacus,weeks,2023-Q3,false,missing,0,[],,,,,,,,missing,,,false,,,이 분기에 확인된 관측이 없습니다.,,,이 분기에 확인된 관측이 없습니다.,,,,이 분기에 확인된 관측이 없습니다.,false,false,,,이 분기에 확인된 관측이 없습니다.,이 분기에 확인된 관측이 없습니다.
리드형 탄탈륨 커패시터,avnet-tantalum_leaded,리드형 탄탈륨 커패시터 · Avnet 발간 이력 · Avnet Abacus,weeks,2023-Q4,true,latest,1,"[""avnet-2023-11-tantalum_leaded""]",avnet-2023-11-tantalum_leaded,2023-11,발간일,2023-11,2023-11,Avnet Abacus,Avnet Abacus 일반 유통시장 · 리드형 탄탈륨 커패시터,range,8,18,false,,,바로 이전 분기 대표값 없음,0.0,-30.769231,범위 하단끼리·상단끼리 비교. 변화율 구간이나 평균이 아님.,50.0,69.230769,2019-Q3,범위 하단끼리·상단끼리 비교. 변화율 구간이나 평균이 아님.,false,false,https://my.avnet.com/wcm/connect/affeb8c0-65e8-46cb-84bc-15fca9dae0bd/AVA-Lead-Time-Guide-November-2022-EN-Document.pdf?MOD=AJPERES,PDF p.3 · Tantalum capacitors leaded · Lead-time: weeks,분기 내 마지막 확인값 · 원 자료 축 2023-11 (발간일). 분기 평균·분기말 확정값 아님.,2023-11 Avnet Abacus의 리드형 탄탈륨 커패시터는 8–18주입니다. 원문 납기(주) 열의 같은 품목명을 연결했으며 일반 유통시장 집계입니다.
리드형 탄탈륨 커패시터,avnet-tantalum_leaded,리드형 탄탈륨 커패시터 · Avnet 발간 이력 · Avnet Abacus,weeks,2024-Q1,true,latest,2,"[""avnet-2024-01-tantalum_leaded"", ""avnet-2024-02-tantalum_leaded""]",avnet-2024-02-tantalum_leaded,2024-02,발간일,2024-02,2024-02,Avnet Abacus,Avnet Abacus 일반 유통시장 · 리드형 탄탈륨 커패시터,range,8,18,false,0.0,0.0,범위 하단끼리·상단끼리 비교. 변화율 구간이나 평균이 아님.,,,전년 동기 대표값 없음 또는 제품 범위 변경,50.0,69.230769,2019-Q3,범위 하단끼리·상단끼리 비교. 변화율 구간이나 평균이 아님.,false,false,https://my.avnet.com/wcm/connect/1c3e37ed-e911-4561-b888-cbea8ac78f55/AVA-Lead-Time-Guide-February-2024-EN-Document.pdf?MOD=AJPERES,PDF p.3,분기 내 마지막 확인값 · 원 자료 축 2024-02 (발간일). 분기 평균·분기말 확정값 아님.,2024-02 가이드의 리드형 탄탈륨 커패시터 납기는 8–18주입니다. 일반 유통시장 보고값이며 AI 서버 전용 집계와 구분합니다.
리드형 탄탈륨 커패시터,avnet-tantalum_leaded,리드형 탄탈륨 커패시터 · Avnet 발간 이력 · Avnet Abacus,weeks,2024-Q2,false,missing,0,[],,,,,,,,missing,,,false,,,이 분기에 확인된 관측이 없습니다.,,,이 분기에 확인된 관측이 없습니다.,,,,이 분기에 확인된 관측이 없습니다.,false,false,,,이 분기에 확인된 관측이 없습니다.,이 분기에 확인된 관측이 없습니다.
리드형 탄탈륨 커패시터,avnet-tantalum_leaded,리드형 탄탈륨 커패시터 · Avnet 발간 이력 · Avnet Abacus,weeks,2024-Q3,true,latest,1,"[""avnet-2024-09-tantalum_leaded""]",avnet-2024-09-tantalum_leaded,2024-09,발간일,2024-09,2024-09,Avnet Abacus,Avnet Abacus 일반 유통시장 · 리드형 탄탈륨 커패시터,range,8,16,false,,,바로 이전 분기 대표값 없음,,,전년 동기 대표값 없음 또는 제품 범위 변경,50.0,61.538462,2019-Q3,범위 하단끼리·상단끼리 비교. 변화율 구간이나 평균이 아님.,false,false,https://my.avnet.com/wcm/connect/e9d18ef4-6a53-4f76-b6cf-d63549a0694b/AVA-Lead-Time-Guide-September-2024-EN-Document-aba24037.pdf?MOD=AJPERES,PDF p.3,분기 내 마지막 확인값 · 원 자료 축 2024-09 (발간일). 분기 평균·분기말 확정값 아님.,2024-09 가이드의 리드형 탄탈륨 커패시터 납기는 8–16주입니다. 일반 유통시장 보고값으로 AI 서버용 집계와 구분합니다.
리드형 탄탈륨 커패시터,avnet-tantalum_leaded,리드형 탄탈륨 커패시터 · Avnet 발간 이력 · Avnet Abacus,weeks,2024-Q4,false,missing,0,[],,,,,,,,missing,,,false,,,이 분기에 확인된 관측이 없습니다.,,,이 분기에 확인된 관측이 없습니다.,,,,이 분기에 확인된 관측이 없습니다.,false,false,,,이 분기에 확인된 관측이 없습니다.,이 분기에 확인된 관측이 없습니다.
리드형 탄탈륨 커패시터,avnet-tantalum_leaded,리드형 탄탈륨 커패시터 · Avnet 발간 이력 · Avnet Abacus,weeks,2025-Q1,false,missing,0,[],,,,,,,,missing,,,false,,,이 분기에 확인된 관측이 없습니다.,,,이 분기에 확인된 관측이 없습니다.,,,,이 분기에 확인된 관측이 없습니다.,false,false,,,이 분기에 확인된 관측이 없습니다.,이 분기에 확인된 관측이 없습니다.
리드형 탄탈륨 커패시터,avnet-tantalum_leaded,리드형 탄탈륨 커패시터 · Avnet 발간 이력 · Avnet Abacus,weeks,2025-Q2,false,missing,0,[],,,,,,,,missing,,,false,,,이 분기에 확인된 관측이 없습니다.,,,이 분기에 확인된 관측이 없습니다.,,,,이 분기에 확인된 관측이 없습니다.,false,false,,,이 분기에 확인된 관측이 없습니다.,이 분기에 확인된 관측이 없습니다.
리드형 탄탈륨 커패시터,avnet-tantalum_leaded,리드형 탄탈륨 커패시터 · Avnet 발간 이력 · Avnet Abacus,weeks,2025-Q3,true,latest,1,"[""avnet-2025-07-tantalum_leaded""]",avnet-2025-07-tantalum_leaded,2025-07,발간일,2025-07,2025-07,Avnet Abacus,Avnet Abacus 일반 유통시장 · 리드형 탄탈륨 커패시터,range,8,16,false,,,바로 이전 분기 대표값 없음,0.0,0.0,범위 하단끼리·상단끼리 비교. 변화율 구간이나 평균이 아님.,50.0,61.538462,2019-Q3,범위 하단끼리·상단끼리 비교. 변화율 구간이나 평균이 아님.,false,false,https://my.avnet.com/wcm/connect/a3326d60-174d-4224-8e1d-f2f5595919a1/AVA-Lead-Time-Guide-July-2025-EN-Document.pdf?MOD=AJPERES,PDF p.3,분기 내 마지막 확인값 · 원 자료 축 2025-07 (발간일). 분기 평균·분기말 확정값 아님.,2025-07 가이드의 리드형 탄탈륨 커패시터 납기는 8–16주입니다. 일반 유통시장 보고값으로 AI 서버용 집계와 구분합니다.
리드형 탄탈륨 커패시터,avnet-tantalum_leaded,리드형 탄탈륨 커패시터 · Avnet 발간 이력 · Avnet Abacus,weeks,2025-Q4,false,missing,0,[],,,,,,,,missing,,,false,,,이 분기에 확인된 관측이 없습니다.,,,이 분기에 확인된 관측이 없습니다.,,,,이 분기에 확인된 관측이 없습니다.,false,false,,,이 분기에 확인된 관측이 없습니다.,이 분기에 확인된 관측이 없습니다.
리드형 탄탈륨 커패시터,avnet-tantalum_leaded,리드형 탄탈륨 커패시터 · Avnet 발간 이력 · Avnet Abacus,weeks,2026-Q1,false,missing,0,[],,,,,,,,missing,,,false,,,이 분기에 확인된 관측이 없습니다.,,,이 분기에 확인된 관측이 없습니다.,,,,이 분기에 확인된 관측이 없습니다.,false,false,,,이 분기에 확인된 관측이 없습니다.,이 분기에 확인된 관측이 없습니다.
리드형 탄탈륨 커패시터,avnet-tantalum_leaded,리드형 탄탈륨 커패시터 · Avnet 발간 이력 · Avnet Abacus,weeks,2026-Q2,false,missing,0,[],,,,,,,,missing,,,false,,,이 분기에 확인된 관측이 없습니다.,,,이 분기에 확인된 관측이 없습니다.,,,,이 분기에 확인된 관측이 없습니다.,false,false,,,이 분기에 확인된 관측이 없습니다.,이 분기에 확인된 관측이 없습니다.
리드형 탄탈륨 커패시터,avnet-tantalum_leaded,리드형 탄탈륨 커패시터 · Avnet 발간 이력 · Avnet Abacus,weeks,2026-Q3,true,latest,1,"[""avnet-2026-08-tantalum_leaded""]",avnet-2026-08-tantalum_leaded,2026-08,발간일,2026-08,2026-08,Avnet Abacus,Avnet Abacus 일반 유통시장 · 리드형 탄탈륨 커패시터,range,8,16,false,,,바로 이전 분기 대표값 없음,0.0,0.0,범위 하단끼리·상단끼리 비교. 변화율 구간이나 평균이 아님.,50.0,61.538462,2019-Q3,범위 하단끼리·상단끼리 비교. 변화율 구간이나 평균이 아님.,false,false,https://my.avnet.com/wcm/connect/2222f00c-e4dc-4143-899c-4a892756fcc7/AVA-Lead-Time-Guide-August-2026-EN-Document.pdf?MOD=AJPERES,PDF p.3,분기 내 마지막 확인값 · 원 자료 축 2026-08 (발간일). 분기 평균·분기말 확정값 아님.,2026-08 가이드의 리드형 탄탈륨 커패시터 납기는 8–16주입니다. 일반 유통시장 보고값으로 AI 서버용 집계와 구분합니다.
필름 SMD 커패시터,avnet-film_smd,필름 SMD 커패시터 · Avnet 발간 이력 · Avnet Abacus,weeks,2019-Q3,true,latest,1,"[""avnet-2019-09-film_smd""]",avnet-2019-09-film_smd,2019-09,발간일,2019-09,2019-09,Avnet Abacus,Avnet Abacus 일반 유통시장 · 필름 SMD 커패시터,range,16,24,true,,,바로 이전 분기 대표값 없음,,,전년 동기 대표값 없음 또는 제품 범위 변경,100.0,,2019-Q3,범위 하단끼리·상단끼리 비교. 변화율 구간이나 평균이 아님.,false,false,https://www.avnet.com/wcm/connect/b7202770-5e3f-4369-95f9-70bf9c04defe/AVA-Lead-Time-guide-September-2019-EN-Document.pdf?MOD=AJPERES&attachment=true&id=1568983700586&id=1568983700586%3FMOD%3DAJPERES,PDF p.2 · Film capacitors SMD · Lead-time: weeks,분기 내 마지막 확인값 · 원 자료 축 2019-09 (발간일). 분기 평균·분기말 확정값 아님.,2019-09 Avnet Abacus의 필름 SMD 커패시터는 16–24+주입니다. 원문 납기(주) 열의 같은 품목명을 연결했으며 일반 유통시장 집계입니다. +는 열린 상한으로 보존했습니다.
필름 SMD 커패시터,avnet-film_smd,필름 SMD 커패시터 · Avnet 발간 이력 · Avnet Abacus,weeks,2019-Q4,false,missing,0,[],,,,,,,,missing,,,false,,,이 분기에 확인된 관측이 없습니다.,,,이 분기에 확인된 관측이 없습니다.,,,,이 분기에 확인된 관측이 없습니다.,false,false,,,이 분기에 확인된 관측이 없습니다.,이 분기에 확인된 관측이 없습니다.
필름 SMD 커패시터,avnet-film_smd,필름 SMD 커패시터 · Avnet 발간 이력 · Avnet Abacus,weeks,2020-Q1,false,missing,0,[],,,,,,,,missing,,,false,,,이 분기에 확인된 관측이 없습니다.,,,이 분기에 확인된 관측이 없습니다.,,,,이 분기에 확인된 관측이 없습니다.,false,false,,,이 분기에 확인된 관측이 없습니다.,이 분기에 확인된 관측이 없습니다.
필름 SMD 커패시터,avnet-film_smd,필름 SMD 커패시터 · Avnet 발간 이력 · Avnet Abacus,weeks,2020-Q2,true,latest,1,"[""avnet-2020-04-film_smd""]",avnet-2020-04-film_smd,2020-04,발간일,2020-04,2020-04,Avnet Abacus,Avnet Abacus 일반 유통시장 · 필름 SMD 커패시터,range,10,22,true,,,바로 이전 분기 대표값 없음,,,전년 동기 대표값 없음 또는 제품 범위 변경,62.5,,2019-Q3,범위 하단끼리·상단끼리 비교. 변화율 구간이나 평균이 아님.,false,false,https://www.avnet.com/wcm/connect/101b4984-151c-4e9e-8c42-e55a2da865af/AVA-Lead-Time-guide-March-2020-EN-Document.pdf?MOD=AJPERES,PDF p.2 · Film capacitors SMD · Lead-time: weeks,분기 내 마지막 확인값 · 원 자료 축 2020-04 (발간일). 분기 평균·분기말 확정값 아님.,2020-04 Avnet Abacus의 필름 SMD 커패시터는 10–22+주입니다. 원문 납기(주) 열의 같은 품목명을 연결했으며 일반 유통시장 집계입니다. +는 열린 상한으로 보존했습니다.
필름 SMD 커패시터,avnet-film_smd,필름 SMD 커패시터 · Avnet 발간 이력 · Avnet Abacus,weeks,2020-Q3,false,missing,0,[],,,,,,,,missing,,,false,,,이 분기에 확인된 관측이 없습니다.,,,이 분기에 확인된 관측이 없습니다.,,,,이 분기에 확인된 관측이 없습니다.,false,false,,,이 분기에 확인된 관측이 없습니다.,이 분기에 확인된 관측이 없습니다.
필름 SMD 커패시터,avnet-film_smd,필름 SMD 커패시터 · Avnet 발간 이력 · Avnet Abacus,weeks,2020-Q4,false,missing,0,[],,,,,,,,missing,,,false,,,이 분기에 확인된 관측이 없습니다.,,,이 분기에 확인된 관측이 없습니다.,,,,이 분기에 확인된 관측이 없습니다.,false,false,,,이 분기에 확인된 관측이 없습니다.,이 분기에 확인된 관측이 없습니다.
필름 SMD 커패시터,avnet-film_smd,필름 SMD 커패시터 · Avnet 발간 이력 · Avnet Abacus,weeks,2021-Q1,false,missing,0,[],,,,,,,,missing,,,false,,,이 분기에 확인된 관측이 없습니다.,,,이 분기에 확인된 관측이 없습니다.,,,,이 분기에 확인된 관측이 없습니다.,false,false,,,이 분기에 확인된 관측이 없습니다.,이 분기에 확인된 관측이 없습니다.
필름 SMD 커패시터,avnet-film_smd,필름 SMD 커패시터 · Avnet 발간 이력 · Avnet Abacus,weeks,2021-Q2,true,latest,1,"[""avnet-2021-04-film_smd""]",avnet-2021-04-film_smd,2021-04,발간일,2021-04,2021-04,Avnet Abacus,Avnet Abacus 일반 유통시장 · 필름 SMD 커패시터,range,10,22,true,,,바로 이전 분기 대표값 없음,0.0,,범위 하단끼리·상단끼리 비교. 변화율 구간이나 평균이 아님.,62.5,,2019-Q3,범위 하단끼리·상단끼리 비교. 변화율 구간이나 평균이 아님.,false,false,https://www.avnet.com/wcm/connect/6466625f-04e6-4164-bd2e-9acdd402fc9b/AVA-Lead-Time-Guide-April-2021-EN-Document.pdf?MOD=AJPERES,PDF p.3 · Film capacitors SMD · Lead-time: weeks,분기 내 마지막 확인값 · 원 자료 축 2021-04 (발간일). 분기 평균·분기말 확정값 아님.,2021-04 Avnet Abacus의 필름 SMD 커패시터는 10–22+주입니다. 원문 납기(주) 열의 같은 품목명을 연결했으며 일반 유통시장 집계입니다. +는 열린 상한으로 보존했습니다.
필름 SMD 커패시터,avnet-film_smd,필름 SMD 커패시터 · Avnet 발간 이력 · Avnet Abacus,weeks,2021-Q3,true,latest,1,"[""avnet-2021-07-film_smd""]",avnet-2021-07-film_smd,2021-07,발간일,2021-07,2021-07,Avnet Abacus,Avnet Abacus 일반 유통시장 · 필름 SMD 커패시터,range,10,24,true,0.0,,범위 하단끼리·상단끼리 비교. 변화율 구간이나 평균이 아님.,,,전년 동기 대표값 없음 또는 제품 범위 변경,62.5,,2019-Q3,범위 하단끼리·상단끼리 비교. 변화율 구간이나 평균이 아님.,false,false,https://www.avnet.com/wcm/connect/677978a9-b285-4a92-a841-00c85b0cefc5/AVA-Lead-Time-Guide-July-2021-EN-Document.pdf?MOD=AJPERES,PDF p.3 · Film capacitors SMD · Lead-time: weeks,분기 내 마지막 확인값 · 원 자료 축 2021-07 (발간일). 분기 평균·분기말 확정값 아님.,2021-07 Avnet Abacus의 필름 SMD 커패시터는 10–24+주입니다. 원문 납기(주) 열의 같은 품목명을 연결했으며 일반 유통시장 집계입니다. +는 열린 상한으로 보존했습니다.
필름 SMD 커패시터,avnet-film_smd,필름 SMD 커패시터 · Avnet 발간 이력 · Avnet Abacus,weeks,2021-Q4,false,missing,0,[],,,,,,,,missing,,,false,,,이 분기에 확인된 관측이 없습니다.,,,이 분기에 확인된 관측이 없습니다.,,,,이 분기에 확인된 관측이 없습니다.,false,false,,,이 분기에 확인된 관측이 없습니다.,이 분기에 확인된 관측이 없습니다.
필름 SMD 커패시터,avnet-film_smd,필름 SMD 커패시터 · Avnet 발간 이력 · Avnet Abacus,weeks,2022-Q1,false,missing,0,[],,,,,,,,missing,,,false,,,이 분기에 확인된 관측이 없습니다.,,,이 분기에 확인된 관측이 없습니다.,,,,이 분기에 확인된 관측이 없습니다.,false,false,,,이 분기에 확인된 관측이 없습니다.,이 분기에 확인된 관측이 없습니다.
필름 SMD 커패시터,avnet-film_smd,필름 SMD 커패시터 · Avnet 발간 이력 · Avnet Abacus,weeks,2022-Q2,false,missing,0,[],,,,,,,,missing,,,false,,,이 분기에 확인된 관측이 없습니다.,,,이 분기에 확인된 관측이 없습니다.,,,,이 분기에 확인된 관측이 없습니다.,false,false,,,이 분기에 확인된 관측이 없습니다.,이 분기에 확인된 관측이 없습니다.
필름 SMD 커패시터,avnet-film_smd,필름 SMD 커패시터 · Avnet 발간 이력 · Avnet Abacus,weeks,2022-Q3,false,missing,0,[],,,,,,,,missing,,,false,,,이 분기에 확인된 관측이 없습니다.,,,이 분기에 확인된 관측이 없습니다.,,,,이 분기에 확인된 관측이 없습니다.,false,false,,,이 분기에 확인된 관측이 없습니다.,이 분기에 확인된 관측이 없습니다.
필름 SMD 커패시터,avnet-film_smd,필름 SMD 커패시터 · Avnet 발간 이력 · Avnet Abacus,weeks,2022-Q4,true,latest,1,"[""avnet-2022-12-film_smd""]",avnet-2022-12-film_smd,2022-12,발간일,2022-12,2022-12,Avnet Abacus,Avnet Abacus 일반 유통시장 · 필름 SMD 커패시터,range,20,52,true,,,바로 이전 분기 대표값 없음,,,전년 동기 대표값 없음 또는 제품 범위 변경,125.0,,2019-Q3,범위 하단끼리·상단끼리 비교. 변화율 구간이나 평균이 아님.,false,false,https://www.avnet.com/wcm/connect/b496febc-6ece-4ee2-a4ae-eae91a34d9d1/AVA-Lead-Time-Guide-December-2022-EN-Document.pdf?MOD=AJPERES,PDF p.3 · Film capacitors SMD · Lead-time: weeks,분기 내 마지막 확인값 · 원 자료 축 2022-12 (발간일). 분기 평균·분기말 확정값 아님.,2022-12 Avnet Abacus의 필름 SMD 커패시터는 20–52+주입니다. 원문 납기(주) 열의 같은 품목명을 연결했으며 일반 유통시장 집계입니다. +는 열린 상한으로 보존했습니다.
필름 SMD 커패시터,avnet-film_smd,필름 SMD 커패시터 · Avnet 발간 이력 · Avnet Abacus,weeks,2023-Q1,false,missing,0,[],,,,,,,,missing,,,false,,,이 분기에 확인된 관측이 없습니다.,,,이 분기에 확인된 관측이 없습니다.,,,,이 분기에 확인된 관측이 없습니다.,false,false,,,이 분기에 확인된 관측이 없습니다.,이 분기에 확인된 관측이 없습니다.
필름 SMD 커패시터,avnet-film_smd,필름 SMD 커패시터 · Avnet 발간 이력 · Avnet Abacus,weeks,2023-Q2,false,missing,0,[],,,,,,,,missing,,,false,,,이 분기에 확인된 관측이 없습니다.,,,이 분기에 확인된 관측이 없습니다.,,,,이 분기에 확인된 관측이 없습니다.,false,false,,,이 분기에 확인된 관측이 없습니다.,이 분기에 확인된 관측이 없습니다.
필름 SMD 커패시터,avnet-film_smd,필름 SMD 커패시터 · Avnet 발간 이력 · Avnet Abacus,weeks,2023-Q3,false,missing,0,[],,,,,,,,missing,,,false,,,이 분기에 확인된 관측이 없습니다.,,,이 분기에 확인된 관측이 없습니다.,,,,이 분기에 확인된 관측이 없습니다.,false,false,,,이 분기에 확인된 관측이 없습니다.,이 분기에 확인된 관측이 없습니다.
필름 SMD 커패시터,avnet-film_smd,필름 SMD 커패시터 · Avnet 발간 이력 · Avnet Abacus,weeks,2023-Q4,true,latest,1,"[""avnet-2023-11-film_smd""]",avnet-2023-11-film_smd,2023-11,발간일,2023-11,2023-11,Avnet Abacus,Avnet Abacus 일반 유통시장 · 필름 SMD 커패시터,range,8,26,true,,,바로 이전 분기 대표값 없음,-60.0,,범위 하단끼리·상단끼리 비교. 변화율 구간이나 평균이 아님.,50.0,,2019-Q3,범위 하단끼리·상단끼리 비교. 변화율 구간이나 평균이 아님.,false,false,https://my.avnet.com/wcm/connect/affeb8c0-65e8-46cb-84bc-15fca9dae0bd/AVA-Lead-Time-Guide-November-2022-EN-Document.pdf?MOD=AJPERES,PDF p.3 · Film capacitors SMD · Lead-time: weeks,분기 내 마지막 확인값 · 원 자료 축 2023-11 (발간일). 분기 평균·분기말 확정값 아님.,2023-11 Avnet Abacus의 필름 SMD 커패시터는 8–26+주입니다. 원문 납기(주) 열의 같은 품목명을 연결했으며 일반 유통시장 집계입니다. +는 열린 상한으로 보존했습니다.
필름 SMD 커패시터,avnet-film_smd,필름 SMD 커패시터 · Avnet 발간 이력 · Avnet Abacus,weeks,2024-Q1,true,latest,2,"[""avnet-2024-01-film_smd"", ""avnet-2024-02-film_smd""]",avnet-2024-02-film_smd,2024-02,발간일,2024-02,2024-02,Avnet Abacus,Avnet Abacus 일반 유통시장 · 필름 SMD 커패시터,range,8,16,true,0.0,,범위 하단끼리·상단끼리 비교. 변화율 구간이나 평균이 아님.,,,전년 동기 대표값 없음 또는 제품 범위 변경,50.0,,2019-Q3,범위 하단끼리·상단끼리 비교. 변화율 구간이나 평균이 아님.,false,false,https://my.avnet.com/wcm/connect/1c3e37ed-e911-4561-b888-cbea8ac78f55/AVA-Lead-Time-Guide-February-2024-EN-Document.pdf?MOD=AJPERES,PDF p.3,분기 내 마지막 확인값 · 원 자료 축 2024-02 (발간일). 분기 평균·분기말 확정값 아님.,2024-02 가이드의 필름 SMD 커패시터 납기는 8–16+주입니다. 일반 유통시장 보고값이며 AI 서버 전용 집계와 구분합니다. 상한 뒤 +는 더 긴 납기가 가능함을 뜻합니다.
필름 SMD 커패시터,avnet-film_smd,필름 SMD 커패시터 · Avnet 발간 이력 · Avnet Abacus,weeks,2024-Q2,false,missing,0,[],,,,,,,,missing,,,false,,,이 분기에 확인된 관측이 없습니다.,,,이 분기에 확인된 관측이 없습니다.,,,,이 분기에 확인된 관측이 없습니다.,false,false,,,이 분기에 확인된 관측이 없습니다.,이 분기에 확인된 관측이 없습니다.
필름 SMD 커패시터,avnet-film_smd,필름 SMD 커패시터 · Avnet 발간 이력 · Avnet Abacus,weeks,2024-Q3,true,latest,1,"[""avnet-2024-09-film_smd""]",avnet-2024-09-film_smd,2024-09,발간일,2024-09,2024-09,Avnet Abacus,Avnet Abacus 일반 유통시장 · 필름 SMD 커패시터,range,8,16,true,,,바로 이전 분기 대표값 없음,,,전년 동기 대표값 없음 또는 제품 범위 변경,50.0,,2019-Q3,범위 하단끼리·상단끼리 비교. 변화율 구간이나 평균이 아님.,false,false,https://my.avnet.com/wcm/connect/e9d18ef4-6a53-4f76-b6cf-d63549a0694b/AVA-Lead-Time-Guide-September-2024-EN-Document-aba24037.pdf?MOD=AJPERES,PDF p.3,분기 내 마지막 확인값 · 원 자료 축 2024-09 (발간일). 분기 평균·분기말 확정값 아님.,"2024-09 가이드의 필름 SMD 커패시터 납기는 8–16+주입니다. 일반 유통시장 보고값으로 AI 서버용 집계와 구분합니다. 상한 뒤 +는 이보다 더 길어질 수 있음을 뜻하며, 닫힌 최댓값이 아닙니다."
필름 SMD 커패시터,avnet-film_smd,필름 SMD 커패시터 · Avnet 발간 이력 · Avnet Abacus,weeks,2024-Q4,false,missing,0,[],,,,,,,,missing,,,false,,,이 분기에 확인된 관측이 없습니다.,,,이 분기에 확인된 관측이 없습니다.,,,,이 분기에 확인된 관측이 없습니다.,false,false,,,이 분기에 확인된 관측이 없습니다.,이 분기에 확인된 관측이 없습니다.
필름 SMD 커패시터,avnet-film_smd,필름 SMD 커패시터 · Avnet 발간 이력 · Avnet Abacus,weeks,2025-Q1,false,missing,0,[],,,,,,,,missing,,,false,,,이 분기에 확인된 관측이 없습니다.,,,이 분기에 확인된 관측이 없습니다.,,,,이 분기에 확인된 관측이 없습니다.,false,false,,,이 분기에 확인된 관측이 없습니다.,이 분기에 확인된 관측이 없습니다.
필름 SMD 커패시터,avnet-film_smd,필름 SMD 커패시터 · Avnet 발간 이력 · Avnet Abacus,weeks,2025-Q2,false,missing,0,[],,,,,,,,missing,,,false,,,이 분기에 확인된 관측이 없습니다.,,,이 분기에 확인된 관측이 없습니다.,,,,이 분기에 확인된 관측이 없습니다.,false,false,,,이 분기에 확인된 관측이 없습니다.,이 분기에 확인된 관측이 없습니다.
필름 SMD 커패시터,avnet-film_smd,필름 SMD 커패시터 · Avnet 발간 이력 · Avnet Abacus,weeks,2025-Q3,true,latest,1,"[""avnet-2025-07-film_smd""]",avnet-2025-07-film_smd,2025-07,발간일,2025-07,2025-07,Avnet Abacus,Avnet Abacus 일반 유통시장 · 필름 SMD 커패시터,range,8,26,true,,,바로 이전 분기 대표값 없음,0.0,,범위 하단끼리·상단끼리 비교. 변화율 구간이나 평균이 아님.,50.0,,2019-Q3,범위 하단끼리·상단끼리 비교. 변화율 구간이나 평균이 아님.,false,false,https://my.avnet.com/wcm/connect/a3326d60-174d-4224-8e1d-f2f5595919a1/AVA-Lead-Time-Guide-July-2025-EN-Document.pdf?MOD=AJPERES,PDF p.3,분기 내 마지막 확인값 · 원 자료 축 2025-07 (발간일). 분기 평균·분기말 확정값 아님.,"2025-07 가이드의 필름 SMD 커패시터 납기는 8–26+주입니다. 일반 유통시장 보고값으로 AI 서버용 집계와 구분합니다. 상한 뒤 +는 이보다 더 길어질 수 있음을 뜻하며, 닫힌 최댓값이 아닙니다."
필름 SMD 커패시터,avnet-film_smd,필름 SMD 커패시터 · Avnet 발간 이력 · Avnet Abacus,weeks,2025-Q4,false,missing,0,[],,,,,,,,missing,,,false,,,이 분기에 확인된 관측이 없습니다.,,,이 분기에 확인된 관측이 없습니다.,,,,이 분기에 확인된 관측이 없습니다.,false,false,,,이 분기에 확인된 관측이 없습니다.,이 분기에 확인된 관측이 없습니다.
필름 SMD 커패시터,avnet-film_smd,필름 SMD 커패시터 · Avnet 발간 이력 · Avnet Abacus,weeks,2026-Q1,false,missing,0,[],,,,,,,,missing,,,false,,,이 분기에 확인된 관측이 없습니다.,,,이 분기에 확인된 관측이 없습니다.,,,,이 분기에 확인된 관측이 없습니다.,false,false,,,이 분기에 확인된 관측이 없습니다.,이 분기에 확인된 관측이 없습니다.
필름 SMD 커패시터,avnet-film_smd,필름 SMD 커패시터 · Avnet 발간 이력 · Avnet Abacus,weeks,2026-Q2,false,missing,0,[],,,,,,,,missing,,,false,,,이 분기에 확인된 관측이 없습니다.,,,이 분기에 확인된 관측이 없습니다.,,,,이 분기에 확인된 관측이 없습니다.,false,false,,,이 분기에 확인된 관측이 없습니다.,이 분기에 확인된 관측이 없습니다.
필름 SMD 커패시터,avnet-film_smd,필름 SMD 커패시터 · Avnet 발간 이력 · Avnet Abacus,weeks,2026-Q3,true,latest,1,"[""avnet-2026-08-film_smd""]",avnet-2026-08-film_smd,2026-08,발간일,2026-08,2026-08,Avnet Abacus,Avnet Abacus 일반 유통시장 · 필름 SMD 커패시터,range,8,26,true,,,바로 이전 분기 대표값 없음,0.0,,범위 하단끼리·상단끼리 비교. 변화율 구간이나 평균이 아님.,50.0,,2019-Q3,범위 하단끼리·상단끼리 비교. 변화율 구간이나 평균이 아님.,false,false,https://my.avnet.com/wcm/connect/2222f00c-e4dc-4143-899c-4a892756fcc7/AVA-Lead-Time-Guide-August-2026-EN-Document.pdf?MOD=AJPERES,PDF p.3,분기 내 마지막 확인값 · 원 자료 축 2026-08 (발간일). 분기 평균·분기말 확정값 아님.,"2026-08 가이드의 필름 SMD 커패시터 납기는 8–26+주입니다. 일반 유통시장 보고값으로 AI 서버용 집계와 구분합니다. 상한 뒤 +는 이보다 더 길어질 수 있음을 뜻하며, 닫힌 최댓값이 아닙니다."
리드형 필름 커패시터,avnet-film_leaded,리드형 필름 커패시터 · Avnet 발간 이력 · Avnet Abacus,weeks,2019-Q3,true,latest,1,"[""avnet-2019-09-film_leaded""]",avnet-2019-09-film_leaded,2019-09,발간일,2019-09,2019-09,Avnet Abacus,Avnet Abacus 일반 유통시장 · 리드형 필름 커패시터,range,18,22,true,,,바로 이전 분기 대표값 없음,,,전년 동기 대표값 없음 또는 제품 범위 변경,100.0,,2019-Q3,범위 하단끼리·상단끼리 비교. 변화율 구간이나 평균이 아님.,false,false,https://www.avnet.com/wcm/connect/b7202770-5e3f-4369-95f9-70bf9c04defe/AVA-Lead-Time-guide-September-2019-EN-Document.pdf?MOD=AJPERES&attachment=true&id=1568983700586&id=1568983700586%3FMOD%3DAJPERES,PDF p.2 · Film capacitors leaded · Lead-time: weeks,분기 내 마지막 확인값 · 원 자료 축 2019-09 (발간일). 분기 평균·분기말 확정값 아님.,2019-09 Avnet Abacus의 리드형 필름 커패시터는 18–22+주입니다. 원문 납기(주) 열의 같은 품목명을 연결했으며 일반 유통시장 집계입니다. +는 열린 상한으로 보존했습니다.
리드형 필름 커패시터,avnet-film_leaded,리드형 필름 커패시터 · Avnet 발간 이력 · Avnet Abacus,weeks,2019-Q4,false,missing,0,[],,,,,,,,missing,,,false,,,이 분기에 확인된 관측이 없습니다.,,,이 분기에 확인된 관측이 없습니다.,,,,이 분기에 확인된 관측이 없습니다.,false,false,,,이 분기에 확인된 관측이 없습니다.,이 분기에 확인된 관측이 없습니다.
리드형 필름 커패시터,avnet-film_leaded,리드형 필름 커패시터 · Avnet 발간 이력 · Avnet Abacus,weeks,2020-Q1,false,missing,0,[],,,,,,,,missing,,,false,,,이 분기에 확인된 관측이 없습니다.,,,이 분기에 확인된 관측이 없습니다.,,,,이 분기에 확인된 관측이 없습니다.,false,false,,,이 분기에 확인된 관측이 없습니다.,이 분기에 확인된 관측이 없습니다.
리드형 필름 커패시터,avnet-film_leaded,리드형 필름 커패시터 · Avnet 발간 이력 · Avnet Abacus,weeks,2020-Q2,true,latest,1,"[""avnet-2020-04-film_leaded""]",avnet-2020-04-film_leaded,2020-04,발간일,2020-04,2020-04,Avnet Abacus,Avnet Abacus 일반 유통시장 · 리드형 필름 커패시터,range,6,24,true,,,바로 이전 분기 대표값 없음,,,전년 동기 대표값 없음 또는 제품 범위 변경,33.333333,,2019-Q3,범위 하단끼리·상단끼리 비교. 변화율 구간이나 평균이 아님.,false,false,https://www.avnet.com/wcm/connect/101b4984-151c-4e9e-8c42-e55a2da865af/AVA-Lead-Time-guide-March-2020-EN-Document.pdf?MOD=AJPERES,PDF p.2 · Film capacitors leaded · Lead-time: weeks,분기 내 마지막 확인값 · 원 자료 축 2020-04 (발간일). 분기 평균·분기말 확정값 아님.,2020-04 Avnet Abacus의 리드형 필름 커패시터는 6–24+주입니다. 원문 납기(주) 열의 같은 품목명을 연결했으며 일반 유통시장 집계입니다. +는 열린 상한으로 보존했습니다.
리드형 필름 커패시터,avnet-film_leaded,리드형 필름 커패시터 · Avnet 발간 이력 · Avnet Abacus,weeks,2020-Q3,false,missing,0,[],,,,,,,,missing,,,false,,,이 분기에 확인된 관측이 없습니다.,,,이 분기에 확인된 관측이 없습니다.,,,,이 분기에 확인된 관측이 없습니다.,false,false,,,이 분기에 확인된 관측이 없습니다.,이 분기에 확인된 관측이 없습니다.
리드형 필름 커패시터,avnet-film_leaded,리드형 필름 커패시터 · Avnet 발간 이력 · Avnet Abacus,weeks,2020-Q4,false,missing,0,[],,,,,,,,missing,,,false,,,이 분기에 확인된 관측이 없습니다.,,,이 분기에 확인된 관측이 없습니다.,,,,이 분기에 확인된 관측이 없습니다.,false,false,,,이 분기에 확인된 관측이 없습니다.,이 분기에 확인된 관측이 없습니다.
리드형 필름 커패시터,avnet-film_leaded,리드형 필름 커패시터 · Avnet 발간 이력 · Avnet Abacus,weeks,2021-Q1,false,missing,0,[],,,,,,,,missing,,,false,,,이 분기에 확인된 관측이 없습니다.,,,이 분기에 확인된 관측이 없습니다.,,,,이 분기에 확인된 관측이 없습니다.,false,false,,,이 분기에 확인된 관측이 없습니다.,이 분기에 확인된 관측이 없습니다.
리드형 필름 커패시터,avnet-film_leaded,리드형 필름 커패시터 · Avnet 발간 이력 · Avnet Abacus,weeks,2021-Q2,true,latest,1,"[""avnet-2021-04-film_leaded""]",avnet-2021-04-film_leaded,2021-04,발간일,2021-04,2021-04,Avnet Abacus,Avnet Abacus 일반 유통시장 · 리드형 필름 커패시터,range,6,24,true,,,바로 이전 분기 대표값 없음,0.0,,범위 하단끼리·상단끼리 비교. 변화율 구간이나 평균이 아님.,33.333333,,2019-Q3,범위 하단끼리·상단끼리 비교. 변화율 구간이나 평균이 아님.,false,false,https://www.avnet.com/wcm/connect/6466625f-04e6-4164-bd2e-9acdd402fc9b/AVA-Lead-Time-Guide-April-2021-EN-Document.pdf?MOD=AJPERES,PDF p.3 · Film capacitors leaded · Lead-time: weeks,분기 내 마지막 확인값 · 원 자료 축 2021-04 (발간일). 분기 평균·분기말 확정값 아님.,2021-04 Avnet Abacus의 리드형 필름 커패시터는 6–24+주입니다. 원문 납기(주) 열의 같은 품목명을 연결했으며 일반 유통시장 집계입니다. +는 열린 상한으로 보존했습니다.
리드형 필름 커패시터,avnet-film_leaded,리드형 필름 커패시터 · Avnet 발간 이력 · Avnet Abacus,weeks,2021-Q3,true,latest,1,"[""avnet-2021-07-film_leaded""]",avnet-2021-07-film_leaded,2021-07,발간일,2021-07,2021-07,Avnet Abacus,Avnet Abacus 일반 유통시장 · 리드형 필름 커패시터,range,10,30,true,66.666667,,범위 하단끼리·상단끼리 비교. 변화율 구간이나 평균이 아님.,,,전년 동기 대표값 없음 또는 제품 범위 변경,55.555556,,2019-Q3,범위 하단끼리·상단끼리 비교. 변화율 구간이나 평균이 아님.,false,false,https://www.avnet.com/wcm/connect/677978a9-b285-4a92-a841-00c85b0cefc5/AVA-Lead-Time-Guide-July-2021-EN-Document.pdf?MOD=AJPERES,PDF p.3 · Film capacitors leaded · Lead-time: weeks,분기 내 마지막 확인값 · 원 자료 축 2021-07 (발간일). 분기 평균·분기말 확정값 아님.,2021-07 Avnet Abacus의 리드형 필름 커패시터는 10–30+주입니다. 원문 납기(주) 열의 같은 품목명을 연결했으며 일반 유통시장 집계입니다. +는 열린 상한으로 보존했습니다.
리드형 필름 커패시터,avnet-film_leaded,리드형 필름 커패시터 · Avnet 발간 이력 · Avnet Abacus,weeks,2021-Q4,false,missing,0,[],,,,,,,,missing,,,false,,,이 분기에 확인된 관측이 없습니다.,,,이 분기에 확인된 관측이 없습니다.,,,,이 분기에 확인된 관측이 없습니다.,false,false,,,이 분기에 확인된 관측이 없습니다.,이 분기에 확인된 관측이 없습니다.
리드형 필름 커패시터,avnet-film_leaded,리드형 필름 커패시터 · Avnet 발간 이력 · Avnet Abacus,weeks,2022-Q1,false,missing,0,[],,,,,,,,missing,,,false,,,이 분기에 확인된 관측이 없습니다.,,,이 분기에 확인된 관측이 없습니다.,,,,이 분기에 확인된 관측이 없습니다.,false,false,,,이 분기에 확인된 관측이 없습니다.,이 분기에 확인된 관측이 없습니다.
리드형 필름 커패시터,avnet-film_leaded,리드형 필름 커패시터 · Avnet 발간 이력 · Avnet Abacus,weeks,2022-Q2,false,missing,0,[],,,,,,,,missing,,,false,,,이 분기에 확인된 관측이 없습니다.,,,이 분기에 확인된 관측이 없습니다.,,,,이 분기에 확인된 관측이 없습니다.,false,false,,,이 분기에 확인된 관측이 없습니다.,이 분기에 확인된 관측이 없습니다.
리드형 필름 커패시터,avnet-film_leaded,리드형 필름 커패시터 · Avnet 발간 이력 · Avnet Abacus,weeks,2022-Q3,false,missing,0,[],,,,,,,,missing,,,false,,,이 분기에 확인된 관측이 없습니다.,,,이 분기에 확인된 관측이 없습니다.,,,,이 분기에 확인된 관측이 없습니다.,false,false,,,이 분기에 확인된 관측이 없습니다.,이 분기에 확인된 관측이 없습니다.
리드형 필름 커패시터,avnet-film_leaded,리드형 필름 커패시터 · Avnet 발간 이력 · Avnet Abacus,weeks,2022-Q4,true,latest,1,"[""avnet-2022-12-film_leaded""]",avnet-2022-12-film_leaded,2022-12,발간일,2022-12,2022-12,Avnet Abacus,Avnet Abacus 일반 유통시장 · 리드형 필름 커패시터,range,20,52,true,,,바로 이전 분기 대표값 없음,,,전년 동기 대표값 없음 또는 제품 범위 변경,111.111111,,2019-Q3,범위 하단끼리·상단끼리 비교. 변화율 구간이나 평균이 아님.,false,false,https://www.avnet.com/wcm/connect/b496febc-6ece-4ee2-a4ae-eae91a34d9d1/AVA-Lead-Time-Guide-December-2022-EN-Document.pdf?MOD=AJPERES,PDF p.3 · Film capacitors leaded · Lead-time: weeks,분기 내 마지막 확인값 · 원 자료 축 2022-12 (발간일). 분기 평균·분기말 확정값 아님.,2022-12 Avnet Abacus의 리드형 필름 커패시터는 20–52+주입니다. 원문 납기(주) 열의 같은 품목명을 연결했으며 일반 유통시장 집계입니다. +는 열린 상한으로 보존했습니다.
리드형 필름 커패시터,avnet-film_leaded,리드형 필름 커패시터 · Avnet 발간 이력 · Avnet Abacus,weeks,2023-Q1,false,missing,0,[],,,,,,,,missing,,,false,,,이 분기에 확인된 관측이 없습니다.,,,이 분기에 확인된 관측이 없습니다.,,,,이 분기에 확인된 관측이 없습니다.,false,false,,,이 분기에 확인된 관측이 없습니다.,이 분기에 확인된 관측이 없습니다.
리드형 필름 커패시터,avnet-film_leaded,리드형 필름 커패시터 · Avnet 발간 이력 · Avnet Abacus,weeks,2023-Q2,false,missing,0,[],,,,,,,,missing,,,false,,,이 분기에 확인된 관측이 없습니다.,,,이 분기에 확인된 관측이 없습니다.,,,,이 분기에 확인된 관측이 없습니다.,false,false,,,이 분기에 확인된 관측이 없습니다.,이 분기에 확인된 관측이 없습니다.
리드형 필름 커패시터,avnet-film_leaded,리드형 필름 커패시터 · Avnet 발간 이력 · Avnet Abacus,weeks,2023-Q3,false,missing,0,[],,,,,,,,missing,,,false,,,이 분기에 확인된 관측이 없습니다.,,,이 분기에 확인된 관측이 없습니다.,,,,이 분기에 확인된 관측이 없습니다.,false,false,,,이 분기에 확인된 관측이 없습니다.,이 분기에 확인된 관측이 없습니다.
리드형 필름 커패시터,avnet-film_leaded,리드형 필름 커패시터 · Avnet 발간 이력 · Avnet Abacus,weeks,2023-Q4,true,latest,1,"[""avnet-2023-11-film_leaded""]",avnet-2023-11-film_leaded,2023-11,발간일,2023-11,2023-11,Avnet Abacus,Avnet Abacus 일반 유통시장 · 리드형 필름 커패시터,range,8,26,true,,,바로 이전 분기 대표값 없음,-60.0,,범위 하단끼리·상단끼리 비교. 변화율 구간이나 평균이 아님.,44.444444,,2019-Q3,범위 하단끼리·상단끼리 비교. 변화율 구간이나 평균이 아님.,false,false,https://my.avnet.com/wcm/connect/affeb8c0-65e8-46cb-84bc-15fca9dae0bd/AVA-Lead-Time-Guide-November-2022-EN-Document.pdf?MOD=AJPERES,PDF p.3 · Film capacitors leaded · Lead-time: weeks,분기 내 마지막 확인값 · 원 자료 축 2023-11 (발간일). 분기 평균·분기말 확정값 아님.,2023-11 Avnet Abacus의 리드형 필름 커패시터는 8–26+주입니다. 원문 납기(주) 열의 같은 품목명을 연결했으며 일반 유통시장 집계입니다. +는 열린 상한으로 보존했습니다.
리드형 필름 커패시터,avnet-film_leaded,리드형 필름 커패시터 · Avnet 발간 이력 · Avnet Abacus,weeks,2024-Q1,true,latest,2,"[""avnet-2024-01-film_leaded"", ""avnet-2024-02-film_leaded""]",avnet-2024-02-film_leaded,2024-02,발간일,2024-02,2024-02,Avnet Abacus,Avnet Abacus 일반 유통시장 · 리드형 필름 커패시터,range,8,16,true,0.0,,범위 하단끼리·상단끼리 비교. 변화율 구간이나 평균이 아님.,,,전년 동기 대표값 없음 또는 제품 범위 변경,44.444444,,2019-Q3,범위 하단끼리·상단끼리 비교. 변화율 구간이나 평균이 아님.,false,false,https://my.avnet.com/wcm/connect/1c3e37ed-e911-4561-b888-cbea8ac78f55/AVA-Lead-Time-Guide-February-2024-EN-Document.pdf?MOD=AJPERES,PDF p.3,분기 내 마지막 확인값 · 원 자료 축 2024-02 (발간일). 분기 평균·분기말 확정값 아님.,2024-02 가이드의 리드형 필름 커패시터 납기는 8–16+주입니다. 일반 유통시장 보고값이며 AI 서버 전용 집계와 구분합니다. 상한 뒤 +는 더 긴 납기가 가능함을 뜻합니다.
리드형 필름 커패시터,avnet-film_leaded,리드형 필름 커패시터 · Avnet 발간 이력 · Avnet Abacus,weeks,2024-Q2,false,missing,0,[],,,,,,,,missing,,,false,,,이 분기에 확인된 관측이 없습니다.,,,이 분기에 확인된 관측이 없습니다.,,,,이 분기에 확인된 관측이 없습니다.,false,false,,,이 분기에 확인된 관측이 없습니다.,이 분기에 확인된 관측이 없습니다.
리드형 필름 커패시터,avnet-film_leaded,리드형 필름 커패시터 · Avnet 발간 이력 · Avnet Abacus,weeks,2024-Q3,true,latest,1,"[""avnet-2024-09-film_leaded""]",avnet-2024-09-film_leaded,2024-09,발간일,2024-09,2024-09,Avnet Abacus,Avnet Abacus 일반 유통시장 · 리드형 필름 커패시터,range,8,16,true,,,바로 이전 분기 대표값 없음,,,전년 동기 대표값 없음 또는 제품 범위 변경,44.444444,,2019-Q3,범위 하단끼리·상단끼리 비교. 변화율 구간이나 평균이 아님.,false,false,https://my.avnet.com/wcm/connect/e9d18ef4-6a53-4f76-b6cf-d63549a0694b/AVA-Lead-Time-Guide-September-2024-EN-Document-aba24037.pdf?MOD=AJPERES,PDF p.3,분기 내 마지막 확인값 · 원 자료 축 2024-09 (발간일). 분기 평균·분기말 확정값 아님.,"2024-09 가이드의 리드형 필름 커패시터 납기는 8–16+주입니다. 일반 유통시장 보고값으로 AI 서버용 집계와 구분합니다. 상한 뒤 +는 이보다 더 길어질 수 있음을 뜻하며, 닫힌 최댓값이 아닙니다."
리드형 필름 커패시터,avnet-film_leaded,리드형 필름 커패시터 · Avnet 발간 이력 · Avnet Abacus,weeks,2024-Q4,false,missing,0,[],,,,,,,,missing,,,false,,,이 분기에 확인된 관측이 없습니다.,,,이 분기에 확인된 관측이 없습니다.,,,,이 분기에 확인된 관측이 없습니다.,false,false,,,이 분기에 확인된 관측이 없습니다.,이 분기에 확인된 관측이 없습니다.
리드형 필름 커패시터,avnet-film_leaded,리드형 필름 커패시터 · Avnet 발간 이력 · Avnet Abacus,weeks,2025-Q1,false,missing,0,[],,,,,,,,missing,,,false,,,이 분기에 확인된 관측이 없습니다.,,,이 분기에 확인된 관측이 없습니다.,,,,이 분기에 확인된 관측이 없습니다.,false,false,,,이 분기에 확인된 관측이 없습니다.,이 분기에 확인된 관측이 없습니다.
리드형 필름 커패시터,avnet-film_leaded,리드형 필름 커패시터 · Avnet 발간 이력 · Avnet Abacus,weeks,2025-Q2,false,missing,0,[],,,,,,,,missing,,,false,,,이 분기에 확인된 관측이 없습니다.,,,이 분기에 확인된 관측이 없습니다.,,,,이 분기에 확인된 관측이 없습니다.,false,false,,,이 분기에 확인된 관측이 없습니다.,이 분기에 확인된 관측이 없습니다.
리드형 필름 커패시터,avnet-film_leaded,리드형 필름 커패시터 · Avnet 발간 이력 · Avnet Abacus,weeks,2025-Q3,true,latest,1,"[""avnet-2025-07-film_leaded""]",avnet-2025-07-film_leaded,2025-07,발간일,2025-07,2025-07,Avnet Abacus,Avnet Abacus 일반 유통시장 · 리드형 필름 커패시터,range,8,26,true,,,바로 이전 분기 대표값 없음,0.0,,범위 하단끼리·상단끼리 비교. 변화율 구간이나 평균이 아님.,44.444444,,2019-Q3,범위 하단끼리·상단끼리 비교. 변화율 구간이나 평균이 아님.,false,false,https://my.avnet.com/wcm/connect/a3326d60-174d-4224-8e1d-f2f5595919a1/AVA-Lead-Time-Guide-July-2025-EN-Document.pdf?MOD=AJPERES,PDF p.3,분기 내 마지막 확인값 · 원 자료 축 2025-07 (발간일). 분기 평균·분기말 확정값 아님.,"2025-07 가이드의 리드형 필름 커패시터 납기는 8–26+주입니다. 일반 유통시장 보고값으로 AI 서버용 집계와 구분합니다. 상한 뒤 +는 이보다 더 길어질 수 있음을 뜻하며, 닫힌 최댓값이 아닙니다."
리드형 필름 커패시터,avnet-film_leaded,리드형 필름 커패시터 · Avnet 발간 이력 · Avnet Abacus,weeks,2025-Q4,false,missing,0,[],,,,,,,,missing,,,false,,,이 분기에 확인된 관측이 없습니다.,,,이 분기에 확인된 관측이 없습니다.,,,,이 분기에 확인된 관측이 없습니다.,false,false,,,이 분기에 확인된 관측이 없습니다.,이 분기에 확인된 관측이 없습니다.
리드형 필름 커패시터,avnet-film_leaded,리드형 필름 커패시터 · Avnet 발간 이력 · Avnet Abacus,weeks,2026-Q1,false,missing,0,[],,,,,,,,missing,,,false,,,이 분기에 확인된 관측이 없습니다.,,,이 분기에 확인된 관측이 없습니다.,,,,이 분기에 확인된 관측이 없습니다.,false,false,,,이 분기에 확인된 관측이 없습니다.,이 분기에 확인된 관측이 없습니다.
리드형 필름 커패시터,avnet-film_leaded,리드형 필름 커패시터 · Avnet 발간 이력 · Avnet Abacus,weeks,2026-Q2,false,missing,0,[],,,,,,,,missing,,,false,,,이 분기에 확인된 관측이 없습니다.,,,이 분기에 확인된 관측이 없습니다.,,,,이 분기에 확인된 관측이 없습니다.,false,false,,,이 분기에 확인된 관측이 없습니다.,이 분기에 확인된 관측이 없습니다.
리드형 필름 커패시터,avnet-film_leaded,리드형 필름 커패시터 · Avnet 발간 이력 · Avnet Abacus,weeks,2026-Q3,true,latest,1,"[""avnet-2026-08-film_leaded""]",avnet-2026-08-film_leaded,2026-08,발간일,2026-08,2026-08,Avnet Abacus,Avnet Abacus 일반 유통시장 · 리드형 필름 커패시터,range,8,26,true,,,바로 이전 분기 대표값 없음,0.0,,범위 하단끼리·상단끼리 비교. 변화율 구간이나 평균이 아님.,44.444444,,2019-Q3,범위 하단끼리·상단끼리 비교. 변화율 구간이나 평균이 아님.,false,false,https://my.avnet.com/wcm/connect/2222f00c-e4dc-4143-899c-4a892756fcc7/AVA-Lead-Time-Guide-August-2026-EN-Document.pdf?MOD=AJPERES,PDF p.3,분기 내 마지막 확인값 · 원 자료 축 2026-08 (발간일). 분기 평균·분기말 확정값 아님.,"2026-08 가이드의 리드형 필름 커패시터 납기는 8–26+주입니다. 일반 유통시장 보고값으로 AI 서버용 집계와 구분합니다. 상한 뒤 +는 이보다 더 길어질 수 있음을 뜻하며, 닫힌 최댓값이 아닙니다."
알루미늄 전해 SMD 커패시터,avnet-aluminium_smd,알루미늄 전해 SMD 커패시터 · Avnet 발간 이력 · Avnet Abacus,weeks,2019-Q3,true,latest,1,"[""avnet-2019-09-aluminium_smd""]",avnet-2019-09-aluminium_smd,2019-09,발간일,2019-09,2019-09,Avnet Abacus,Avnet Abacus 일반 유통시장 · 알루미늄 전해 SMD 커패시터,range,12,24,false,,,바로 이전 분기 대표값 없음,,,전년 동기 대표값 없음 또는 제품 범위 변경,100.0,100.0,2019-Q3,범위 하단끼리·상단끼리 비교. 변화율 구간이나 평균이 아님.,false,false,https://www.avnet.com/wcm/connect/b7202770-5e3f-4369-95f9-70bf9c04defe/AVA-Lead-Time-guide-September-2019-EN-Document.pdf?MOD=AJPERES&attachment=true&id=1568983700586&id=1568983700586%3FMOD%3DAJPERES,PDF p.2 · Aluminium electrolytic capacitors SMD · Lead-time: weeks,분기 내 마지막 확인값 · 원 자료 축 2019-09 (발간일). 분기 평균·분기말 확정값 아님.,2019-09 Avnet Abacus의 알루미늄 전해 SMD 커패시터는 12–24주입니다. 원문 납기(주) 열의 같은 품목명을 연결했으며 일반 유통시장 집계입니다.
알루미늄 전해 SMD 커패시터,avnet-aluminium_smd,알루미늄 전해 SMD 커패시터 · Avnet 발간 이력 · Avnet Abacus,weeks,2019-Q4,false,missing,0,[],,,,,,,,missing,,,false,,,이 분기에 확인된 관측이 없습니다.,,,이 분기에 확인된 관측이 없습니다.,,,,이 분기에 확인된 관측이 없습니다.,false,false,,,이 분기에 확인된 관측이 없습니다.,이 분기에 확인된 관측이 없습니다.
알루미늄 전해 SMD 커패시터,avnet-aluminium_smd,알루미늄 전해 SMD 커패시터 · Avnet 발간 이력 · Avnet Abacus,weeks,2020-Q1,false,missing,0,[],,,,,,,,missing,,,false,,,이 분기에 확인된 관측이 없습니다.,,,이 분기에 확인된 관측이 없습니다.,,,,이 분기에 확인된 관측이 없습니다.,false,false,,,이 분기에 확인된 관측이 없습니다.,이 분기에 확인된 관측이 없습니다.
알루미늄 전해 SMD 커패시터,avnet-aluminium_smd,알루미늄 전해 SMD 커패시터 · Avnet 발간 이력 · Avnet Abacus,weeks,2020-Q2,true,latest,1,"[""avnet-2020-04-aluminium_smd""]",avnet-2020-04-aluminium_smd,2020-04,발간일,2020-04,2020-04,Avnet Abacus,Avnet Abacus 일반 유통시장 · 알루미늄 전해 SMD 커패시터,range,6,24,false,,,바로 이전 분기 대표값 없음,,,전년 동기 대표값 없음 또는 제품 범위 변경,50.0,100.0,2019-Q3,범위 하단끼리·상단끼리 비교. 변화율 구간이나 평균이 아님.,false,false,https://www.avnet.com/wcm/connect/101b4984-151c-4e9e-8c42-e55a2da865af/AVA-Lead-Time-guide-March-2020-EN-Document.pdf?MOD=AJPERES,PDF p.2 · Aluminium electrolytic capacitors SMD · Lead-time: weeks,분기 내 마지막 확인값 · 원 자료 축 2020-04 (발간일). 분기 평균·분기말 확정값 아님.,2020-04 Avnet Abacus의 알루미늄 전해 SMD 커패시터는 6–24주입니다. 원문 납기(주) 열의 같은 품목명을 연결했으며 일반 유통시장 집계입니다.
알루미늄 전해 SMD 커패시터,avnet-aluminium_smd,알루미늄 전해 SMD 커패시터 · Avnet 발간 이력 · Avnet Abacus,weeks,2020-Q3,false,missing,0,[],,,,,,,,missing,,,false,,,이 분기에 확인된 관측이 없습니다.,,,이 분기에 확인된 관측이 없습니다.,,,,이 분기에 확인된 관측이 없습니다.,false,false,,,이 분기에 확인된 관측이 없습니다.,이 분기에 확인된 관측이 없습니다.
알루미늄 전해 SMD 커패시터,avnet-aluminium_smd,알루미늄 전해 SMD 커패시터 · Avnet 발간 이력 · Avnet Abacus,weeks,2020-Q4,false,missing,0,[],,,,,,,,missing,,,false,,,이 분기에 확인된 관측이 없습니다.,,,이 분기에 확인된 관측이 없습니다.,,,,이 분기에 확인된 관측이 없습니다.,false,false,,,이 분기에 확인된 관측이 없습니다.,이 분기에 확인된 관측이 없습니다.
알루미늄 전해 SMD 커패시터,avnet-aluminium_smd,알루미늄 전해 SMD 커패시터 · Avnet 발간 이력 · Avnet Abacus,weeks,2021-Q1,false,missing,0,[],,,,,,,,missing,,,false,,,이 분기에 확인된 관측이 없습니다.,,,이 분기에 확인된 관측이 없습니다.,,,,이 분기에 확인된 관측이 없습니다.,false,false,,,이 분기에 확인된 관측이 없습니다.,이 분기에 확인된 관측이 없습니다.
알루미늄 전해 SMD 커패시터,avnet-aluminium_smd,알루미늄 전해 SMD 커패시터 · Avnet 발간 이력 · Avnet Abacus,weeks,2021-Q2,true,latest,1,"[""avnet-2021-04-aluminium_smd""]",avnet-2021-04-aluminium_smd,2021-04,발간일,2021-04,2021-04,Avnet Abacus,Avnet Abacus 일반 유통시장 · 알루미늄 전해 SMD 커패시터,range,20,40,false,,,바로 이전 분기 대표값 없음,233.333333,66.666667,범위 하단끼리·상단끼리 비교. 변화율 구간이나 평균이 아님.,166.666667,166.666667,2019-Q3,범위 하단끼리·상단끼리 비교. 변화율 구간이나 평균이 아님.,false,false,https://www.avnet.com/wcm/connect/6466625f-04e6-4164-bd2e-9acdd402fc9b/AVA-Lead-Time-Guide-April-2021-EN-Document.pdf?MOD=AJPERES,PDF p.3 · Aluminium electrolytic capacitors SMD · Lead-time: weeks,분기 내 마지막 확인값 · 원 자료 축 2021-04 (발간일). 분기 평균·분기말 확정값 아님.,2021-04 Avnet Abacus의 알루미늄 전해 SMD 커패시터는 20–40주입니다. 원문 납기(주) 열의 같은 품목명을 연결했으며 일반 유통시장 집계입니다.
알루미늄 전해 SMD 커패시터,avnet-aluminium_smd,알루미늄 전해 SMD 커패시터 · Avnet 발간 이력 · Avnet Abacus,weeks,2021-Q3,true,latest,1,"[""avnet-2021-07-aluminium_smd""]",avnet-2021-07-aluminium_smd,2021-07,발간일,2021-07,2021-07,Avnet Abacus,Avnet Abacus 일반 유통시장 · 알루미늄 전해 SMD 커패시터,range,20,52,true,0.0,,범위 하단끼리·상단끼리 비교. 변화율 구간이나 평균이 아님.,,,전년 동기 대표값 없음 또는 제품 범위 변경,166.666667,,2019-Q3,범위 하단끼리·상단끼리 비교. 변화율 구간이나 평균이 아님.,false,false,https://www.avnet.com/wcm/connect/677978a9-b285-4a92-a841-00c85b0cefc5/AVA-Lead-Time-Guide-July-2021-EN-Document.pdf?MOD=AJPERES,PDF p.3 · Aluminium electrolytic capacitors SMD · Lead-time: weeks,분기 내 마지막 확인값 · 원 자료 축 2021-07 (발간일). 분기 평균·분기말 확정값 아님.,2021-07 Avnet Abacus의 알루미늄 전해 SMD 커패시터는 20–52+주입니다. 원문 납기(주) 열의 같은 품목명을 연결했으며 일반 유통시장 집계입니다. +는 열린 상한으로 보존했습니다.
알루미늄 전해 SMD 커패시터,avnet-aluminium_smd,알루미늄 전해 SMD 커패시터 · Avnet 발간 이력 · Avnet Abacus,weeks,2021-Q4,false,missing,0,[],,,,,,,,missing,,,false,,,이 분기에 확인된 관측이 없습니다.,,,이 분기에 확인된 관측이 없습니다.,,,,이 분기에 확인된 관측이 없습니다.,false,false,,,이 분기에 확인된 관측이 없습니다.,이 분기에 확인된 관측이 없습니다.
알루미늄 전해 SMD 커패시터,avnet-aluminium_smd,알루미늄 전해 SMD 커패시터 · Avnet 발간 이력 · Avnet Abacus,weeks,2022-Q1,false,missing,0,[],,,,,,,,missing,,,false,,,이 분기에 확인된 관측이 없습니다.,,,이 분기에 확인된 관측이 없습니다.,,,,이 분기에 확인된 관측이 없습니다.,false,false,,,이 분기에 확인된 관측이 없습니다.,이 분기에 확인된 관측이 없습니다.
알루미늄 전해 SMD 커패시터,avnet-aluminium_smd,알루미늄 전해 SMD 커패시터 · Avnet 발간 이력 · Avnet Abacus,weeks,2022-Q2,false,missing,0,[],,,,,,,,missing,,,false,,,이 분기에 확인된 관측이 없습니다.,,,이 분기에 확인된 관측이 없습니다.,,,,이 분기에 확인된 관측이 없습니다.,false,false,,,이 분기에 확인된 관측이 없습니다.,이 분기에 확인된 관측이 없습니다.
알루미늄 전해 SMD 커패시터,avnet-aluminium_smd,알루미늄 전해 SMD 커패시터 · Avnet 발간 이력 · Avnet Abacus,weeks,2022-Q3,false,missing,0,[],,,,,,,,missing,,,false,,,이 분기에 확인된 관측이 없습니다.,,,이 분기에 확인된 관측이 없습니다.,,,,이 분기에 확인된 관측이 없습니다.,false,false,,,이 분기에 확인된 관측이 없습니다.,이 분기에 확인된 관측이 없습니다.
알루미늄 전해 SMD 커패시터,avnet-aluminium_smd,알루미늄 전해 SMD 커패시터 · Avnet 발간 이력 · Avnet Abacus,weeks,2022-Q4,true,latest,1,"[""avnet-2022-12-aluminium_smd""]",avnet-2022-12-aluminium_smd,2022-12,발간일,2022-12,2022-12,Avnet Abacus,Avnet Abacus 일반 유통시장 · 알루미늄 전해 SMD 커패시터,range,20,52,true,,,바로 이전 분기 대표값 없음,,,전년 동기 대표값 없음 또는 제품 범위 변경,166.666667,,2019-Q3,범위 하단끼리·상단끼리 비교. 변화율 구간이나 평균이 아님.,false,false,https://www.avnet.com/wcm/connect/b496febc-6ece-4ee2-a4ae-eae91a34d9d1/AVA-Lead-Time-Guide-December-2022-EN-Document.pdf?MOD=AJPERES,PDF p.3 · Aluminium electrolytic capacitors SMD · Lead-time: weeks,분기 내 마지막 확인값 · 원 자료 축 2022-12 (발간일). 분기 평균·분기말 확정값 아님.,2022-12 Avnet Abacus의 알루미늄 전해 SMD 커패시터는 20–52+주입니다. 원문 납기(주) 열의 같은 품목명을 연결했으며 일반 유통시장 집계입니다. +는 열린 상한으로 보존했습니다.
알루미늄 전해 SMD 커패시터,avnet-aluminium_smd,알루미늄 전해 SMD 커패시터 · Avnet 발간 이력 · Avnet Abacus,weeks,2023-Q1,false,missing,0,[],,,,,,,,missing,,,false,,,이 분기에 확인된 관측이 없습니다.,,,이 분기에 확인된 관측이 없습니다.,,,,이 분기에 확인된 관측이 없습니다.,false,false,,,이 분기에 확인된 관측이 없습니다.,이 분기에 확인된 관측이 없습니다.
알루미늄 전해 SMD 커패시터,avnet-aluminium_smd,알루미늄 전해 SMD 커패시터 · Avnet 발간 이력 · Avnet Abacus,weeks,2023-Q2,false,missing,0,[],,,,,,,,missing,,,false,,,이 분기에 확인된 관측이 없습니다.,,,이 분기에 확인된 관측이 없습니다.,,,,이 분기에 확인된 관측이 없습니다.,false,false,,,이 분기에 확인된 관측이 없습니다.,이 분기에 확인된 관측이 없습니다.
알루미늄 전해 SMD 커패시터,avnet-aluminium_smd,알루미늄 전해 SMD 커패시터 · Avnet 발간 이력 · Avnet Abacus,weeks,2023-Q3,false,missing,0,[],,,,,,,,missing,,,false,,,이 분기에 확인된 관측이 없습니다.,,,이 분기에 확인된 관측이 없습니다.,,,,이 분기에 확인된 관측이 없습니다.,false,false,,,이 분기에 확인된 관측이 없습니다.,이 분기에 확인된 관측이 없습니다.
알루미늄 전해 SMD 커패시터,avnet-aluminium_smd,알루미늄 전해 SMD 커패시터 · Avnet 발간 이력 · Avnet Abacus,weeks,2023-Q4,true,latest,1,"[""avnet-2023-11-aluminium_smd""]",avnet-2023-11-aluminium_smd,2023-11,발간일,2023-11,2023-11,Avnet Abacus,Avnet Abacus 일반 유통시장 · 알루미늄 전해 SMD 커패시터,range,8,26,true,,,바로 이전 분기 대표값 없음,-60.0,,범위 하단끼리·상단끼리 비교. 변화율 구간이나 평균이 아님.,66.666667,,2019-Q3,범위 하단끼리·상단끼리 비교. 변화율 구간이나 평균이 아님.,false,false,https://my.avnet.com/wcm/connect/affeb8c0-65e8-46cb-84bc-15fca9dae0bd/AVA-Lead-Time-Guide-November-2022-EN-Document.pdf?MOD=AJPERES,PDF p.3 · Aluminium electrolytic capacitors SMD · Lead-time: weeks,분기 내 마지막 확인값 · 원 자료 축 2023-11 (발간일). 분기 평균·분기말 확정값 아님.,2023-11 Avnet Abacus의 알루미늄 전해 SMD 커패시터는 8–26+주입니다. 원문 납기(주) 열의 같은 품목명을 연결했으며 일반 유통시장 집계입니다. +는 열린 상한으로 보존했습니다.
알루미늄 전해 SMD 커패시터,avnet-aluminium_smd,알루미늄 전해 SMD 커패시터 · Avnet 발간 이력 · Avnet Abacus,weeks,2024-Q1,true,latest,2,"[""avnet-2024-01-aluminium_smd"", ""avnet-2024-02-aluminium_smd""]",avnet-2024-02-aluminium_smd,2024-02,발간일,2024-02,2024-02,Avnet Abacus,Avnet Abacus 일반 유통시장 · 알루미늄 전해 SMD 커패시터,range,8,26,true,0.0,,범위 하단끼리·상단끼리 비교. 변화율 구간이나 평균이 아님.,,,전년 동기 대표값 없음 또는 제품 범위 변경,66.666667,,2019-Q3,범위 하단끼리·상단끼리 비교. 변화율 구간이나 평균이 아님.,false,false,https://my.avnet.com/wcm/connect/1c3e37ed-e911-4561-b888-cbea8ac78f55/AVA-Lead-Time-Guide-February-2024-EN-Document.pdf?MOD=AJPERES,PDF p.3,분기 내 마지막 확인값 · 원 자료 축 2024-02 (발간일). 분기 평균·분기말 확정값 아님.,2024-02 가이드의 알루미늄 전해 SMD 커패시터 납기는 8–26+주입니다. 일반 유통시장 보고값이며 AI 서버 전용 집계와 구분합니다. 상한 뒤 +는 더 긴 납기가 가능함을 뜻합니다.
알루미늄 전해 SMD 커패시터,avnet-aluminium_smd,알루미늄 전해 SMD 커패시터 · Avnet 발간 이력 · Avnet Abacus,weeks,2024-Q2,false,missing,0,[],,,,,,,,missing,,,false,,,이 분기에 확인된 관측이 없습니다.,,,이 분기에 확인된 관측이 없습니다.,,,,이 분기에 확인된 관측이 없습니다.,false,false,,,이 분기에 확인된 관측이 없습니다.,이 분기에 확인된 관측이 없습니다.
알루미늄 전해 SMD 커패시터,avnet-aluminium_smd,알루미늄 전해 SMD 커패시터 · Avnet 발간 이력 · Avnet Abacus,weeks,2024-Q3,true,latest,1,"[""avnet-2024-09-aluminium_smd""]",avnet-2024-09-aluminium_smd,2024-09,발간일,2024-09,2024-09,Avnet Abacus,Avnet Abacus 일반 유통시장 · 알루미늄 전해 SMD 커패시터,range,8,26,true,,,바로 이전 분기 대표값 없음,,,전년 동기 대표값 없음 또는 제품 범위 변경,66.666667,,2019-Q3,범위 하단끼리·상단끼리 비교. 변화율 구간이나 평균이 아님.,false,false,https://my.avnet.com/wcm/connect/e9d18ef4-6a53-4f76-b6cf-d63549a0694b/AVA-Lead-Time-Guide-September-2024-EN-Document-aba24037.pdf?MOD=AJPERES,PDF p.3,분기 내 마지막 확인값 · 원 자료 축 2024-09 (발간일). 분기 평균·분기말 확정값 아님.,"2024-09 가이드의 알루미늄 전해 SMD 커패시터 납기는 8–26+주입니다. 일반 유통시장 보고값으로 AI 서버용 집계와 구분합니다. 상한 뒤 +는 이보다 더 길어질 수 있음을 뜻하며, 닫힌 최댓값이 아닙니다."
알루미늄 전해 SMD 커패시터,avnet-aluminium_smd,알루미늄 전해 SMD 커패시터 · Avnet 발간 이력 · Avnet Abacus,weeks,2024-Q4,false,missing,0,[],,,,,,,,missing,,,false,,,이 분기에 확인된 관측이 없습니다.,,,이 분기에 확인된 관측이 없습니다.,,,,이 분기에 확인된 관측이 없습니다.,false,false,,,이 분기에 확인된 관측이 없습니다.,이 분기에 확인된 관측이 없습니다.
알루미늄 전해 SMD 커패시터,avnet-aluminium_smd,알루미늄 전해 SMD 커패시터 · Avnet 발간 이력 · Avnet Abacus,weeks,2025-Q1,false,missing,0,[],,,,,,,,missing,,,false,,,이 분기에 확인된 관측이 없습니다.,,,이 분기에 확인된 관측이 없습니다.,,,,이 분기에 확인된 관측이 없습니다.,false,false,,,이 분기에 확인된 관측이 없습니다.,이 분기에 확인된 관측이 없습니다.
알루미늄 전해 SMD 커패시터,avnet-aluminium_smd,알루미늄 전해 SMD 커패시터 · Avnet 발간 이력 · Avnet Abacus,weeks,2025-Q2,false,missing,0,[],,,,,,,,missing,,,false,,,이 분기에 확인된 관측이 없습니다.,,,이 분기에 확인된 관측이 없습니다.,,,,이 분기에 확인된 관측이 없습니다.,false,false,,,이 분기에 확인된 관측이 없습니다.,이 분기에 확인된 관측이 없습니다.
알루미늄 전해 SMD 커패시터,avnet-aluminium_smd,알루미늄 전해 SMD 커패시터 · Avnet 발간 이력 · Avnet Abacus,weeks,2025-Q3,true,latest,1,"[""avnet-2025-07-aluminium_smd""]",avnet-2025-07-aluminium_smd,2025-07,발간일,2025-07,2025-07,Avnet Abacus,Avnet Abacus 일반 유통시장 · 알루미늄 전해 SMD 커패시터,range,8,26,true,,,바로 이전 분기 대표값 없음,0.0,,범위 하단끼리·상단끼리 비교. 변화율 구간이나 평균이 아님.,66.666667,,2019-Q3,범위 하단끼리·상단끼리 비교. 변화율 구간이나 평균이 아님.,false,false,https://my.avnet.com/wcm/connect/a3326d60-174d-4224-8e1d-f2f5595919a1/AVA-Lead-Time-Guide-July-2025-EN-Document.pdf?MOD=AJPERES,PDF p.3,분기 내 마지막 확인값 · 원 자료 축 2025-07 (발간일). 분기 평균·분기말 확정값 아님.,"2025-07 가이드의 알루미늄 전해 SMD 커패시터 납기는 8–26+주입니다. 일반 유통시장 보고값으로 AI 서버용 집계와 구분합니다. 상한 뒤 +는 이보다 더 길어질 수 있음을 뜻하며, 닫힌 최댓값이 아닙니다."
알루미늄 전해 SMD 커패시터,avnet-aluminium_smd,알루미늄 전해 SMD 커패시터 · Avnet 발간 이력 · Avnet Abacus,weeks,2025-Q4,false,missing,0,[],,,,,,,,missing,,,false,,,이 분기에 확인된 관측이 없습니다.,,,이 분기에 확인된 관측이 없습니다.,,,,이 분기에 확인된 관측이 없습니다.,false,false,,,이 분기에 확인된 관측이 없습니다.,이 분기에 확인된 관측이 없습니다.
알루미늄 전해 SMD 커패시터,avnet-aluminium_smd,알루미늄 전해 SMD 커패시터 · Avnet 발간 이력 · Avnet Abacus,weeks,2026-Q1,false,missing,0,[],,,,,,,,missing,,,false,,,이 분기에 확인된 관측이 없습니다.,,,이 분기에 확인된 관측이 없습니다.,,,,이 분기에 확인된 관측이 없습니다.,false,false,,,이 분기에 확인된 관측이 없습니다.,이 분기에 확인된 관측이 없습니다.
알루미늄 전해 SMD 커패시터,avnet-aluminium_smd,알루미늄 전해 SMD 커패시터 · Avnet 발간 이력 · Avnet Abacus,weeks,2026-Q2,false,missing,0,[],,,,,,,,missing,,,false,,,이 분기에 확인된 관측이 없습니다.,,,이 분기에 확인된 관측이 없습니다.,,,,이 분기에 확인된 관측이 없습니다.,false,false,,,이 분기에 확인된 관측이 없습니다.,이 분기에 확인된 관측이 없습니다.
알루미늄 전해 SMD 커패시터,avnet-aluminium_smd,알루미늄 전해 SMD 커패시터 · Avnet 발간 이력 · Avnet Abacus,weeks,2026-Q3,true,latest,1,"[""avnet-2026-08-aluminium_smd""]",avnet-2026-08-aluminium_smd,2026-08,발간일,2026-08,2026-08,Avnet Abacus,Avnet Abacus 일반 유통시장 · 알루미늄 전해 SMD 커패시터,range,8,26,true,,,바로 이전 분기 대표값 없음,0.0,,범위 하단끼리·상단끼리 비교. 변화율 구간이나 평균이 아님.,66.666667,,2019-Q3,범위 하단끼리·상단끼리 비교. 변화율 구간이나 평균이 아님.,false,false,https://my.avnet.com/wcm/connect/2222f00c-e4dc-4143-899c-4a892756fcc7/AVA-Lead-Time-Guide-August-2026-EN-Document.pdf?MOD=AJPERES,PDF p.3,분기 내 마지막 확인값 · 원 자료 축 2026-08 (발간일). 분기 평균·분기말 확정값 아님.,"2026-08 가이드의 알루미늄 전해 SMD 커패시터 납기는 8–26+주입니다. 일반 유통시장 보고값으로 AI 서버용 집계와 구분합니다. 상한 뒤 +는 이보다 더 길어질 수 있음을 뜻하며, 닫힌 최댓값이 아닙니다."
폴리머 커패시터,avnet-polymer_capacitor,폴리머 커패시터 · Avnet 발간 이력 · Avnet Abacus,weeks,2019-Q3,true,latest,1,"[""avnet-2019-09-polymer_capacitor""]",avnet-2019-09-polymer_capacitor,2019-09,발간일,2019-09,2019-09,Avnet Abacus,Avnet Abacus 일반 유통시장 · 폴리머 커패시터,range,12,24,false,,,바로 이전 분기 대표값 없음,,,전년 동기 대표값 없음 또는 제품 범위 변경,100.0,100.0,2019-Q3,범위 하단끼리·상단끼리 비교. 변화율 구간이나 평균이 아님.,false,false,https://www.avnet.com/wcm/connect/b7202770-5e3f-4369-95f9-70bf9c04defe/AVA-Lead-Time-guide-September-2019-EN-Document.pdf?MOD=AJPERES&attachment=true&id=1568983700586&id=1568983700586%3FMOD%3DAJPERES,PDF p.2 · Polymer capacitors · Lead-time: weeks,분기 내 마지막 확인값 · 원 자료 축 2019-09 (발간일). 분기 평균·분기말 확정값 아님.,2019-09 Avnet Abacus의 폴리머 커패시터는 12–24주입니다. 원문 납기(주) 열의 같은 품목명을 연결했으며 일반 유통시장 집계입니다.
폴리머 커패시터,avnet-polymer_capacitor,폴리머 커패시터 · Avnet 발간 이력 · Avnet Abacus,weeks,2019-Q4,false,missing,0,[],,,,,,,,missing,,,false,,,이 분기에 확인된 관측이 없습니다.,,,이 분기에 확인된 관측이 없습니다.,,,,이 분기에 확인된 관측이 없습니다.,false,false,,,이 분기에 확인된 관측이 없습니다.,이 분기에 확인된 관측이 없습니다.
폴리머 커패시터,avnet-polymer_capacitor,폴리머 커패시터 · Avnet 발간 이력 · Avnet Abacus,weeks,2020-Q1,false,missing,0,[],,,,,,,,missing,,,false,,,이 분기에 확인된 관측이 없습니다.,,,이 분기에 확인된 관측이 없습니다.,,,,이 분기에 확인된 관측이 없습니다.,false,false,,,이 분기에 확인된 관측이 없습니다.,이 분기에 확인된 관측이 없습니다.
폴리머 커패시터,avnet-polymer_capacitor,폴리머 커패시터 · Avnet 발간 이력 · Avnet Abacus,weeks,2020-Q2,true,latest,1,"[""avnet-2020-04-polymer_capacitor""]",avnet-2020-04-polymer_capacitor,2020-04,발간일,2020-04,2020-04,Avnet Abacus,Avnet Abacus 일반 유통시장 · 폴리머 커패시터,range,6,24,false,,,바로 이전 분기 대표값 없음,,,전년 동기 대표값 없음 또는 제품 범위 변경,50.0,100.0,2019-Q3,범위 하단끼리·상단끼리 비교. 변화율 구간이나 평균이 아님.,false,false,https://www.avnet.com/wcm/connect/101b4984-151c-4e9e-8c42-e55a2da865af/AVA-Lead-Time-guide-March-2020-EN-Document.pdf?MOD=AJPERES,PDF p.2 · Polymer capacitors · Lead-time: weeks,분기 내 마지막 확인값 · 원 자료 축 2020-04 (발간일). 분기 평균·분기말 확정값 아님.,2020-04 Avnet Abacus의 폴리머 커패시터는 6–24주입니다. 원문 납기(주) 열의 같은 품목명을 연결했으며 일반 유통시장 집계입니다.
폴리머 커패시터,avnet-polymer_capacitor,폴리머 커패시터 · Avnet 발간 이력 · Avnet Abacus,weeks,2020-Q3,false,missing,0,[],,,,,,,,missing,,,false,,,이 분기에 확인된 관측이 없습니다.,,,이 분기에 확인된 관측이 없습니다.,,,,이 분기에 확인된 관측이 없습니다.,false,false,,,이 분기에 확인된 관측이 없습니다.,이 분기에 확인된 관측이 없습니다.
폴리머 커패시터,avnet-polymer_capacitor,폴리머 커패시터 · Avnet 발간 이력 · Avnet Abacus,weeks,2020-Q4,false,missing,0,[],,,,,,,,missing,,,false,,,이 분기에 확인된 관측이 없습니다.,,,이 분기에 확인된 관측이 없습니다.,,,,이 분기에 확인된 관측이 없습니다.,false,false,,,이 분기에 확인된 관측이 없습니다.,이 분기에 확인된 관측이 없습니다.
폴리머 커패시터,avnet-polymer_capacitor,폴리머 커패시터 · Avnet 발간 이력 · Avnet Abacus,weeks,2021-Q1,false,missing,0,[],,,,,,,,missing,,,false,,,이 분기에 확인된 관측이 없습니다.,,,이 분기에 확인된 관측이 없습니다.,,,,이 분기에 확인된 관측이 없습니다.,false,false,,,이 분기에 확인된 관측이 없습니다.,이 분기에 확인된 관측이 없습니다.
폴리머 커패시터,avnet-polymer_capacitor,폴리머 커패시터 · Avnet 발간 이력 · Avnet Abacus,weeks,2021-Q2,true,latest,1,"[""avnet-2021-04-polymer_capacitor""]",avnet-2021-04-polymer_capacitor,2021-04,발간일,2021-04,2021-04,Avnet Abacus,Avnet Abacus 일반 유통시장 · 폴리머 커패시터,range,20,52,true,,,바로 이전 분기 대표값 없음,233.333333,,범위 하단끼리·상단끼리 비교. 변화율 구간이나 평균이 아님.,166.666667,,2019-Q3,범위 하단끼리·상단끼리 비교. 변화율 구간이나 평균이 아님.,false,false,https://www.avnet.com/wcm/connect/6466625f-04e6-4164-bd2e-9acdd402fc9b/AVA-Lead-Time-Guide-April-2021-EN-Document.pdf?MOD=AJPERES,PDF p.3 · Polymer capacitors · Lead-time: weeks,분기 내 마지막 확인값 · 원 자료 축 2021-04 (발간일). 분기 평균·분기말 확정값 아님.,2021-04 Avnet Abacus의 폴리머 커패시터는 20–52+주입니다. 원문 납기(주) 열의 같은 품목명을 연결했으며 일반 유통시장 집계입니다. +는 열린 상한으로 보존했습니다.
폴리머 커패시터,avnet-polymer_capacitor,폴리머 커패시터 · Avnet 발간 이력 · Avnet Abacus,weeks,2021-Q3,true,latest,1,"[""avnet-2021-07-polymer_capacitor""]",avnet-2021-07-polymer_capacitor,2021-07,발간일,2021-07,2021-07,Avnet Abacus,Avnet Abacus 일반 유통시장 · 폴리머 커패시터,range,20,52,true,0.0,,범위 하단끼리·상단끼리 비교. 변화율 구간이나 평균이 아님.,,,전년 동기 대표값 없음 또는 제품 범위 변경,166.666667,,2019-Q3,범위 하단끼리·상단끼리 비교. 변화율 구간이나 평균이 아님.,false,false,https://www.avnet.com/wcm/connect/677978a9-b285-4a92-a841-00c85b0cefc5/AVA-Lead-Time-Guide-July-2021-EN-Document.pdf?MOD=AJPERES,PDF p.3 · Polymer capacitors · Lead-time: weeks,분기 내 마지막 확인값 · 원 자료 축 2021-07 (발간일). 분기 평균·분기말 확정값 아님.,2021-07 Avnet Abacus의 폴리머 커패시터는 20–52+주입니다. 원문 납기(주) 열의 같은 품목명을 연결했으며 일반 유통시장 집계입니다. +는 열린 상한으로 보존했습니다.
폴리머 커패시터,avnet-polymer_capacitor,폴리머 커패시터 · Avnet 발간 이력 · Avnet Abacus,weeks,2021-Q4,false,missing,0,[],,,,,,,,missing,,,false,,,이 분기에 확인된 관측이 없습니다.,,,이 분기에 확인된 관측이 없습니다.,,,,이 분기에 확인된 관측이 없습니다.,false,false,,,이 분기에 확인된 관측이 없습니다.,이 분기에 확인된 관측이 없습니다.
폴리머 커패시터,avnet-polymer_capacitor,폴리머 커패시터 · Avnet 발간 이력 · Avnet Abacus,weeks,2022-Q1,false,missing,0,[],,,,,,,,missing,,,false,,,이 분기에 확인된 관측이 없습니다.,,,이 분기에 확인된 관측이 없습니다.,,,,이 분기에 확인된 관측이 없습니다.,false,false,,,이 분기에 확인된 관측이 없습니다.,이 분기에 확인된 관측이 없습니다.
폴리머 커패시터,avnet-polymer_capacitor,폴리머 커패시터 · Avnet 발간 이력 · Avnet Abacus,weeks,2022-Q2,false,missing,0,[],,,,,,,,missing,,,false,,,이 분기에 확인된 관측이 없습니다.,,,이 분기에 확인된 관측이 없습니다.,,,,이 분기에 확인된 관측이 없습니다.,false,false,,,이 분기에 확인된 관측이 없습니다.,이 분기에 확인된 관측이 없습니다.
폴리머 커패시터,avnet-polymer_capacitor,폴리머 커패시터 · Avnet 발간 이력 · Avnet Abacus,weeks,2022-Q3,false,missing,0,[],,,,,,,,missing,,,false,,,이 분기에 확인된 관측이 없습니다.,,,이 분기에 확인된 관측이 없습니다.,,,,이 분기에 확인된 관측이 없습니다.,false,false,,,이 분기에 확인된 관측이 없습니다.,이 분기에 확인된 관측이 없습니다.
폴리머 커패시터,avnet-polymer_capacitor,폴리머 커패시터 · Avnet 발간 이력 · Avnet Abacus,weeks,2022-Q4,true,latest,1,"[""avnet-2022-12-polymer_capacitor""]",avnet-2022-12-polymer_capacitor,2022-12,발간일,2022-12,2022-12,Avnet Abacus,Avnet Abacus 일반 유통시장 · 폴리머 커패시터,range,20,52,true,,,바로 이전 분기 대표값 없음,,,전년 동기 대표값 없음 또는 제품 범위 변경,166.666667,,2019-Q3,범위 하단끼리·상단끼리 비교. 변화율 구간이나 평균이 아님.,false,false,https://www.avnet.com/wcm/connect/b496febc-6ece-4ee2-a4ae-eae91a34d9d1/AVA-Lead-Time-Guide-December-2022-EN-Document.pdf?MOD=AJPERES,PDF p.3 · Polymer capacitors · Lead-time: weeks,분기 내 마지막 확인값 · 원 자료 축 2022-12 (발간일). 분기 평균·분기말 확정값 아님.,2022-12 Avnet Abacus의 폴리머 커패시터는 20–52+주입니다. 원문 납기(주) 열의 같은 품목명을 연결했으며 일반 유통시장 집계입니다. +는 열린 상한으로 보존했습니다.
폴리머 커패시터,avnet-polymer_capacitor,폴리머 커패시터 · Avnet 발간 이력 · Avnet Abacus,weeks,2023-Q1,false,missing,0,[],,,,,,,,missing,,,false,,,이 분기에 확인된 관측이 없습니다.,,,이 분기에 확인된 관측이 없습니다.,,,,이 분기에 확인된 관측이 없습니다.,false,false,,,이 분기에 확인된 관측이 없습니다.,이 분기에 확인된 관측이 없습니다.
폴리머 커패시터,avnet-polymer_capacitor,폴리머 커패시터 · Avnet 발간 이력 · Avnet Abacus,weeks,2023-Q2,false,missing,0,[],,,,,,,,missing,,,false,,,이 분기에 확인된 관측이 없습니다.,,,이 분기에 확인된 관측이 없습니다.,,,,이 분기에 확인된 관측이 없습니다.,false,false,,,이 분기에 확인된 관측이 없습니다.,이 분기에 확인된 관측이 없습니다.
폴리머 커패시터,avnet-polymer_capacitor,폴리머 커패시터 · Avnet 발간 이력 · Avnet Abacus,weeks,2023-Q3,false,missing,0,[],,,,,,,,missing,,,false,,,이 분기에 확인된 관측이 없습니다.,,,이 분기에 확인된 관측이 없습니다.,,,,이 분기에 확인된 관측이 없습니다.,false,false,,,이 분기에 확인된 관측이 없습니다.,이 분기에 확인된 관측이 없습니다.
폴리머 커패시터,avnet-polymer_capacitor,폴리머 커패시터 · Avnet 발간 이력 · Avnet Abacus,weeks,2023-Q4,true,latest,1,"[""avnet-2023-11-polymer_capacitor""]",avnet-2023-11-polymer_capacitor,2023-11,발간일,2023-11,2023-11,Avnet Abacus,Avnet Abacus 일반 유통시장 · 폴리머 커패시터,range,8,26,true,,,바로 이전 분기 대표값 없음,-60.0,,범위 하단끼리·상단끼리 비교. 변화율 구간이나 평균이 아님.,66.666667,,2019-Q3,범위 하단끼리·상단끼리 비교. 변화율 구간이나 평균이 아님.,false,false,https://my.avnet.com/wcm/connect/affeb8c0-65e8-46cb-84bc-15fca9dae0bd/AVA-Lead-Time-Guide-November-2022-EN-Document.pdf?MOD=AJPERES,PDF p.3 · Polymer capacitors · Lead-time: weeks,분기 내 마지막 확인값 · 원 자료 축 2023-11 (발간일). 분기 평균·분기말 확정값 아님.,2023-11 Avnet Abacus의 폴리머 커패시터는 8–26+주입니다. 원문 납기(주) 열의 같은 품목명을 연결했으며 일반 유통시장 집계입니다. +는 열린 상한으로 보존했습니다.
폴리머 커패시터,avnet-polymer_capacitor,폴리머 커패시터 · Avnet 발간 이력 · Avnet Abacus,weeks,2024-Q1,true,latest,2,"[""avnet-2024-01-polymer_capacitor"", ""avnet-2024-02-polymer_capacitor""]",avnet-2024-02-polymer_capacitor,2024-02,발간일,2024-02,2024-02,Avnet Abacus,Avnet Abacus 일반 유통시장 · 폴리머 커패시터,range,8,26,true,0.0,,범위 하단끼리·상단끼리 비교. 변화율 구간이나 평균이 아님.,,,전년 동기 대표값 없음 또는 제품 범위 변경,66.666667,,2019-Q3,범위 하단끼리·상단끼리 비교. 변화율 구간이나 평균이 아님.,false,false,https://my.avnet.com/wcm/connect/1c3e37ed-e911-4561-b888-cbea8ac78f55/AVA-Lead-Time-Guide-February-2024-EN-Document.pdf?MOD=AJPERES,PDF p.3,분기 내 마지막 확인값 · 원 자료 축 2024-02 (발간일). 분기 평균·분기말 확정값 아님.,2024-02 가이드의 폴리머 커패시터 납기는 8–26+주입니다. 일반 유통시장 보고값이며 AI 서버 전용 집계와 구분합니다. 상한 뒤 +는 더 긴 납기가 가능함을 뜻합니다.
폴리머 커패시터,avnet-polymer_capacitor,폴리머 커패시터 · Avnet 발간 이력 · Avnet Abacus,weeks,2024-Q2,false,missing,0,[],,,,,,,,missing,,,false,,,이 분기에 확인된 관측이 없습니다.,,,이 분기에 확인된 관측이 없습니다.,,,,이 분기에 확인된 관측이 없습니다.,false,false,,,이 분기에 확인된 관측이 없습니다.,이 분기에 확인된 관측이 없습니다.
폴리머 커패시터,avnet-polymer_capacitor,폴리머 커패시터 · Avnet 발간 이력 · Avnet Abacus,weeks,2024-Q3,true,latest,1,"[""avnet-2024-09-polymer_capacitor""]",avnet-2024-09-polymer_capacitor,2024-09,발간일,2024-09,2024-09,Avnet Abacus,Avnet Abacus 일반 유통시장 · 폴리머 커패시터,range,8,26,true,,,바로 이전 분기 대표값 없음,,,전년 동기 대표값 없음 또는 제품 범위 변경,66.666667,,2019-Q3,범위 하단끼리·상단끼리 비교. 변화율 구간이나 평균이 아님.,false,false,https://my.avnet.com/wcm/connect/e9d18ef4-6a53-4f76-b6cf-d63549a0694b/AVA-Lead-Time-Guide-September-2024-EN-Document-aba24037.pdf?MOD=AJPERES,PDF p.3,분기 내 마지막 확인값 · 원 자료 축 2024-09 (발간일). 분기 평균·분기말 확정값 아님.,"2024-09 가이드의 폴리머 커패시터 납기는 8–26+주입니다. 일반 유통시장 보고값으로 AI 서버용 집계와 구분합니다. 상한 뒤 +는 이보다 더 길어질 수 있음을 뜻하며, 닫힌 최댓값이 아닙니다."
폴리머 커패시터,avnet-polymer_capacitor,폴리머 커패시터 · Avnet 발간 이력 · Avnet Abacus,weeks,2024-Q4,false,missing,0,[],,,,,,,,missing,,,false,,,이 분기에 확인된 관측이 없습니다.,,,이 분기에 확인된 관측이 없습니다.,,,,이 분기에 확인된 관측이 없습니다.,false,false,,,이 분기에 확인된 관측이 없습니다.,이 분기에 확인된 관측이 없습니다.
폴리머 커패시터,avnet-polymer_capacitor,폴리머 커패시터 · Avnet 발간 이력 · Avnet Abacus,weeks,2025-Q1,false,missing,0,[],,,,,,,,missing,,,false,,,이 분기에 확인된 관측이 없습니다.,,,이 분기에 확인된 관측이 없습니다.,,,,이 분기에 확인된 관측이 없습니다.,false,false,,,이 분기에 확인된 관측이 없습니다.,이 분기에 확인된 관측이 없습니다.
폴리머 커패시터,avnet-polymer_capacitor,폴리머 커패시터 · Avnet 발간 이력 · Avnet Abacus,weeks,2025-Q2,false,missing,0,[],,,,,,,,missing,,,false,,,이 분기에 확인된 관측이 없습니다.,,,이 분기에 확인된 관측이 없습니다.,,,,이 분기에 확인된 관측이 없습니다.,false,false,,,이 분기에 확인된 관측이 없습니다.,이 분기에 확인된 관측이 없습니다.
폴리머 커패시터,avnet-polymer_capacitor,폴리머 커패시터 · Avnet 발간 이력 · Avnet Abacus,weeks,2025-Q3,true,latest,1,"[""avnet-2025-07-polymer_capacitor""]",avnet-2025-07-polymer_capacitor,2025-07,발간일,2025-07,2025-07,Avnet Abacus,Avnet Abacus 일반 유통시장 · 폴리머 커패시터,range,8,26,true,,,바로 이전 분기 대표값 없음,0.0,,범위 하단끼리·상단끼리 비교. 변화율 구간이나 평균이 아님.,66.666667,,2019-Q3,범위 하단끼리·상단끼리 비교. 변화율 구간이나 평균이 아님.,false,false,https://my.avnet.com/wcm/connect/a3326d60-174d-4224-8e1d-f2f5595919a1/AVA-Lead-Time-Guide-July-2025-EN-Document.pdf?MOD=AJPERES,PDF p.3,분기 내 마지막 확인값 · 원 자료 축 2025-07 (발간일). 분기 평균·분기말 확정값 아님.,"2025-07 가이드의 폴리머 커패시터 납기는 8–26+주입니다. 일반 유통시장 보고값으로 AI 서버용 집계와 구분합니다. 상한 뒤 +는 이보다 더 길어질 수 있음을 뜻하며, 닫힌 최댓값이 아닙니다."
폴리머 커패시터,avnet-polymer_capacitor,폴리머 커패시터 · Avnet 발간 이력 · Avnet Abacus,weeks,2025-Q4,false,missing,0,[],,,,,,,,missing,,,false,,,이 분기에 확인된 관측이 없습니다.,,,이 분기에 확인된 관측이 없습니다.,,,,이 분기에 확인된 관측이 없습니다.,false,false,,,이 분기에 확인된 관측이 없습니다.,이 분기에 확인된 관측이 없습니다.
폴리머 커패시터,avnet-polymer_capacitor,폴리머 커패시터 · Avnet 발간 이력 · Avnet Abacus,weeks,2026-Q1,false,missing,0,[],,,,,,,,missing,,,false,,,이 분기에 확인된 관측이 없습니다.,,,이 분기에 확인된 관측이 없습니다.,,,,이 분기에 확인된 관측이 없습니다.,false,false,,,이 분기에 확인된 관측이 없습니다.,이 분기에 확인된 관측이 없습니다.
폴리머 커패시터,avnet-polymer_capacitor,폴리머 커패시터 · Avnet 발간 이력 · Avnet Abacus,weeks,2026-Q2,false,missing,0,[],,,,,,,,missing,,,false,,,이 분기에 확인된 관측이 없습니다.,,,이 분기에 확인된 관측이 없습니다.,,,,이 분기에 확인된 관측이 없습니다.,false,false,,,이 분기에 확인된 관측이 없습니다.,이 분기에 확인된 관측이 없습니다.
폴리머 커패시터,avnet-polymer_capacitor,폴리머 커패시터 · Avnet 발간 이력 · Avnet Abacus,weeks,2026-Q3,true,latest,1,"[""avnet-2026-08-polymer_capacitor""]",avnet-2026-08-polymer_capacitor,2026-08,발간일,2026-08,2026-08,Avnet Abacus,Avnet Abacus 일반 유통시장 · 폴리머 커패시터,range,8,26,true,,,바로 이전 분기 대표값 없음,0.0,,범위 하단끼리·상단끼리 비교. 변화율 구간이나 평균이 아님.,66.666667,,2019-Q3,범위 하단끼리·상단끼리 비교. 변화율 구간이나 평균이 아님.,false,false,https://my.avnet.com/wcm/connect/2222f00c-e4dc-4143-899c-4a892756fcc7/AVA-Lead-Time-Guide-August-2026-EN-Document.pdf?MOD=AJPERES,PDF p.3,분기 내 마지막 확인값 · 원 자료 축 2026-08 (발간일). 분기 평균·분기말 확정값 아님.,"2026-08 가이드의 폴리머 커패시터 납기는 8–26+주입니다. 일반 유통시장 보고값으로 AI 서버용 집계와 구분합니다. 상한 뒤 +는 이보다 더 길어질 수 있음을 뜻하며, 닫힌 최댓값이 아닙니다."
크리스털·오실레이터,avnet-crystal_oscillator,크리스털·오실레이터 · Avnet 발간 이력 · Avnet Abacus,weeks,2019-Q3,true,latest,1,"[""avnet-2019-09-crystal_oscillator""]",avnet-2019-09-crystal_oscillator,2019-09,발간일,2019-09,2019-09,Avnet Abacus,Avnet Abacus 일반 유통시장 · 크리스털·오실레이터,range,8,14,false,,,바로 이전 분기 대표값 없음,,,전년 동기 대표값 없음 또는 제품 범위 변경,100.0,100.0,2019-Q3,범위 하단끼리·상단끼리 비교. 변화율 구간이나 평균이 아님.,false,false,https://www.avnet.com/wcm/connect/b7202770-5e3f-4369-95f9-70bf9c04defe/AVA-Lead-Time-guide-September-2019-EN-Document.pdf?MOD=AJPERES&attachment=true&id=1568983700586&id=1568983700586%3FMOD%3DAJPERES,PDF p.2 · Frequency control crystals/ oscillators · Lead-time: weeks,분기 내 마지막 확인값 · 원 자료 축 2019-09 (발간일). 분기 평균·분기말 확정값 아님.,2019-09 Avnet Abacus의 크리스털·오실레이터는 8–14주입니다. 원문 납기(주) 열의 같은 품목명을 연결했으며 일반 유통시장 집계입니다.
크리스털·오실레이터,avnet-crystal_oscillator,크리스털·오실레이터 · Avnet 발간 이력 · Avnet Abacus,weeks,2019-Q4,false,missing,0,[],,,,,,,,missing,,,false,,,이 분기에 확인된 관측이 없습니다.,,,이 분기에 확인된 관측이 없습니다.,,,,이 분기에 확인된 관측이 없습니다.,false,false,,,이 분기에 확인된 관측이 없습니다.,이 분기에 확인된 관측이 없습니다.
크리스털·오실레이터,avnet-crystal_oscillator,크리스털·오실레이터 · Avnet 발간 이력 · Avnet Abacus,weeks,2020-Q1,false,missing,0,[],,,,,,,,missing,,,false,,,이 분기에 확인된 관측이 없습니다.,,,이 분기에 확인된 관측이 없습니다.,,,,이 분기에 확인된 관측이 없습니다.,false,false,,,이 분기에 확인된 관측이 없습니다.,이 분기에 확인된 관측이 없습니다.
크리스털·오실레이터,avnet-crystal_oscillator,크리스털·오실레이터 · Avnet 발간 이력 · Avnet Abacus,weeks,2020-Q2,true,latest,1,"[""avnet-2020-04-crystal_oscillator""]",avnet-2020-04-crystal_oscillator,2020-04,발간일,2020-04,2020-04,Avnet Abacus,Avnet Abacus 일반 유통시장 · 크리스털·오실레이터,range,8,14,false,,,바로 이전 분기 대표값 없음,,,전년 동기 대표값 없음 또는 제품 범위 변경,100.0,100.0,2019-Q3,범위 하단끼리·상단끼리 비교. 변화율 구간이나 평균이 아님.,false,false,https://www.avnet.com/wcm/connect/101b4984-151c-4e9e-8c42-e55a2da865af/AVA-Lead-Time-guide-March-2020-EN-Document.pdf?MOD=AJPERES,PDF p.2 · Frequency control crystals/ oscillators · Lead-time: weeks,분기 내 마지막 확인값 · 원 자료 축 2020-04 (발간일). 분기 평균·분기말 확정값 아님.,2020-04 Avnet Abacus의 크리스털·오실레이터는 8–14주입니다. 원문 납기(주) 열의 같은 품목명을 연결했으며 일반 유통시장 집계입니다.
크리스털·오실레이터,avnet-crystal_oscillator,크리스털·오실레이터 · Avnet 발간 이력 · Avnet Abacus,weeks,2020-Q3,false,missing,0,[],,,,,,,,missing,,,false,,,이 분기에 확인된 관측이 없습니다.,,,이 분기에 확인된 관측이 없습니다.,,,,이 분기에 확인된 관측이 없습니다.,false,false,,,이 분기에 확인된 관측이 없습니다.,이 분기에 확인된 관측이 없습니다.
크리스털·오실레이터,avnet-crystal_oscillator,크리스털·오실레이터 · Avnet 발간 이력 · Avnet Abacus,weeks,2020-Q4,false,missing,0,[],,,,,,,,missing,,,false,,,이 분기에 확인된 관측이 없습니다.,,,이 분기에 확인된 관측이 없습니다.,,,,이 분기에 확인된 관측이 없습니다.,false,false,,,이 분기에 확인된 관측이 없습니다.,이 분기에 확인된 관측이 없습니다.
크리스털·오실레이터,avnet-crystal_oscillator,크리스털·오실레이터 · Avnet 발간 이력 · Avnet Abacus,weeks,2021-Q1,false,missing,0,[],,,,,,,,missing,,,false,,,이 분기에 확인된 관측이 없습니다.,,,이 분기에 확인된 관측이 없습니다.,,,,이 분기에 확인된 관측이 없습니다.,false,false,,,이 분기에 확인된 관측이 없습니다.,이 분기에 확인된 관측이 없습니다.
크리스털·오실레이터,avnet-crystal_oscillator,크리스털·오실레이터 · Avnet 발간 이력 · Avnet Abacus,weeks,2021-Q2,true,latest,1,"[""avnet-2021-04-crystal_oscillator""]",avnet-2021-04-crystal_oscillator,2021-04,발간일,2021-04,2021-04,Avnet Abacus,Avnet Abacus 일반 유통시장 · 크리스털·오실레이터,range,8,30,true,,,바로 이전 분기 대표값 없음,0.0,,범위 하단끼리·상단끼리 비교. 변화율 구간이나 평균이 아님.,100.0,,2019-Q3,범위 하단끼리·상단끼리 비교. 변화율 구간이나 평균이 아님.,false,false,https://www.avnet.com/wcm/connect/6466625f-04e6-4164-bd2e-9acdd402fc9b/AVA-Lead-Time-Guide-April-2021-EN-Document.pdf?MOD=AJPERES,PDF p.3 · Frequency control crystals/ oscillators · Lead-time: weeks,분기 내 마지막 확인값 · 원 자료 축 2021-04 (발간일). 분기 평균·분기말 확정값 아님.,2021-04 Avnet Abacus의 크리스털·오실레이터는 8–30+주입니다. 원문 납기(주) 열의 같은 품목명을 연결했으며 일반 유통시장 집계입니다. +는 열린 상한으로 보존했습니다.
크리스털·오실레이터,avnet-crystal_oscillator,크리스털·오실레이터 · Avnet 발간 이력 · Avnet Abacus,weeks,2021-Q3,true,latest,1,"[""avnet-2021-07-crystal_oscillator""]",avnet-2021-07-crystal_oscillator,2021-07,발간일,2021-07,2021-07,Avnet Abacus,Avnet Abacus 일반 유통시장 · 크리스털·오실레이터,range,16,40,true,100.0,,범위 하단끼리·상단끼리 비교. 변화율 구간이나 평균이 아님.,,,전년 동기 대표값 없음 또는 제품 범위 변경,200.0,,2019-Q3,범위 하단끼리·상단끼리 비교. 변화율 구간이나 평균이 아님.,false,false,https://www.avnet.com/wcm/connect/677978a9-b285-4a92-a841-00c85b0cefc5/AVA-Lead-Time-Guide-July-2021-EN-Document.pdf?MOD=AJPERES,PDF p.3 · Frequency control crystals/ oscillators · Lead-time: weeks,분기 내 마지막 확인값 · 원 자료 축 2021-07 (발간일). 분기 평균·분기말 확정값 아님.,2021-07 Avnet Abacus의 크리스털·오실레이터는 16–40+주입니다. 원문 납기(주) 열의 같은 품목명을 연결했으며 일반 유통시장 집계입니다. +는 열린 상한으로 보존했습니다.
크리스털·오실레이터,avnet-crystal_oscillator,크리스털·오실레이터 · Avnet 발간 이력 · Avnet Abacus,weeks,2021-Q4,false,missing,0,[],,,,,,,,missing,,,false,,,이 분기에 확인된 관측이 없습니다.,,,이 분기에 확인된 관측이 없습니다.,,,,이 분기에 확인된 관측이 없습니다.,false,false,,,이 분기에 확인된 관측이 없습니다.,이 분기에 확인된 관측이 없습니다.
크리스털·오실레이터,avnet-crystal_oscillator,크리스털·오실레이터 · Avnet 발간 이력 · Avnet Abacus,weeks,2022-Q1,false,missing,0,[],,,,,,,,missing,,,false,,,이 분기에 확인된 관측이 없습니다.,,,이 분기에 확인된 관측이 없습니다.,,,,이 분기에 확인된 관측이 없습니다.,false,false,,,이 분기에 확인된 관측이 없습니다.,이 분기에 확인된 관측이 없습니다.
크리스털·오실레이터,avnet-crystal_oscillator,크리스털·오실레이터 · Avnet 발간 이력 · Avnet Abacus,weeks,2022-Q2,false,missing,0,[],,,,,,,,missing,,,false,,,이 분기에 확인된 관측이 없습니다.,,,이 분기에 확인된 관측이 없습니다.,,,,이 분기에 확인된 관측이 없습니다.,false,false,,,이 분기에 확인된 관측이 없습니다.,이 분기에 확인된 관측이 없습니다.
크리스털·오실레이터,avnet-crystal_oscillator,크리스털·오실레이터 · Avnet 발간 이력 · Avnet Abacus,weeks,2022-Q3,false,missing,0,[],,,,,,,,missing,,,false,,,이 분기에 확인된 관측이 없습니다.,,,이 분기에 확인된 관측이 없습니다.,,,,이 분기에 확인된 관측이 없습니다.,false,false,,,이 분기에 확인된 관측이 없습니다.,이 분기에 확인된 관측이 없습니다.
크리스털·오실레이터,avnet-crystal_oscillator,크리스털·오실레이터 · Avnet 발간 이력 · Avnet Abacus,weeks,2022-Q4,true,latest,1,"[""avnet-2022-12-crystal_oscillator""]",avnet-2022-12-crystal_oscillator,2022-12,발간일,2022-12,2022-12,Avnet Abacus,Avnet Abacus 일반 유통시장 · 크리스털·오실레이터,range,16,40,true,,,바로 이전 분기 대표값 없음,,,전년 동기 대표값 없음 또는 제품 범위 변경,200.0,,2019-Q3,범위 하단끼리·상단끼리 비교. 변화율 구간이나 평균이 아님.,false,false,https://www.avnet.com/wcm/connect/b496febc-6ece-4ee2-a4ae-eae91a34d9d1/AVA-Lead-Time-Guide-December-2022-EN-Document.pdf?MOD=AJPERES,PDF p.3 · Frequency control crystals/ oscillators · Lead-time: weeks,분기 내 마지막 확인값 · 원 자료 축 2022-12 (발간일). 분기 평균·분기말 확정값 아님.,2022-12 Avnet Abacus의 크리스털·오실레이터는 16–40+주입니다. 원문 납기(주) 열의 같은 품목명을 연결했으며 일반 유통시장 집계입니다. +는 열린 상한으로 보존했습니다.
크리스털·오실레이터,avnet-crystal_oscillator,크리스털·오실레이터 · Avnet 발간 이력 · Avnet Abacus,weeks,2023-Q1,false,missing,0,[],,,,,,,,missing,,,false,,,이 분기에 확인된 관측이 없습니다.,,,이 분기에 확인된 관측이 없습니다.,,,,이 분기에 확인된 관측이 없습니다.,false,false,,,이 분기에 확인된 관측이 없습니다.,이 분기에 확인된 관측이 없습니다.
크리스털·오실레이터,avnet-crystal_oscillator,크리스털·오실레이터 · Avnet 발간 이력 · Avnet Abacus,weeks,2023-Q2,false,missing,0,[],,,,,,,,missing,,,false,,,이 분기에 확인된 관측이 없습니다.,,,이 분기에 확인된 관측이 없습니다.,,,,이 분기에 확인된 관측이 없습니다.,false,false,,,이 분기에 확인된 관측이 없습니다.,이 분기에 확인된 관측이 없습니다.
크리스털·오실레이터,avnet-crystal_oscillator,크리스털·오실레이터 · Avnet 발간 이력 · Avnet Abacus,weeks,2023-Q3,false,missing,0,[],,,,,,,,missing,,,false,,,이 분기에 확인된 관측이 없습니다.,,,이 분기에 확인된 관측이 없습니다.,,,,이 분기에 확인된 관측이 없습니다.,false,false,,,이 분기에 확인된 관측이 없습니다.,이 분기에 확인된 관측이 없습니다.
크리스털·오실레이터,avnet-crystal_oscillator,크리스털·오실레이터 · Avnet 발간 이력 · Avnet Abacus,weeks,2023-Q4,true,latest,1,"[""avnet-2023-11-crystal_oscillator""]",avnet-2023-11-crystal_oscillator,2023-11,발간일,2023-11,2023-11,Avnet Abacus,Avnet Abacus 일반 유통시장 · 크리스털·오실레이터,range,12,30,true,,,바로 이전 분기 대표값 없음,-25.0,,범위 하단끼리·상단끼리 비교. 변화율 구간이나 평균이 아님.,150.0,,2019-Q3,범위 하단끼리·상단끼리 비교. 변화율 구간이나 평균이 아님.,false,false,https://my.avnet.com/wcm/connect/affeb8c0-65e8-46cb-84bc-15fca9dae0bd/AVA-Lead-Time-Guide-November-2022-EN-Document.pdf?MOD=AJPERES,PDF p.3 · Frequency control crystals/ oscillators · Lead-time: weeks,분기 내 마지막 확인값 · 원 자료 축 2023-11 (발간일). 분기 평균·분기말 확정값 아님.,2023-11 Avnet Abacus의 크리스털·오실레이터는 12–30+주입니다. 원문 납기(주) 열의 같은 품목명을 연결했으며 일반 유통시장 집계입니다. +는 열린 상한으로 보존했습니다.
크리스털·오실레이터,avnet-crystal_oscillator,크리스털·오실레이터 · Avnet 발간 이력 · Avnet Abacus,weeks,2024-Q1,true,latest,2,"[""avnet-2024-01-crystal_oscillator"", ""avnet-2024-02-crystal_oscillator""]",avnet-2024-02-crystal_oscillator,2024-02,발간일,2024-02,2024-02,Avnet Abacus,Avnet Abacus 일반 유통시장 · 크리스털·오실레이터,range,12,30,true,0.0,,범위 하단끼리·상단끼리 비교. 변화율 구간이나 평균이 아님.,,,전년 동기 대표값 없음 또는 제품 범위 변경,150.0,,2019-Q3,범위 하단끼리·상단끼리 비교. 변화율 구간이나 평균이 아님.,false,false,https://my.avnet.com/wcm/connect/1c3e37ed-e911-4561-b888-cbea8ac78f55/AVA-Lead-Time-Guide-February-2024-EN-Document.pdf?MOD=AJPERES,PDF p.3,분기 내 마지막 확인값 · 원 자료 축 2024-02 (발간일). 분기 평균·분기말 확정값 아님.,2024-02 가이드의 크리스털·오실레이터 납기는 12–30+주입니다. 일반 유통시장 보고값이며 AI 서버 전용 집계와 구분합니다. 상한 뒤 +는 더 긴 납기가 가능함을 뜻합니다.
크리스털·오실레이터,avnet-crystal_oscillator,크리스털·오실레이터 · Avnet 발간 이력 · Avnet Abacus,weeks,2024-Q2,false,missing,0,[],,,,,,,,missing,,,false,,,이 분기에 확인된 관측이 없습니다.,,,이 분기에 확인된 관측이 없습니다.,,,,이 분기에 확인된 관측이 없습니다.,false,false,,,이 분기에 확인된 관측이 없습니다.,이 분기에 확인된 관측이 없습니다.
크리스털·오실레이터,avnet-crystal_oscillator,크리스털·오실레이터 · Avnet 발간 이력 · Avnet Abacus,weeks,2024-Q3,true,latest,1,"[""avnet-2024-09-crystal_oscillator""]",avnet-2024-09-crystal_oscillator,2024-09,발간일,2024-09,2024-09,Avnet Abacus,Avnet Abacus 일반 유통시장 · 크리스털·오실레이터,range,12,30,true,,,바로 이전 분기 대표값 없음,,,전년 동기 대표값 없음 또는 제품 범위 변경,150.0,,2019-Q3,범위 하단끼리·상단끼리 비교. 변화율 구간이나 평균이 아님.,false,false,https://my.avnet.com/wcm/connect/e9d18ef4-6a53-4f76-b6cf-d63549a0694b/AVA-Lead-Time-Guide-September-2024-EN-Document-aba24037.pdf?MOD=AJPERES,PDF p.3,분기 내 마지막 확인값 · 원 자료 축 2024-09 (발간일). 분기 평균·분기말 확정값 아님.,"2024-09 가이드의 크리스털·오실레이터 납기는 12–30+주입니다. 일반 유통시장 보고값으로 AI 서버용 집계와 구분합니다. 상한 뒤 +는 이보다 더 길어질 수 있음을 뜻하며, 닫힌 최댓값이 아닙니다."
크리스털·오실레이터,avnet-crystal_oscillator,크리스털·오실레이터 · Avnet 발간 이력 · Avnet Abacus,weeks,2024-Q4,false,missing,0,[],,,,,,,,missing,,,false,,,이 분기에 확인된 관측이 없습니다.,,,이 분기에 확인된 관측이 없습니다.,,,,이 분기에 확인된 관측이 없습니다.,false,false,,,이 분기에 확인된 관측이 없습니다.,이 분기에 확인된 관측이 없습니다.
크리스털·오실레이터,avnet-crystal_oscillator,크리스털·오실레이터 · Avnet 발간 이력 · Avnet Abacus,weeks,2025-Q1,false,missing,0,[],,,,,,,,missing,,,false,,,이 분기에 확인된 관측이 없습니다.,,,이 분기에 확인된 관측이 없습니다.,,,,이 분기에 확인된 관측이 없습니다.,false,false,,,이 분기에 확인된 관측이 없습니다.,이 분기에 확인된 관측이 없습니다.
크리스털·오실레이터,avnet-crystal_oscillator,크리스털·오실레이터 · Avnet 발간 이력 · Avnet Abacus,weeks,2025-Q2,false,missing,0,[],,,,,,,,missing,,,false,,,이 분기에 확인된 관측이 없습니다.,,,이 분기에 확인된 관측이 없습니다.,,,,이 분기에 확인된 관측이 없습니다.,false,false,,,이 분기에 확인된 관측이 없습니다.,이 분기에 확인된 관측이 없습니다.
크리스털·오실레이터,avnet-crystal_oscillator,크리스털·오실레이터 · Avnet 발간 이력 · Avnet Abacus,weeks,2025-Q3,true,latest,1,"[""avnet-2025-07-crystal_oscillator""]",avnet-2025-07-crystal_oscillator,2025-07,발간일,2025-07,2025-07,Avnet Abacus,Avnet Abacus 일반 유통시장 · 크리스털·오실레이터,range,12,30,true,,,바로 이전 분기 대표값 없음,0.0,,범위 하단끼리·상단끼리 비교. 변화율 구간이나 평균이 아님.,150.0,,2019-Q3,범위 하단끼리·상단끼리 비교. 변화율 구간이나 평균이 아님.,false,false,https://my.avnet.com/wcm/connect/a3326d60-174d-4224-8e1d-f2f5595919a1/AVA-Lead-Time-Guide-July-2025-EN-Document.pdf?MOD=AJPERES,PDF p.3,분기 내 마지막 확인값 · 원 자료 축 2025-07 (발간일). 분기 평균·분기말 확정값 아님.,"2025-07 가이드의 크리스털·오실레이터 납기는 12–30+주입니다. 일반 유통시장 보고값으로 AI 서버용 집계와 구분합니다. 상한 뒤 +는 이보다 더 길어질 수 있음을 뜻하며, 닫힌 최댓값이 아닙니다."
크리스털·오실레이터,avnet-crystal_oscillator,크리스털·오실레이터 · Avnet 발간 이력 · Avnet Abacus,weeks,2025-Q4,false,missing,0,[],,,,,,,,missing,,,false,,,이 분기에 확인된 관측이 없습니다.,,,이 분기에 확인된 관측이 없습니다.,,,,이 분기에 확인된 관측이 없습니다.,false,false,,,이 분기에 확인된 관측이 없습니다.,이 분기에 확인된 관측이 없습니다.
크리스털·오실레이터,avnet-crystal_oscillator,크리스털·오실레이터 · Avnet 발간 이력 · Avnet Abacus,weeks,2026-Q1,false,missing,0,[],,,,,,,,missing,,,false,,,이 분기에 확인된 관측이 없습니다.,,,이 분기에 확인된 관측이 없습니다.,,,,이 분기에 확인된 관측이 없습니다.,false,false,,,이 분기에 확인된 관측이 없습니다.,이 분기에 확인된 관측이 없습니다.
크리스털·오실레이터,avnet-crystal_oscillator,크리스털·오실레이터 · Avnet 발간 이력 · Avnet Abacus,weeks,2026-Q2,false,missing,0,[],,,,,,,,missing,,,false,,,이 분기에 확인된 관측이 없습니다.,,,이 분기에 확인된 관측이 없습니다.,,,,이 분기에 확인된 관측이 없습니다.,false,false,,,이 분기에 확인된 관측이 없습니다.,이 분기에 확인된 관측이 없습니다.
크리스털·오실레이터,avnet-crystal_oscillator,크리스털·오실레이터 · Avnet 발간 이력 · Avnet Abacus,weeks,2026-Q3,true,latest,1,"[""avnet-2026-08-crystal_oscillator""]",avnet-2026-08-crystal_oscillator,2026-08,발간일,2026-08,2026-08,Avnet Abacus,Avnet Abacus 일반 유통시장 · 크리스털·오실레이터,range,12,30,true,,,바로 이전 분기 대표값 없음,0.0,,범위 하단끼리·상단끼리 비교. 변화율 구간이나 평균이 아님.,150.0,,2019-Q3,범위 하단끼리·상단끼리 비교. 변화율 구간이나 평균이 아님.,false,false,https://my.avnet.com/wcm/connect/2222f00c-e4dc-4143-899c-4a892756fcc7/AVA-Lead-Time-Guide-August-2026-EN-Document.pdf?MOD=AJPERES,PDF p.3,분기 내 마지막 확인값 · 원 자료 축 2026-08 (발간일). 분기 평균·분기말 확정값 아님.,"2026-08 가이드의 크리스털·오실레이터 납기는 12–30+주입니다. 일반 유통시장 보고값으로 AI 서버용 집계와 구분합니다. 상한 뒤 +는 이보다 더 길어질 수 있음을 뜻하며, 닫힌 최댓값이 아닙니다."
공진자,avnet-frequency_resonator,공진자 · Avnet 발간 이력 · Avnet Abacus,weeks,2019-Q3,true,latest,1,"[""avnet-2019-09-frequency_resonator""]",avnet-2019-09-frequency_resonator,2019-09,발간일,2019-09,2019-09,Avnet Abacus,Avnet Abacus 일반 유통시장 · 공진자,range,8,14,false,,,바로 이전 분기 대표값 없음,,,전년 동기 대표값 없음 또는 제품 범위 변경,100.0,100.0,2019-Q3,범위 하단끼리·상단끼리 비교. 변화율 구간이나 평균이 아님.,false,false,https://www.avnet.com/wcm/connect/b7202770-5e3f-4369-95f9-70bf9c04defe/AVA-Lead-Time-guide-September-2019-EN-Document.pdf?MOD=AJPERES&attachment=true&id=1568983700586&id=1568983700586%3FMOD%3DAJPERES,PDF p.2 · Frequency control resonators · Lead-time: weeks,분기 내 마지막 확인값 · 원 자료 축 2019-09 (발간일). 분기 평균·분기말 확정값 아님.,2019-09 Avnet Abacus의 공진자는 8–14주입니다. 원문 납기(주) 열의 같은 품목명을 연결했으며 일반 유통시장 집계입니다.
공진자,avnet-frequency_resonator,공진자 · Avnet 발간 이력 · Avnet Abacus,weeks,2019-Q4,false,missing,0,[],,,,,,,,missing,,,false,,,이 분기에 확인된 관측이 없습니다.,,,이 분기에 확인된 관측이 없습니다.,,,,이 분기에 확인된 관측이 없습니다.,false,false,,,이 분기에 확인된 관측이 없습니다.,이 분기에 확인된 관측이 없습니다.
공진자,avnet-frequency_resonator,공진자 · Avnet 발간 이력 · Avnet Abacus,weeks,2020-Q1,false,missing,0,[],,,,,,,,missing,,,false,,,이 분기에 확인된 관측이 없습니다.,,,이 분기에 확인된 관측이 없습니다.,,,,이 분기에 확인된 관측이 없습니다.,false,false,,,이 분기에 확인된 관측이 없습니다.,이 분기에 확인된 관측이 없습니다.
공진자,avnet-frequency_resonator,공진자 · Avnet 발간 이력 · Avnet Abacus,weeks,2020-Q2,true,latest,1,"[""avnet-2020-04-frequency_resonator""]",avnet-2020-04-frequency_resonator,2020-04,발간일,2020-04,2020-04,Avnet Abacus,Avnet Abacus 일반 유통시장 · 공진자,range,8,14,false,,,바로 이전 분기 대표값 없음,,,전년 동기 대표값 없음 또는 제품 범위 변경,100.0,100.0,2019-Q3,범위 하단끼리·상단끼리 비교. 변화율 구간이나 평균이 아님.,false,false,https://www.avnet.com/wcm/connect/101b4984-151c-4e9e-8c42-e55a2da865af/AVA-Lead-Time-guide-March-2020-EN-Document.pdf?MOD=AJPERES,PDF p.2 · Frequency control resonators · Lead-time: weeks,분기 내 마지막 확인값 · 원 자료 축 2020-04 (발간일). 분기 평균·분기말 확정값 아님.,2020-04 Avnet Abacus의 공진자는 8–14주입니다. 원문 납기(주) 열의 같은 품목명을 연결했으며 일반 유통시장 집계입니다.
공진자,avnet-frequency_resonator,공진자 · Avnet 발간 이력 · Avnet Abacus,weeks,2020-Q3,false,missing,0,[],,,,,,,,missing,,,false,,,이 분기에 확인된 관측이 없습니다.,,,이 분기에 확인된 관측이 없습니다.,,,,이 분기에 확인된 관측이 없습니다.,false,false,,,이 분기에 확인된 관측이 없습니다.,이 분기에 확인된 관측이 없습니다.
공진자,avnet-frequency_resonator,공진자 · Avnet 발간 이력 · Avnet Abacus,weeks,2020-Q4,false,missing,0,[],,,,,,,,missing,,,false,,,이 분기에 확인된 관측이 없습니다.,,,이 분기에 확인된 관측이 없습니다.,,,,이 분기에 확인된 관측이 없습니다.,false,false,,,이 분기에 확인된 관측이 없습니다.,이 분기에 확인된 관측이 없습니다.
공진자,avnet-frequency_resonator,공진자 · Avnet 발간 이력 · Avnet Abacus,weeks,2021-Q1,false,missing,0,[],,,,,,,,missing,,,false,,,이 분기에 확인된 관측이 없습니다.,,,이 분기에 확인된 관측이 없습니다.,,,,이 분기에 확인된 관측이 없습니다.,false,false,,,이 분기에 확인된 관측이 없습니다.,이 분기에 확인된 관측이 없습니다.
공진자,avnet-frequency_resonator,공진자 · Avnet 발간 이력 · Avnet Abacus,weeks,2021-Q2,true,latest,1,"[""avnet-2021-04-frequency_resonator""]",avnet-2021-04-frequency_resonator,2021-04,발간일,2021-04,2021-04,Avnet Abacus,Avnet Abacus 일반 유통시장 · 공진자,range,8,14,false,,,바로 이전 분기 대표값 없음,0.0,0.0,범위 하단끼리·상단끼리 비교. 변화율 구간이나 평균이 아님.,100.0,100.0,2019-Q3,범위 하단끼리·상단끼리 비교. 변화율 구간이나 평균이 아님.,false,false,https://www.avnet.com/wcm/connect/6466625f-04e6-4164-bd2e-9acdd402fc9b/AVA-Lead-Time-Guide-April-2021-EN-Document.pdf?MOD=AJPERES,PDF p.3 · Frequency control resonators · Lead-time: weeks,분기 내 마지막 확인값 · 원 자료 축 2021-04 (발간일). 분기 평균·분기말 확정값 아님.,2021-04 Avnet Abacus의 공진자는 8–14주입니다. 원문 납기(주) 열의 같은 품목명을 연결했으며 일반 유통시장 집계입니다.
공진자,avnet-frequency_resonator,공진자 · Avnet 발간 이력 · Avnet Abacus,weeks,2021-Q3,true,latest,1,"[""avnet-2021-07-frequency_resonator""]",avnet-2021-07-frequency_resonator,2021-07,발간일,2021-07,2021-07,Avnet Abacus,Avnet Abacus 일반 유통시장 · 공진자,range,8,14,false,0.0,0.0,범위 하단끼리·상단끼리 비교. 변화율 구간이나 평균이 아님.,,,전년 동기 대표값 없음 또는 제품 범위 변경,100.0,100.0,2019-Q3,범위 하단끼리·상단끼리 비교. 변화율 구간이나 평균이 아님.,false,false,https://www.avnet.com/wcm/connect/677978a9-b285-4a92-a841-00c85b0cefc5/AVA-Lead-Time-Guide-July-2021-EN-Document.pdf?MOD=AJPERES,PDF p.3 · Frequency control resonators · Lead-time: weeks,분기 내 마지막 확인값 · 원 자료 축 2021-07 (발간일). 분기 평균·분기말 확정값 아님.,2021-07 Avnet Abacus의 공진자는 8–14주입니다. 원문 납기(주) 열의 같은 품목명을 연결했으며 일반 유통시장 집계입니다.
공진자,avnet-frequency_resonator,공진자 · Avnet 발간 이력 · Avnet Abacus,weeks,2021-Q4,false,missing,0,[],,,,,,,,missing,,,false,,,이 분기에 확인된 관측이 없습니다.,,,이 분기에 확인된 관측이 없습니다.,,,,이 분기에 확인된 관측이 없습니다.,false,false,,,이 분기에 확인된 관측이 없습니다.,이 분기에 확인된 관측이 없습니다.
공진자,avnet-frequency_resonator,공진자 · Avnet 발간 이력 · Avnet Abacus,weeks,2022-Q1,false,missing,0,[],,,,,,,,missing,,,false,,,이 분기에 확인된 관측이 없습니다.,,,이 분기에 확인된 관측이 없습니다.,,,,이 분기에 확인된 관측이 없습니다.,false,false,,,이 분기에 확인된 관측이 없습니다.,이 분기에 확인된 관측이 없습니다.
공진자,avnet-frequency_resonator,공진자 · Avnet 발간 이력 · Avnet Abacus,weeks,2022-Q2,false,missing,0,[],,,,,,,,missing,,,false,,,이 분기에 확인된 관측이 없습니다.,,,이 분기에 확인된 관측이 없습니다.,,,,이 분기에 확인된 관측이 없습니다.,false,false,,,이 분기에 확인된 관측이 없습니다.,이 분기에 확인된 관측이 없습니다.
공진자,avnet-frequency_resonator,공진자 · Avnet 발간 이력 · Avnet Abacus,weeks,2022-Q3,false,missing,0,[],,,,,,,,missing,,,false,,,이 분기에 확인된 관측이 없습니다.,,,이 분기에 확인된 관측이 없습니다.,,,,이 분기에 확인된 관측이 없습니다.,false,false,,,이 분기에 확인된 관측이 없습니다.,이 분기에 확인된 관측이 없습니다.
공진자,avnet-frequency_resonator,공진자 · Avnet 발간 이력 · Avnet Abacus,weeks,2022-Q4,true,latest,1,"[""avnet-2022-12-frequency_resonator""]",avnet-2022-12-frequency_resonator,2022-12,발간일,2022-12,2022-12,Avnet Abacus,Avnet Abacus 일반 유통시장 · 공진자,range,8,14,false,,,바로 이전 분기 대표값 없음,,,전년 동기 대표값 없음 또는 제품 범위 변경,100.0,100.0,2019-Q3,범위 하단끼리·상단끼리 비교. 변화율 구간이나 평균이 아님.,false,false,https://www.avnet.com/wcm/connect/b496febc-6ece-4ee2-a4ae-eae91a34d9d1/AVA-Lead-Time-Guide-December-2022-EN-Document.pdf?MOD=AJPERES,PDF p.3 · Frequency control resonators · Lead-time: weeks,분기 내 마지막 확인값 · 원 자료 축 2022-12 (발간일). 분기 평균·분기말 확정값 아님.,2022-12 Avnet Abacus의 공진자는 8–14주입니다. 원문 납기(주) 열의 같은 품목명을 연결했으며 일반 유통시장 집계입니다.
공진자,avnet-frequency_resonator,공진자 · Avnet 발간 이력 · Avnet Abacus,weeks,2023-Q1,false,missing,0,[],,,,,,,,missing,,,false,,,이 분기에 확인된 관측이 없습니다.,,,이 분기에 확인된 관측이 없습니다.,,,,이 분기에 확인된 관측이 없습니다.,false,false,,,이 분기에 확인된 관측이 없습니다.,이 분기에 확인된 관측이 없습니다.
공진자,avnet-frequency_resonator,공진자 · Avnet 발간 이력 · Avnet Abacus,weeks,2023-Q2,false,missing,0,[],,,,,,,,missing,,,false,,,이 분기에 확인된 관측이 없습니다.,,,이 분기에 확인된 관측이 없습니다.,,,,이 분기에 확인된 관측이 없습니다.,false,false,,,이 분기에 확인된 관측이 없습니다.,이 분기에 확인된 관측이 없습니다.
공진자,avnet-frequency_resonator,공진자 · Avnet 발간 이력 · Avnet Abacus,weeks,2023-Q3,false,missing,0,[],,,,,,,,missing,,,false,,,이 분기에 확인된 관측이 없습니다.,,,이 분기에 확인된 관측이 없습니다.,,,,이 분기에 확인된 관측이 없습니다.,false,false,,,이 분기에 확인된 관측이 없습니다.,이 분기에 확인된 관측이 없습니다.
공진자,avnet-frequency_resonator,공진자 · Avnet 발간 이력 · Avnet Abacus,weeks,2023-Q4,true,latest,1,"[""avnet-2023-11-frequency_resonator""]",avnet-2023-11-frequency_resonator,2023-11,발간일,2023-11,2023-11,Avnet Abacus,Avnet Abacus 일반 유통시장 · 공진자,range,8,14,false,,,바로 이전 분기 대표값 없음,0.0,0.0,범위 하단끼리·상단끼리 비교. 변화율 구간이나 평균이 아님.,100.0,100.0,2019-Q3,범위 하단끼리·상단끼리 비교. 변화율 구간이나 평균이 아님.,false,false,https://my.avnet.com/wcm/connect/affeb8c0-65e8-46cb-84bc-15fca9dae0bd/AVA-Lead-Time-Guide-November-2022-EN-Document.pdf?MOD=AJPERES,PDF p.3 · Frequency control resonators · Lead-time: weeks,분기 내 마지막 확인값 · 원 자료 축 2023-11 (발간일). 분기 평균·분기말 확정값 아님.,2023-11 Avnet Abacus의 공진자는 8–14주입니다. 원문 납기(주) 열의 같은 품목명을 연결했으며 일반 유통시장 집계입니다.
공진자,avnet-frequency_resonator,공진자 · Avnet 발간 이력 · Avnet Abacus,weeks,2024-Q1,true,latest,2,"[""avnet-2024-01-frequency_resonator"", ""avnet-2024-02-frequency_resonator""]",avnet-2024-02-frequency_resonator,2024-02,발간일,2024-02,2024-02,Avnet Abacus,Avnet Abacus 일반 유통시장 · 공진자,range,8,14,false,0.0,0.0,범위 하단끼리·상단끼리 비교. 변화율 구간이나 평균이 아님.,,,전년 동기 대표값 없음 또는 제품 범위 변경,100.0,100.0,2019-Q3,범위 하단끼리·상단끼리 비교. 변화율 구간이나 평균이 아님.,false,false,https://my.avnet.com/wcm/connect/1c3e37ed-e911-4561-b888-cbea8ac78f55/AVA-Lead-Time-Guide-February-2024-EN-Document.pdf?MOD=AJPERES,PDF p.3,분기 내 마지막 확인값 · 원 자료 축 2024-02 (발간일). 분기 평균·분기말 확정값 아님.,2024-02 가이드의 공진자 납기는 8–14주입니다. 일반 유통시장 보고값이며 AI 서버 전용 집계와 구분합니다.
공진자,avnet-frequency_resonator,공진자 · Avnet 발간 이력 · Avnet Abacus,weeks,2024-Q2,false,missing,0,[],,,,,,,,missing,,,false,,,이 분기에 확인된 관측이 없습니다.,,,이 분기에 확인된 관측이 없습니다.,,,,이 분기에 확인된 관측이 없습니다.,false,false,,,이 분기에 확인된 관측이 없습니다.,이 분기에 확인된 관측이 없습니다.
공진자,avnet-frequency_resonator,공진자 · Avnet 발간 이력 · Avnet Abacus,weeks,2024-Q3,true,latest,1,"[""avnet-2024-09-frequency_resonator""]",avnet-2024-09-frequency_resonator,2024-09,발간일,2024-09,2024-09,Avnet Abacus,Avnet Abacus 일반 유통시장 · 공진자,range,8,14,false,,,바로 이전 분기 대표값 없음,,,전년 동기 대표값 없음 또는 제품 범위 변경,100.0,100.0,2019-Q3,범위 하단끼리·상단끼리 비교. 변화율 구간이나 평균이 아님.,false,false,https://my.avnet.com/wcm/connect/e9d18ef4-6a53-4f76-b6cf-d63549a0694b/AVA-Lead-Time-Guide-September-2024-EN-Document-aba24037.pdf?MOD=AJPERES,PDF p.3,분기 내 마지막 확인값 · 원 자료 축 2024-09 (발간일). 분기 평균·분기말 확정값 아님.,2024-09 가이드의 공진자 납기는 8–14주입니다. 일반 유통시장 보고값으로 AI 서버용 집계와 구분합니다.
공진자,avnet-frequency_resonator,공진자 · Avnet 발간 이력 · Avnet Abacus,weeks,2024-Q4,false,missing,0,[],,,,,,,,missing,,,false,,,이 분기에 확인된 관측이 없습니다.,,,이 분기에 확인된 관측이 없습니다.,,,,이 분기에 확인된 관측이 없습니다.,false,false,,,이 분기에 확인된 관측이 없습니다.,이 분기에 확인된 관측이 없습니다.
공진자,avnet-frequency_resonator,공진자 · Avnet 발간 이력 · Avnet Abacus,weeks,2025-Q1,false,missing,0,[],,,,,,,,missing,,,false,,,이 분기에 확인된 관측이 없습니다.,,,이 분기에 확인된 관측이 없습니다.,,,,이 분기에 확인된 관측이 없습니다.,false,false,,,이 분기에 확인된 관측이 없습니다.,이 분기에 확인된 관측이 없습니다.
공진자,avnet-frequency_resonator,공진자 · Avnet 발간 이력 · Avnet Abacus,weeks,2025-Q2,false,missing,0,[],,,,,,,,missing,,,false,,,이 분기에 확인된 관측이 없습니다.,,,이 분기에 확인된 관측이 없습니다.,,,,이 분기에 확인된 관측이 없습니다.,false,false,,,이 분기에 확인된 관측이 없습니다.,이 분기에 확인된 관측이 없습니다.
공진자,avnet-frequency_resonator,공진자 · Avnet 발간 이력 · Avnet Abacus,weeks,2025-Q3,true,latest,1,"[""avnet-2025-07-frequency_resonator""]",avnet-2025-07-frequency_resonator,2025-07,발간일,2025-07,2025-07,Avnet Abacus,Avnet Abacus 일반 유통시장 · 공진자,range,8,14,false,,,바로 이전 분기 대표값 없음,0.0,0.0,범위 하단끼리·상단끼리 비교. 변화율 구간이나 평균이 아님.,100.0,100.0,2019-Q3,범위 하단끼리·상단끼리 비교. 변화율 구간이나 평균이 아님.,false,false,https://my.avnet.com/wcm/connect/a3326d60-174d-4224-8e1d-f2f5595919a1/AVA-Lead-Time-Guide-July-2025-EN-Document.pdf?MOD=AJPERES,PDF p.3,분기 내 마지막 확인값 · 원 자료 축 2025-07 (발간일). 분기 평균·분기말 확정값 아님.,2025-07 가이드의 공진자 납기는 8–14주입니다. 일반 유통시장 보고값으로 AI 서버용 집계와 구분합니다.
공진자,avnet-frequency_resonator,공진자 · Avnet 발간 이력 · Avnet Abacus,weeks,2025-Q4,false,missing,0,[],,,,,,,,missing,,,false,,,이 분기에 확인된 관측이 없습니다.,,,이 분기에 확인된 관측이 없습니다.,,,,이 분기에 확인된 관측이 없습니다.,false,false,,,이 분기에 확인된 관측이 없습니다.,이 분기에 확인된 관측이 없습니다.
공진자,avnet-frequency_resonator,공진자 · Avnet 발간 이력 · Avnet Abacus,weeks,2026-Q1,false,missing,0,[],,,,,,,,missing,,,false,,,이 분기에 확인된 관측이 없습니다.,,,이 분기에 확인된 관측이 없습니다.,,,,이 분기에 확인된 관측이 없습니다.,false,false,,,이 분기에 확인된 관측이 없습니다.,이 분기에 확인된 관측이 없습니다.
공진자,avnet-frequency_resonator,공진자 · Avnet 발간 이력 · Avnet Abacus,weeks,2026-Q2,false,missing,0,[],,,,,,,,missing,,,false,,,이 분기에 확인된 관측이 없습니다.,,,이 분기에 확인된 관측이 없습니다.,,,,이 분기에 확인된 관측이 없습니다.,false,false,,,이 분기에 확인된 관측이 없습니다.,이 분기에 확인된 관측이 없습니다.
공진자,avnet-frequency_resonator,공진자 · Avnet 발간 이력 · Avnet Abacus,weeks,2026-Q3,true,latest,1,"[""avnet-2026-08-frequency_resonator""]",avnet-2026-08-frequency_resonator,2026-08,발간일,2026-08,2026-08,Avnet Abacus,Avnet Abacus 일반 유통시장 · 공진자,range,8,14,false,,,바로 이전 분기 대표값 없음,0.0,0.0,범위 하단끼리·상단끼리 비교. 변화율 구간이나 평균이 아님.,100.0,100.0,2019-Q3,범위 하단끼리·상단끼리 비교. 변화율 구간이나 평균이 아님.,false,false,https://my.avnet.com/wcm/connect/2222f00c-e4dc-4143-899c-4a892756fcc7/AVA-Lead-Time-Guide-August-2026-EN-Document.pdf?MOD=AJPERES,PDF p.3,분기 내 마지막 확인값 · 원 자료 축 2026-08 (발간일). 분기 평균·분기말 확정값 아님.,2026-08 가이드의 공진자 납기는 8–14주입니다. 일반 유통시장 보고값으로 AI 서버용 집계와 구분합니다.
퓨즈,avnet-fuse,퓨즈 · Avnet 발간 이력 · Avnet Abacus,weeks,2019-Q3,true,latest,1,"[""avnet-2019-09-fuse""]",avnet-2019-09-fuse,2019-09,발간일,2019-09,2019-09,Avnet Abacus,Avnet Abacus 일반 유통시장 · 퓨즈,range,6,25,false,,,바로 이전 분기 대표값 없음,,,전년 동기 대표값 없음 또는 제품 범위 변경,100.0,100.0,2019-Q3,범위 하단끼리·상단끼리 비교. 변화율 구간이나 평균이 아님.,false,false,https://www.avnet.com/wcm/connect/b7202770-5e3f-4369-95f9-70bf9c04defe/AVA-Lead-Time-guide-September-2019-EN-Document.pdf?MOD=AJPERES&attachment=true&id=1568983700586&id=1568983700586%3FMOD%3DAJPERES,PDF p.2 · Circuit protection - fuses · Lead-time: weeks,분기 내 마지막 확인값 · 원 자료 축 2019-09 (발간일). 분기 평균·분기말 확정값 아님.,2019-09 Avnet Abacus의 퓨즈는 6–25주입니다. 원문 납기(주) 열의 같은 품목명을 연결했으며 일반 유통시장 집계입니다.
퓨즈,avnet-fuse,퓨즈 · Avnet 발간 이력 · Avnet Abacus,weeks,2019-Q4,false,missing,0,[],,,,,,,,missing,,,false,,,이 분기에 확인된 관측이 없습니다.,,,이 분기에 확인된 관측이 없습니다.,,,,이 분기에 확인된 관측이 없습니다.,false,false,,,이 분기에 확인된 관측이 없습니다.,이 분기에 확인된 관측이 없습니다.
퓨즈,avnet-fuse,퓨즈 · Avnet 발간 이력 · Avnet Abacus,weeks,2020-Q1,false,missing,0,[],,,,,,,,missing,,,false,,,이 분기에 확인된 관측이 없습니다.,,,이 분기에 확인된 관측이 없습니다.,,,,이 분기에 확인된 관측이 없습니다.,false,false,,,이 분기에 확인된 관측이 없습니다.,이 분기에 확인된 관측이 없습니다.
퓨즈,avnet-fuse,퓨즈 · Avnet 발간 이력 · Avnet Abacus,weeks,2020-Q2,true,latest,1,"[""avnet-2020-04-fuse""]",avnet-2020-04-fuse,2020-04,발간일,2020-04,2020-04,Avnet Abacus,Avnet Abacus 일반 유통시장 · 퓨즈,range,6,25,false,,,바로 이전 분기 대표값 없음,,,전년 동기 대표값 없음 또는 제품 범위 변경,100.0,100.0,2019-Q3,범위 하단끼리·상단끼리 비교. 변화율 구간이나 평균이 아님.,false,false,https://www.avnet.com/wcm/connect/101b4984-151c-4e9e-8c42-e55a2da865af/AVA-Lead-Time-guide-March-2020-EN-Document.pdf?MOD=AJPERES,PDF p.2 · Circuit protection - fuses · Lead-time: weeks,분기 내 마지막 확인값 · 원 자료 축 2020-04 (발간일). 분기 평균·분기말 확정값 아님.,2020-04 Avnet Abacus의 퓨즈는 6–25주입니다. 원문 납기(주) 열의 같은 품목명을 연결했으며 일반 유통시장 집계입니다.
퓨즈,avnet-fuse,퓨즈 · Avnet 발간 이력 · Avnet Abacus,weeks,2020-Q3,false,missing,0,[],,,,,,,,missing,,,false,,,이 분기에 확인된 관측이 없습니다.,,,이 분기에 확인된 관측이 없습니다.,,,,이 분기에 확인된 관측이 없습니다.,false,false,,,이 분기에 확인된 관측이 없습니다.,이 분기에 확인된 관측이 없습니다.
퓨즈,avnet-fuse,퓨즈 · Avnet 발간 이력 · Avnet Abacus,weeks,2020-Q4,false,missing,0,[],,,,,,,,missing,,,false,,,이 분기에 확인된 관측이 없습니다.,,,이 분기에 확인된 관측이 없습니다.,,,,이 분기에 확인된 관측이 없습니다.,false,false,,,이 분기에 확인된 관측이 없습니다.,이 분기에 확인된 관측이 없습니다.
퓨즈,avnet-fuse,퓨즈 · Avnet 발간 이력 · Avnet Abacus,weeks,2021-Q1,false,missing,0,[],,,,,,,,missing,,,false,,,이 분기에 확인된 관측이 없습니다.,,,이 분기에 확인된 관측이 없습니다.,,,,이 분기에 확인된 관측이 없습니다.,false,false,,,이 분기에 확인된 관측이 없습니다.,이 분기에 확인된 관측이 없습니다.
퓨즈,avnet-fuse,퓨즈 · Avnet 발간 이력 · Avnet Abacus,weeks,2021-Q2,true,latest,1,"[""avnet-2021-04-fuse""]",avnet-2021-04-fuse,2021-04,발간일,2021-04,2021-04,Avnet Abacus,Avnet Abacus 일반 유통시장 · 퓨즈,range,6,25,false,,,바로 이전 분기 대표값 없음,0.0,0.0,범위 하단끼리·상단끼리 비교. 변화율 구간이나 평균이 아님.,100.0,100.0,2019-Q3,범위 하단끼리·상단끼리 비교. 변화율 구간이나 평균이 아님.,false,false,https://www.avnet.com/wcm/connect/6466625f-04e6-4164-bd2e-9acdd402fc9b/AVA-Lead-Time-Guide-April-2021-EN-Document.pdf?MOD=AJPERES,PDF p.3 · Circuit protection - fuses · Lead-time: weeks,분기 내 마지막 확인값 · 원 자료 축 2021-04 (발간일). 분기 평균·분기말 확정값 아님.,2021-04 Avnet Abacus의 퓨즈는 6–25주입니다. 원문 납기(주) 열의 같은 품목명을 연결했으며 일반 유통시장 집계입니다.
퓨즈,avnet-fuse,퓨즈 · Avnet 발간 이력 · Avnet Abacus,weeks,2021-Q3,true,latest,1,"[""avnet-2021-07-fuse""]",avnet-2021-07-fuse,2021-07,발간일,2021-07,2021-07,Avnet Abacus,Avnet Abacus 일반 유통시장 · 퓨즈,range,6,25,false,0.0,0.0,범위 하단끼리·상단끼리 비교. 변화율 구간이나 평균이 아님.,,,전년 동기 대표값 없음 또는 제품 범위 변경,100.0,100.0,2019-Q3,범위 하단끼리·상단끼리 비교. 변화율 구간이나 평균이 아님.,false,false,https://www.avnet.com/wcm/connect/677978a9-b285-4a92-a841-00c85b0cefc5/AVA-Lead-Time-Guide-July-2021-EN-Document.pdf?MOD=AJPERES,PDF p.3 · Circuit protection - fuses · Lead-time: weeks,분기 내 마지막 확인값 · 원 자료 축 2021-07 (발간일). 분기 평균·분기말 확정값 아님.,2021-07 Avnet Abacus의 퓨즈는 6–25주입니다. 원문 납기(주) 열의 같은 품목명을 연결했으며 일반 유통시장 집계입니다.
퓨즈,avnet-fuse,퓨즈 · Avnet 발간 이력 · Avnet Abacus,weeks,2021-Q4,false,missing,0,[],,,,,,,,missing,,,false,,,이 분기에 확인된 관측이 없습니다.,,,이 분기에 확인된 관측이 없습니다.,,,,이 분기에 확인된 관측이 없습니다.,false,false,,,이 분기에 확인된 관측이 없습니다.,이 분기에 확인된 관측이 없습니다.
퓨즈,avnet-fuse,퓨즈 · Avnet 발간 이력 · Avnet Abacus,weeks,2022-Q1,false,missing,0,[],,,,,,,,missing,,,false,,,이 분기에 확인된 관측이 없습니다.,,,이 분기에 확인된 관측이 없습니다.,,,,이 분기에 확인된 관측이 없습니다.,false,false,,,이 분기에 확인된 관측이 없습니다.,이 분기에 확인된 관측이 없습니다.
퓨즈,avnet-fuse,퓨즈 · Avnet 발간 이력 · Avnet Abacus,weeks,2022-Q2,false,missing,0,[],,,,,,,,missing,,,false,,,이 분기에 확인된 관측이 없습니다.,,,이 분기에 확인된 관측이 없습니다.,,,,이 분기에 확인된 관측이 없습니다.,false,false,,,이 분기에 확인된 관측이 없습니다.,이 분기에 확인된 관측이 없습니다.
퓨즈,avnet-fuse,퓨즈 · Avnet 발간 이력 · Avnet Abacus,weeks,2022-Q3,false,missing,0,[],,,,,,,,missing,,,false,,,이 분기에 확인된 관측이 없습니다.,,,이 분기에 확인된 관측이 없습니다.,,,,이 분기에 확인된 관측이 없습니다.,false,false,,,이 분기에 확인된 관측이 없습니다.,이 분기에 확인된 관측이 없습니다.
퓨즈,avnet-fuse,퓨즈 · Avnet 발간 이력 · Avnet Abacus,weeks,2022-Q4,true,latest,1,"[""avnet-2022-12-fuse""]",avnet-2022-12-fuse,2022-12,발간일,2022-12,2022-12,Avnet Abacus,Avnet Abacus 일반 유통시장 · 퓨즈,range,6,25,false,,,바로 이전 분기 대표값 없음,,,전년 동기 대표값 없음 또는 제품 범위 변경,100.0,100.0,2019-Q3,범위 하단끼리·상단끼리 비교. 변화율 구간이나 평균이 아님.,false,false,https://www.avnet.com/wcm/connect/b496febc-6ece-4ee2-a4ae-eae91a34d9d1/AVA-Lead-Time-Guide-December-2022-EN-Document.pdf?MOD=AJPERES,PDF p.3 · Circuit protection - fuses · Lead-time: weeks,분기 내 마지막 확인값 · 원 자료 축 2022-12 (발간일). 분기 평균·분기말 확정값 아님.,2022-12 Avnet Abacus의 퓨즈는 6–25주입니다. 원문 납기(주) 열의 같은 품목명을 연결했으며 일반 유통시장 집계입니다.
퓨즈,avnet-fuse,퓨즈 · Avnet 발간 이력 · Avnet Abacus,weeks,2023-Q1,false,missing,0,[],,,,,,,,missing,,,false,,,이 분기에 확인된 관측이 없습니다.,,,이 분기에 확인된 관측이 없습니다.,,,,이 분기에 확인된 관측이 없습니다.,false,false,,,이 분기에 확인된 관측이 없습니다.,이 분기에 확인된 관측이 없습니다.
퓨즈,avnet-fuse,퓨즈 · Avnet 발간 이력 · Avnet Abacus,weeks,2023-Q2,false,missing,0,[],,,,,,,,missing,,,false,,,이 분기에 확인된 관측이 없습니다.,,,이 분기에 확인된 관측이 없습니다.,,,,이 분기에 확인된 관측이 없습니다.,false,false,,,이 분기에 확인된 관측이 없습니다.,이 분기에 확인된 관측이 없습니다.
퓨즈,avnet-fuse,퓨즈 · Avnet 발간 이력 · Avnet Abacus,weeks,2023-Q3,false,missing,0,[],,,,,,,,missing,,,false,,,이 분기에 확인된 관측이 없습니다.,,,이 분기에 확인된 관측이 없습니다.,,,,이 분기에 확인된 관측이 없습니다.,false,false,,,이 분기에 확인된 관측이 없습니다.,이 분기에 확인된 관측이 없습니다.
퓨즈,avnet-fuse,퓨즈 · Avnet 발간 이력 · Avnet Abacus,weeks,2023-Q4,true,latest,1,"[""avnet-2023-11-fuse""]",avnet-2023-11-fuse,2023-11,발간일,2023-11,2023-11,Avnet Abacus,Avnet Abacus 일반 유통시장 · 퓨즈,range,8,26,true,,,바로 이전 분기 대표값 없음,33.333333,,범위 하단끼리·상단끼리 비교. 변화율 구간이나 평균이 아님.,133.333333,,2019-Q3,범위 하단끼리·상단끼리 비교. 변화율 구간이나 평균이 아님.,false,false,https://my.avnet.com/wcm/connect/affeb8c0-65e8-46cb-84bc-15fca9dae0bd/AVA-Lead-Time-Guide-November-2022-EN-Document.pdf?MOD=AJPERES,PDF p.3 · Circuit protection - fuses · Lead-time: weeks,분기 내 마지막 확인값 · 원 자료 축 2023-11 (발간일). 분기 평균·분기말 확정값 아님.,2023-11 Avnet Abacus의 퓨즈는 8–26+주입니다. 원문 납기(주) 열의 같은 품목명을 연결했으며 일반 유통시장 집계입니다. +는 열린 상한으로 보존했습니다.
퓨즈,avnet-fuse,퓨즈 · Avnet 발간 이력 · Avnet Abacus,weeks,2024-Q1,true,latest,2,"[""avnet-2024-01-fuse"", ""avnet-2024-02-fuse""]",avnet-2024-02-fuse,2024-02,발간일,2024-02,2024-02,Avnet Abacus,Avnet Abacus 일반 유통시장 · 퓨즈,range,8,26,true,0.0,,범위 하단끼리·상단끼리 비교. 변화율 구간이나 평균이 아님.,,,전년 동기 대표값 없음 또는 제품 범위 변경,133.333333,,2019-Q3,범위 하단끼리·상단끼리 비교. 변화율 구간이나 평균이 아님.,false,false,https://my.avnet.com/wcm/connect/1c3e37ed-e911-4561-b888-cbea8ac78f55/AVA-Lead-Time-Guide-February-2024-EN-Document.pdf?MOD=AJPERES,PDF p.3,분기 내 마지막 확인값 · 원 자료 축 2024-02 (발간일). 분기 평균·분기말 확정값 아님.,2024-02 가이드의 퓨즈 납기는 8–26+주입니다. 일반 유통시장 보고값이며 AI 서버 전용 집계와 구분합니다. 상한 뒤 +는 더 긴 납기가 가능함을 뜻합니다.
퓨즈,avnet-fuse,퓨즈 · Avnet 발간 이력 · Avnet Abacus,weeks,2024-Q2,false,missing,0,[],,,,,,,,missing,,,false,,,이 분기에 확인된 관측이 없습니다.,,,이 분기에 확인된 관측이 없습니다.,,,,이 분기에 확인된 관측이 없습니다.,false,false,,,이 분기에 확인된 관측이 없습니다.,이 분기에 확인된 관측이 없습니다.
퓨즈,avnet-fuse,퓨즈 · Avnet 발간 이력 · Avnet Abacus,weeks,2024-Q3,true,latest,1,"[""avnet-2024-09-fuse""]",avnet-2024-09-fuse,2024-09,발간일,2024-09,2024-09,Avnet Abacus,Avnet Abacus 일반 유통시장 · 퓨즈,range,8,26,true,,,바로 이전 분기 대표값 없음,,,전년 동기 대표값 없음 또는 제품 범위 변경,133.333333,,2019-Q3,범위 하단끼리·상단끼리 비교. 변화율 구간이나 평균이 아님.,false,false,https://my.avnet.com/wcm/connect/e9d18ef4-6a53-4f76-b6cf-d63549a0694b/AVA-Lead-Time-Guide-September-2024-EN-Document-aba24037.pdf?MOD=AJPERES,PDF p.3,분기 내 마지막 확인값 · 원 자료 축 2024-09 (발간일). 분기 평균·분기말 확정값 아님.,"2024-09 가이드의 퓨즈 납기는 8–26+주입니다. 일반 유통시장 보고값으로 AI 서버용 집계와 구분합니다. 상한 뒤 +는 이보다 더 길어질 수 있음을 뜻하며, 닫힌 최댓값이 아닙니다."
퓨즈,avnet-fuse,퓨즈 · Avnet 발간 이력 · Avnet Abacus,weeks,2024-Q4,false,missing,0,[],,,,,,,,missing,,,false,,,이 분기에 확인된 관측이 없습니다.,,,이 분기에 확인된 관측이 없습니다.,,,,이 분기에 확인된 관측이 없습니다.,false,false,,,이 분기에 확인된 관측이 없습니다.,이 분기에 확인된 관측이 없습니다.
퓨즈,avnet-fuse,퓨즈 · Avnet 발간 이력 · Avnet Abacus,weeks,2025-Q1,false,missing,0,[],,,,,,,,missing,,,false,,,이 분기에 확인된 관측이 없습니다.,,,이 분기에 확인된 관측이 없습니다.,,,,이 분기에 확인된 관측이 없습니다.,false,false,,,이 분기에 확인된 관측이 없습니다.,이 분기에 확인된 관측이 없습니다.
퓨즈,avnet-fuse,퓨즈 · Avnet 발간 이력 · Avnet Abacus,weeks,2025-Q2,false,missing,0,[],,,,,,,,missing,,,false,,,이 분기에 확인된 관측이 없습니다.,,,이 분기에 확인된 관측이 없습니다.,,,,이 분기에 확인된 관측이 없습니다.,false,false,,,이 분기에 확인된 관측이 없습니다.,이 분기에 확인된 관측이 없습니다.
퓨즈,avnet-fuse,퓨즈 · Avnet 발간 이력 · Avnet Abacus,weeks,2025-Q3,true,latest,1,"[""avnet-2025-07-fuse""]",avnet-2025-07-fuse,2025-07,발간일,2025-07,2025-07,Avnet Abacus,Avnet Abacus 일반 유통시장 · 퓨즈,range,8,26,true,,,바로 이전 분기 대표값 없음,0.0,,범위 하단끼리·상단끼리 비교. 변화율 구간이나 평균이 아님.,133.333333,,2019-Q3,범위 하단끼리·상단끼리 비교. 변화율 구간이나 평균이 아님.,false,false,https://my.avnet.com/wcm/connect/a3326d60-174d-4224-8e1d-f2f5595919a1/AVA-Lead-Time-Guide-July-2025-EN-Document.pdf?MOD=AJPERES,PDF p.3,분기 내 마지막 확인값 · 원 자료 축 2025-07 (발간일). 분기 평균·분기말 확정값 아님.,"2025-07 가이드의 퓨즈 납기는 8–26+주입니다. 일반 유통시장 보고값으로 AI 서버용 집계와 구분합니다. 상한 뒤 +는 이보다 더 길어질 수 있음을 뜻하며, 닫힌 최댓값이 아닙니다."
퓨즈,avnet-fuse,퓨즈 · Avnet 발간 이력 · Avnet Abacus,weeks,2025-Q4,false,missing,0,[],,,,,,,,missing,,,false,,,이 분기에 확인된 관측이 없습니다.,,,이 분기에 확인된 관측이 없습니다.,,,,이 분기에 확인된 관측이 없습니다.,false,false,,,이 분기에 확인된 관측이 없습니다.,이 분기에 확인된 관측이 없습니다.
퓨즈,avnet-fuse,퓨즈 · Avnet 발간 이력 · Avnet Abacus,weeks,2026-Q1,false,missing,0,[],,,,,,,,missing,,,false,,,이 분기에 확인된 관측이 없습니다.,,,이 분기에 확인된 관측이 없습니다.,,,,이 분기에 확인된 관측이 없습니다.,false,false,,,이 분기에 확인된 관측이 없습니다.,이 분기에 확인된 관측이 없습니다.
퓨즈,avnet-fuse,퓨즈 · Avnet 발간 이력 · Avnet Abacus,weeks,2026-Q2,false,missing,0,[],,,,,,,,missing,,,false,,,이 분기에 확인된 관측이 없습니다.,,,이 분기에 확인된 관측이 없습니다.,,,,이 분기에 확인된 관측이 없습니다.,false,false,,,이 분기에 확인된 관측이 없습니다.,이 분기에 확인된 관측이 없습니다.
퓨즈,avnet-fuse,퓨즈 · Avnet 발간 이력 · Avnet Abacus,weeks,2026-Q3,true,latest,1,"[""avnet-2026-08-fuse""]",avnet-2026-08-fuse,2026-08,발간일,2026-08,2026-08,Avnet Abacus,Avnet Abacus 일반 유통시장 · 퓨즈,range,8,26,true,,,바로 이전 분기 대표값 없음,0.0,,범위 하단끼리·상단끼리 비교. 변화율 구간이나 평균이 아님.,133.333333,,2019-Q3,범위 하단끼리·상단끼리 비교. 변화율 구간이나 평균이 아님.,false,false,https://my.avnet.com/wcm/connect/2222f00c-e4dc-4143-899c-4a892756fcc7/AVA-Lead-Time-Guide-August-2026-EN-Document.pdf?MOD=AJPERES,PDF p.3,분기 내 마지막 확인값 · 원 자료 축 2026-08 (발간일). 분기 평균·분기말 확정값 아님.,"2026-08 가이드의 퓨즈 납기는 8–26+주입니다. 일반 유통시장 보고값으로 AI 서버용 집계와 구분합니다. 상한 뒤 +는 이보다 더 길어질 수 있음을 뜻하며, 닫힌 최댓값이 아닙니다."
리셋 가능 보호소자,avnet-resettable_protection,리셋 가능 보호소자 · Avnet 발간 이력 · Avnet Abacus,weeks,2019-Q3,true,latest,1,"[""avnet-2019-09-resettable_protection""]",avnet-2019-09-resettable_protection,2019-09,발간일,2019-09,2019-09,Avnet Abacus,Avnet Abacus 일반 유통시장 · 리셋 가능 보호소자,range,10,15,false,,,바로 이전 분기 대표값 없음,,,전년 동기 대표값 없음 또는 제품 범위 변경,100.0,100.0,2019-Q3,범위 하단끼리·상단끼리 비교. 변화율 구간이나 평균이 아님.,false,false,https://www.avnet.com/wcm/connect/b7202770-5e3f-4369-95f9-70bf9c04defe/AVA-Lead-Time-guide-September-2019-EN-Document.pdf?MOD=AJPERES&attachment=true&id=1568983700586&id=1568983700586%3FMOD%3DAJPERES,PDF p.2 · Circuit protection - resettable devices · Lead-time: weeks,분기 내 마지막 확인값 · 원 자료 축 2019-09 (발간일). 분기 평균·분기말 확정값 아님.,2019-09 Avnet Abacus의 리셋 가능 보호소자는 10–15주입니다. 원문 납기(주) 열의 같은 품목명을 연결했으며 일반 유통시장 집계입니다.
리셋 가능 보호소자,avnet-resettable_protection,리셋 가능 보호소자 · Avnet 발간 이력 · Avnet Abacus,weeks,2019-Q4,false,missing,0,[],,,,,,,,missing,,,false,,,이 분기에 확인된 관측이 없습니다.,,,이 분기에 확인된 관측이 없습니다.,,,,이 분기에 확인된 관측이 없습니다.,false,false,,,이 분기에 확인된 관측이 없습니다.,이 분기에 확인된 관측이 없습니다.
리셋 가능 보호소자,avnet-resettable_protection,리셋 가능 보호소자 · Avnet 발간 이력 · Avnet Abacus,weeks,2020-Q1,false,missing,0,[],,,,,,,,missing,,,false,,,이 분기에 확인된 관측이 없습니다.,,,이 분기에 확인된 관측이 없습니다.,,,,이 분기에 확인된 관측이 없습니다.,false,false,,,이 분기에 확인된 관측이 없습니다.,이 분기에 확인된 관측이 없습니다.
리셋 가능 보호소자,avnet-resettable_protection,리셋 가능 보호소자 · Avnet 발간 이력 · Avnet Abacus,weeks,2020-Q2,true,latest,1,"[""avnet-2020-04-resettable_protection""]",avnet-2020-04-resettable_protection,2020-04,발간일,2020-04,2020-04,Avnet Abacus,Avnet Abacus 일반 유통시장 · 리셋 가능 보호소자,range,10,15,false,,,바로 이전 분기 대표값 없음,,,전년 동기 대표값 없음 또는 제품 범위 변경,100.0,100.0,2019-Q3,범위 하단끼리·상단끼리 비교. 변화율 구간이나 평균이 아님.,false,false,https://www.avnet.com/wcm/connect/101b4984-151c-4e9e-8c42-e55a2da865af/AVA-Lead-Time-guide-March-2020-EN-Document.pdf?MOD=AJPERES,PDF p.2 · Circuit protection - resettable devices · Lead-time: weeks,분기 내 마지막 확인값 · 원 자료 축 2020-04 (발간일). 분기 평균·분기말 확정값 아님.,2020-04 Avnet Abacus의 리셋 가능 보호소자는 10–15주입니다. 원문 납기(주) 열의 같은 품목명을 연결했으며 일반 유통시장 집계입니다.
리셋 가능 보호소자,avnet-resettable_protection,리셋 가능 보호소자 · Avnet 발간 이력 · Avnet Abacus,weeks,2020-Q3,false,missing,0,[],,,,,,,,missing,,,false,,,이 분기에 확인된 관측이 없습니다.,,,이 분기에 확인된 관측이 없습니다.,,,,이 분기에 확인된 관측이 없습니다.,false,false,,,이 분기에 확인된 관측이 없습니다.,이 분기에 확인된 관측이 없습니다.
리셋 가능 보호소자,avnet-resettable_protection,리셋 가능 보호소자 · Avnet 발간 이력 · Avnet Abacus,weeks,2020-Q4,false,missing,0,[],,,,,,,,missing,,,false,,,이 분기에 확인된 관측이 없습니다.,,,이 분기에 확인된 관측이 없습니다.,,,,이 분기에 확인된 관측이 없습니다.,false,false,,,이 분기에 확인된 관측이 없습니다.,이 분기에 확인된 관측이 없습니다.
리셋 가능 보호소자,avnet-resettable_protection,리셋 가능 보호소자 · Avnet 발간 이력 · Avnet Abacus,weeks,2021-Q1,false,missing,0,[],,,,,,,,missing,,,false,,,이 분기에 확인된 관측이 없습니다.,,,이 분기에 확인된 관측이 없습니다.,,,,이 분기에 확인된 관측이 없습니다.,false,false,,,이 분기에 확인된 관측이 없습니다.,이 분기에 확인된 관측이 없습니다.
리셋 가능 보호소자,avnet-resettable_protection,리셋 가능 보호소자 · Avnet 발간 이력 · Avnet Abacus,weeks,2021-Q2,true,latest,1,"[""avnet-2021-04-resettable_protection""]",avnet-2021-04-resettable_protection,2021-04,발간일,2021-04,2021-04,Avnet Abacus,Avnet Abacus 일반 유통시장 · 리셋 가능 보호소자,range,10,15,false,,,바로 이전 분기 대표값 없음,0.0,0.0,범위 하단끼리·상단끼리 비교. 변화율 구간이나 평균이 아님.,100.0,100.0,2019-Q3,범위 하단끼리·상단끼리 비교. 변화율 구간이나 평균이 아님.,false,false,https://www.avnet.com/wcm/connect/6466625f-04e6-4164-bd2e-9acdd402fc9b/AVA-Lead-Time-Guide-April-2021-EN-Document.pdf?MOD=AJPERES,PDF p.3 · Circuit protection - resettable devices · Lead-time: weeks,분기 내 마지막 확인값 · 원 자료 축 2021-04 (발간일). 분기 평균·분기말 확정값 아님.,2021-04 Avnet Abacus의 리셋 가능 보호소자는 10–15주입니다. 원문 납기(주) 열의 같은 품목명을 연결했으며 일반 유통시장 집계입니다.
리셋 가능 보호소자,avnet-resettable_protection,리셋 가능 보호소자 · Avnet 발간 이력 · Avnet Abacus,weeks,2021-Q3,true,latest,1,"[""avnet-2021-07-resettable_protection""]",avnet-2021-07-resettable_protection,2021-07,발간일,2021-07,2021-07,Avnet Abacus,Avnet Abacus 일반 유통시장 · 리셋 가능 보호소자,range,10,15,false,0.0,0.0,범위 하단끼리·상단끼리 비교. 변화율 구간이나 평균이 아님.,,,전년 동기 대표값 없음 또는 제품 범위 변경,100.0,100.0,2019-Q3,범위 하단끼리·상단끼리 비교. 변화율 구간이나 평균이 아님.,false,false,https://www.avnet.com/wcm/connect/677978a9-b285-4a92-a841-00c85b0cefc5/AVA-Lead-Time-Guide-July-2021-EN-Document.pdf?MOD=AJPERES,PDF p.3 · Circuit protection - resettable devices · Lead-time: weeks,분기 내 마지막 확인값 · 원 자료 축 2021-07 (발간일). 분기 평균·분기말 확정값 아님.,2021-07 Avnet Abacus의 리셋 가능 보호소자는 10–15주입니다. 원문 납기(주) 열의 같은 품목명을 연결했으며 일반 유통시장 집계입니다.
리셋 가능 보호소자,avnet-resettable_protection,리셋 가능 보호소자 · Avnet 발간 이력 · Avnet Abacus,weeks,2021-Q4,false,missing,0,[],,,,,,,,missing,,,false,,,이 분기에 확인된 관측이 없습니다.,,,이 분기에 확인된 관측이 없습니다.,,,,이 분기에 확인된 관측이 없습니다.,false,false,,,이 분기에 확인된 관측이 없습니다.,이 분기에 확인된 관측이 없습니다.
리셋 가능 보호소자,avnet-resettable_protection,리셋 가능 보호소자 · Avnet 발간 이력 · Avnet Abacus,weeks,2022-Q1,false,missing,0,[],,,,,,,,missing,,,false,,,이 분기에 확인된 관측이 없습니다.,,,이 분기에 확인된 관측이 없습니다.,,,,이 분기에 확인된 관측이 없습니다.,false,false,,,이 분기에 확인된 관측이 없습니다.,이 분기에 확인된 관측이 없습니다.
리셋 가능 보호소자,avnet-resettable_protection,리셋 가능 보호소자 · Avnet 발간 이력 · Avnet Abacus,weeks,2022-Q2,false,missing,0,[],,,,,,,,missing,,,false,,,이 분기에 확인된 관측이 없습니다.,,,이 분기에 확인된 관측이 없습니다.,,,,이 분기에 확인된 관측이 없습니다.,false,false,,,이 분기에 확인된 관측이 없습니다.,이 분기에 확인된 관측이 없습니다.
리셋 가능 보호소자,avnet-resettable_protection,리셋 가능 보호소자 · Avnet 발간 이력 · Avnet Abacus,weeks,2022-Q3,false,missing,0,[],,,,,,,,missing,,,false,,,이 분기에 확인된 관측이 없습니다.,,,이 분기에 확인된 관측이 없습니다.,,,,이 분기에 확인된 관측이 없습니다.,false,false,,,이 분기에 확인된 관측이 없습니다.,이 분기에 확인된 관측이 없습니다.
리셋 가능 보호소자,avnet-resettable_protection,리셋 가능 보호소자 · Avnet 발간 이력 · Avnet Abacus,weeks,2022-Q4,true,latest,1,"[""avnet-2022-12-resettable_protection""]",avnet-2022-12-resettable_protection,2022-12,발간일,2022-12,2022-12,Avnet Abacus,Avnet Abacus 일반 유통시장 · 리셋 가능 보호소자,range,10,15,false,,,바로 이전 분기 대표값 없음,,,전년 동기 대표값 없음 또는 제품 범위 변경,100.0,100.0,2019-Q3,범위 하단끼리·상단끼리 비교. 변화율 구간이나 평균이 아님.,false,false,https://www.avnet.com/wcm/connect/b496febc-6ece-4ee2-a4ae-eae91a34d9d1/AVA-Lead-Time-Guide-December-2022-EN-Document.pdf?MOD=AJPERES,PDF p.3 · Circuit protection - resettable devices · Lead-time: weeks,분기 내 마지막 확인값 · 원 자료 축 2022-12 (발간일). 분기 평균·분기말 확정값 아님.,2022-12 Avnet Abacus의 리셋 가능 보호소자는 10–15주입니다. 원문 납기(주) 열의 같은 품목명을 연결했으며 일반 유통시장 집계입니다.
리셋 가능 보호소자,avnet-resettable_protection,리셋 가능 보호소자 · Avnet 발간 이력 · Avnet Abacus,weeks,2023-Q1,false,missing,0,[],,,,,,,,missing,,,false,,,이 분기에 확인된 관측이 없습니다.,,,이 분기에 확인된 관측이 없습니다.,,,,이 분기에 확인된 관측이 없습니다.,false,false,,,이 분기에 확인된 관측이 없습니다.,이 분기에 확인된 관측이 없습니다.
리셋 가능 보호소자,avnet-resettable_protection,리셋 가능 보호소자 · Avnet 발간 이력 · Avnet Abacus,weeks,2023-Q2,false,missing,0,[],,,,,,,,missing,,,false,,,이 분기에 확인된 관측이 없습니다.,,,이 분기에 확인된 관측이 없습니다.,,,,이 분기에 확인된 관측이 없습니다.,false,false,,,이 분기에 확인된 관측이 없습니다.,이 분기에 확인된 관측이 없습니다.
리셋 가능 보호소자,avnet-resettable_protection,리셋 가능 보호소자 · Avnet 발간 이력 · Avnet Abacus,weeks,2023-Q3,false,missing,0,[],,,,,,,,missing,,,false,,,이 분기에 확인된 관측이 없습니다.,,,이 분기에 확인된 관측이 없습니다.,,,,이 분기에 확인된 관측이 없습니다.,false,false,,,이 분기에 확인된 관측이 없습니다.,이 분기에 확인된 관측이 없습니다.
리셋 가능 보호소자,avnet-resettable_protection,리셋 가능 보호소자 · Avnet 발간 이력 · Avnet Abacus,weeks,2023-Q4,true,latest,1,"[""avnet-2023-11-resettable_protection""]",avnet-2023-11-resettable_protection,2023-11,발간일,2023-11,2023-11,Avnet Abacus,Avnet Abacus 일반 유통시장 · 리셋 가능 보호소자,range,8,26,true,,,바로 이전 분기 대표값 없음,-20.0,,범위 하단끼리·상단끼리 비교. 변화율 구간이나 평균이 아님.,80.0,,2019-Q3,범위 하단끼리·상단끼리 비교. 변화율 구간이나 평균이 아님.,false,false,https://my.avnet.com/wcm/connect/affeb8c0-65e8-46cb-84bc-15fca9dae0bd/AVA-Lead-Time-Guide-November-2022-EN-Document.pdf?MOD=AJPERES,PDF p.3 · Circuit protection - resettable devices · Lead-time: weeks,분기 내 마지막 확인값 · 원 자료 축 2023-11 (발간일). 분기 평균·분기말 확정값 아님.,2023-11 Avnet Abacus의 리셋 가능 보호소자는 8–26+주입니다. 원문 납기(주) 열의 같은 품목명을 연결했으며 일반 유통시장 집계입니다. +는 열린 상한으로 보존했습니다.
리셋 가능 보호소자,avnet-resettable_protection,리셋 가능 보호소자 · Avnet 발간 이력 · Avnet Abacus,weeks,2024-Q1,true,latest,2,"[""avnet-2024-01-resettable_protection"", ""avnet-2024-02-resettable_protection""]",avnet-2024-02-resettable_protection,2024-02,발간일,2024-02,2024-02,Avnet Abacus,Avnet Abacus 일반 유통시장 · 리셋 가능 보호소자,range,8,26,true,0.0,,범위 하단끼리·상단끼리 비교. 변화율 구간이나 평균이 아님.,,,전년 동기 대표값 없음 또는 제품 범위 변경,80.0,,2019-Q3,범위 하단끼리·상단끼리 비교. 변화율 구간이나 평균이 아님.,false,false,https://my.avnet.com/wcm/connect/1c3e37ed-e911-4561-b888-cbea8ac78f55/AVA-Lead-Time-Guide-February-2024-EN-Document.pdf?MOD=AJPERES,PDF p.3,분기 내 마지막 확인값 · 원 자료 축 2024-02 (발간일). 분기 평균·분기말 확정값 아님.,2024-02 가이드의 리셋 가능 보호소자 납기는 8–26+주입니다. 일반 유통시장 보고값이며 AI 서버 전용 집계와 구분합니다. 상한 뒤 +는 더 긴 납기가 가능함을 뜻합니다.
리셋 가능 보호소자,avnet-resettable_protection,리셋 가능 보호소자 · Avnet 발간 이력 · Avnet Abacus,weeks,2024-Q2,false,missing,0,[],,,,,,,,missing,,,false,,,이 분기에 확인된 관측이 없습니다.,,,이 분기에 확인된 관측이 없습니다.,,,,이 분기에 확인된 관측이 없습니다.,false,false,,,이 분기에 확인된 관측이 없습니다.,이 분기에 확인된 관측이 없습니다.
리셋 가능 보호소자,avnet-resettable_protection,리셋 가능 보호소자 · Avnet 발간 이력 · Avnet Abacus,weeks,2024-Q3,true,latest,1,"[""avnet-2024-09-resettable_protection""]",avnet-2024-09-resettable_protection,2024-09,발간일,2024-09,2024-09,Avnet Abacus,Avnet Abacus 일반 유통시장 · 리셋 가능 보호소자,range,8,26,true,,,바로 이전 분기 대표값 없음,,,전년 동기 대표값 없음 또는 제품 범위 변경,80.0,,2019-Q3,범위 하단끼리·상단끼리 비교. 변화율 구간이나 평균이 아님.,false,false,https://my.avnet.com/wcm/connect/e9d18ef4-6a53-4f76-b6cf-d63549a0694b/AVA-Lead-Time-Guide-September-2024-EN-Document-aba24037.pdf?MOD=AJPERES,PDF p.3,분기 내 마지막 확인값 · 원 자료 축 2024-09 (발간일). 분기 평균·분기말 확정값 아님.,"2024-09 가이드의 리셋 가능 보호소자 납기는 8–26+주입니다. 일반 유통시장 보고값으로 AI 서버용 집계와 구분합니다. 상한 뒤 +는 이보다 더 길어질 수 있음을 뜻하며, 닫힌 최댓값이 아닙니다."
리셋 가능 보호소자,avnet-resettable_protection,리셋 가능 보호소자 · Avnet 발간 이력 · Avnet Abacus,weeks,2024-Q4,false,missing,0,[],,,,,,,,missing,,,false,,,이 분기에 확인된 관측이 없습니다.,,,이 분기에 확인된 관측이 없습니다.,,,,이 분기에 확인된 관측이 없습니다.,false,false,,,이 분기에 확인된 관측이 없습니다.,이 분기에 확인된 관측이 없습니다.
리셋 가능 보호소자,avnet-resettable_protection,리셋 가능 보호소자 · Avnet 발간 이력 · Avnet Abacus,weeks,2025-Q1,false,missing,0,[],,,,,,,,missing,,,false,,,이 분기에 확인된 관측이 없습니다.,,,이 분기에 확인된 관측이 없습니다.,,,,이 분기에 확인된 관측이 없습니다.,false,false,,,이 분기에 확인된 관측이 없습니다.,이 분기에 확인된 관측이 없습니다.
리셋 가능 보호소자,avnet-resettable_protection,리셋 가능 보호소자 · Avnet 발간 이력 · Avnet Abacus,weeks,2025-Q2,false,missing,0,[],,,,,,,,missing,,,false,,,이 분기에 확인된 관측이 없습니다.,,,이 분기에 확인된 관측이 없습니다.,,,,이 분기에 확인된 관측이 없습니다.,false,false,,,이 분기에 확인된 관측이 없습니다.,이 분기에 확인된 관측이 없습니다.
리셋 가능 보호소자,avnet-resettable_protection,리셋 가능 보호소자 · Avnet 발간 이력 · Avnet Abacus,weeks,2025-Q3,true,latest,1,"[""avnet-2025-07-resettable_protection""]",avnet-2025-07-resettable_protection,2025-07,발간일,2025-07,2025-07,Avnet Abacus,Avnet Abacus 일반 유통시장 · 리셋 가능 보호소자,range,8,26,true,,,바로 이전 분기 대표값 없음,0.0,,범위 하단끼리·상단끼리 비교. 변화율 구간이나 평균이 아님.,80.0,,2019-Q3,범위 하단끼리·상단끼리 비교. 변화율 구간이나 평균이 아님.,false,false,https://my.avnet.com/wcm/connect/a3326d60-174d-4224-8e1d-f2f5595919a1/AVA-Lead-Time-Guide-July-2025-EN-Document.pdf?MOD=AJPERES,PDF p.3,분기 내 마지막 확인값 · 원 자료 축 2025-07 (발간일). 분기 평균·분기말 확정값 아님.,"2025-07 가이드의 리셋 가능 보호소자 납기는 8–26+주입니다. 일반 유통시장 보고값으로 AI 서버용 집계와 구분합니다. 상한 뒤 +는 이보다 더 길어질 수 있음을 뜻하며, 닫힌 최댓값이 아닙니다."
리셋 가능 보호소자,avnet-resettable_protection,리셋 가능 보호소자 · Avnet 발간 이력 · Avnet Abacus,weeks,2025-Q4,false,missing,0,[],,,,,,,,missing,,,false,,,이 분기에 확인된 관측이 없습니다.,,,이 분기에 확인된 관측이 없습니다.,,,,이 분기에 확인된 관측이 없습니다.,false,false,,,이 분기에 확인된 관측이 없습니다.,이 분기에 확인된 관측이 없습니다.
리셋 가능 보호소자,avnet-resettable_protection,리셋 가능 보호소자 · Avnet 발간 이력 · Avnet Abacus,weeks,2026-Q1,false,missing,0,[],,,,,,,,missing,,,false,,,이 분기에 확인된 관측이 없습니다.,,,이 분기에 확인된 관측이 없습니다.,,,,이 분기에 확인된 관측이 없습니다.,false,false,,,이 분기에 확인된 관측이 없습니다.,이 분기에 확인된 관측이 없습니다.
리셋 가능 보호소자,avnet-resettable_protection,리셋 가능 보호소자 · Avnet 발간 이력 · Avnet Abacus,weeks,2026-Q2,false,missing,0,[],,,,,,,,missing,,,false,,,이 분기에 확인된 관측이 없습니다.,,,이 분기에 확인된 관측이 없습니다.,,,,이 분기에 확인된 관측이 없습니다.,false,false,,,이 분기에 확인된 관측이 없습니다.,이 분기에 확인된 관측이 없습니다.
리셋 가능 보호소자,avnet-resettable_protection,리셋 가능 보호소자 · Avnet 발간 이력 · Avnet Abacus,weeks,2026-Q3,true,latest,1,"[""avnet-2026-08-resettable_protection""]",avnet-2026-08-resettable_protection,2026-08,발간일,2026-08,2026-08,Avnet Abacus,Avnet Abacus 일반 유통시장 · 리셋 가능 보호소자,range,8,26,true,,,바로 이전 분기 대표값 없음,0.0,,범위 하단끼리·상단끼리 비교. 변화율 구간이나 평균이 아님.,80.0,,2019-Q3,범위 하단끼리·상단끼리 비교. 변화율 구간이나 평균이 아님.,false,false,https://my.avnet.com/wcm/connect/2222f00c-e4dc-4143-899c-4a892756fcc7/AVA-Lead-Time-Guide-August-2026-EN-Document.pdf?MOD=AJPERES,PDF p.3,분기 내 마지막 확인값 · 원 자료 축 2026-08 (발간일). 분기 평균·분기말 확정값 아님.,"2026-08 가이드의 리셋 가능 보호소자 납기는 8–26+주입니다. 일반 유통시장 보고값으로 AI 서버용 집계와 구분합니다. 상한 뒤 +는 이보다 더 길어질 수 있음을 뜻하며, 닫힌 최댓값이 아닙니다."
SMD 인덕터,avnet-inductor_smd,SMD 인덕터 · Avnet 발간 이력 · Avnet Abacus,weeks,2019-Q3,true,latest,1,"[""avnet-2019-09-inductor_smd""]",avnet-2019-09-inductor_smd,2019-09,발간일,2019-09,2019-09,Avnet Abacus,Avnet Abacus 일반 유통시장 · SMD 인덕터 · 평균 납기 열,range,8,80,false,,,바로 이전 분기 대표값 없음,,,전년 동기 대표값 없음 또는 제품 범위 변경,100.0,100.0,2019-Q3,범위 하단끼리·상단끼리 비교. 변화율 구간이나 평균이 아님.,false,false,https://www.avnet.com/wcm/connect/b7202770-5e3f-4369-95f9-70bf9c04defe/AVA-Lead-Time-guide-September-2019-EN-Document.pdf?MOD=AJPERES&attachment=true&id=1568983700586&id=1568983700586%3FMOD%3DAJPERES,PDF p.1 · Inductor surface mount · Average lead-time,분기 내 마지막 확인값 · 원 자료 축 2019-09 (발간일). 분기 평균·분기말 확정값 아님.,2019-09 Avnet Abacus의 SMD 인덕터는 8–80주입니다. 원문 평균 납기 열의 같은 품목명을 연결했으며 일반 유통시장 집계입니다.
SMD 인덕터,avnet-inductor_smd,SMD 인덕터 · Avnet 발간 이력 · Avnet Abacus,weeks,2019-Q4,false,missing,0,[],,,,,,,,missing,,,false,,,이 분기에 확인된 관측이 없습니다.,,,이 분기에 확인된 관측이 없습니다.,,,,이 분기에 확인된 관측이 없습니다.,false,false,,,이 분기에 확인된 관측이 없습니다.,이 분기에 확인된 관측이 없습니다.
SMD 인덕터,avnet-inductor_smd,SMD 인덕터 · Avnet 발간 이력 · Avnet Abacus,weeks,2020-Q1,false,missing,0,[],,,,,,,,missing,,,false,,,이 분기에 확인된 관측이 없습니다.,,,이 분기에 확인된 관측이 없습니다.,,,,이 분기에 확인된 관측이 없습니다.,false,false,,,이 분기에 확인된 관측이 없습니다.,이 분기에 확인된 관측이 없습니다.
SMD 인덕터,avnet-inductor_smd,SMD 인덕터 · Avnet 발간 이력 · Avnet Abacus,weeks,2020-Q2,true,latest,1,"[""avnet-2020-04-inductor_smd""]",avnet-2020-04-inductor_smd,2020-04,발간일,2020-04,2020-04,Avnet Abacus,Avnet Abacus 일반 유통시장 · SMD 인덕터 · 평균 납기 열,range,8,80,false,,,바로 이전 분기 대표값 없음,,,전년 동기 대표값 없음 또는 제품 범위 변경,100.0,100.0,2019-Q3,범위 하단끼리·상단끼리 비교. 변화율 구간이나 평균이 아님.,false,false,https://www.avnet.com/wcm/connect/101b4984-151c-4e9e-8c42-e55a2da865af/AVA-Lead-Time-guide-March-2020-EN-Document.pdf?MOD=AJPERES,PDF p.1 · Inductor surface mount · Average lead-time,분기 내 마지막 확인값 · 원 자료 축 2020-04 (발간일). 분기 평균·분기말 확정값 아님.,2020-04 Avnet Abacus의 SMD 인덕터는 8–80주입니다. 원문 평균 납기 열의 같은 품목명을 연결했으며 일반 유통시장 집계입니다.
SMD 인덕터,avnet-inductor_smd,SMD 인덕터 · Avnet 발간 이력 · Avnet Abacus,weeks,2020-Q3,false,missing,0,[],,,,,,,,missing,,,false,,,이 분기에 확인된 관측이 없습니다.,,,이 분기에 확인된 관측이 없습니다.,,,,이 분기에 확인된 관측이 없습니다.,false,false,,,이 분기에 확인된 관측이 없습니다.,이 분기에 확인된 관측이 없습니다.
SMD 인덕터,avnet-inductor_smd,SMD 인덕터 · Avnet 발간 이력 · Avnet Abacus,weeks,2020-Q4,false,missing,0,[],,,,,,,,missing,,,false,,,이 분기에 확인된 관측이 없습니다.,,,이 분기에 확인된 관측이 없습니다.,,,,이 분기에 확인된 관측이 없습니다.,false,false,,,이 분기에 확인된 관측이 없습니다.,이 분기에 확인된 관측이 없습니다.
SMD 인덕터,avnet-inductor_smd,SMD 인덕터 · Avnet 발간 이력 · Avnet Abacus,weeks,2021-Q1,false,missing,0,[],,,,,,,,missing,,,false,,,이 분기에 확인된 관측이 없습니다.,,,이 분기에 확인된 관측이 없습니다.,,,,이 분기에 확인된 관측이 없습니다.,false,false,,,이 분기에 확인된 관측이 없습니다.,이 분기에 확인된 관측이 없습니다.
SMD 인덕터,avnet-inductor_smd,SMD 인덕터 · Avnet 발간 이력 · Avnet Abacus,weeks,2021-Q2,true,latest,1,"[""avnet-2021-04-inductor_smd""]",avnet-2021-04-inductor_smd,2021-04,발간일,2021-04,2021-04,Avnet Abacus,Avnet Abacus 일반 유통시장 · SMD 인덕터 · 평균 납기 열,range,8,80,false,,,바로 이전 분기 대표값 없음,0.0,0.0,범위 하단끼리·상단끼리 비교. 변화율 구간이나 평균이 아님.,100.0,100.0,2019-Q3,범위 하단끼리·상단끼리 비교. 변화율 구간이나 평균이 아님.,false,false,https://www.avnet.com/wcm/connect/6466625f-04e6-4164-bd2e-9acdd402fc9b/AVA-Lead-Time-Guide-April-2021-EN-Document.pdf?MOD=AJPERES,PDF p.2 · Inductor surface mount · Average lead-time,분기 내 마지막 확인값 · 원 자료 축 2021-04 (발간일). 분기 평균·분기말 확정값 아님.,2021-04 Avnet Abacus의 SMD 인덕터는 8–80주입니다. 원문 평균 납기 열의 같은 품목명을 연결했으며 일반 유통시장 집계입니다.
SMD 인덕터,avnet-inductor_smd,SMD 인덕터 · Avnet 발간 이력 · Avnet Abacus,weeks,2021-Q3,true,latest,1,"[""avnet-2021-07-inductor_smd""]",avnet-2021-07-inductor_smd,2021-07,발간일,2021-07,2021-07,Avnet Abacus,Avnet Abacus 일반 유통시장 · SMD 인덕터 · 평균 납기 열,range,8,80,false,0.0,0.0,범위 하단끼리·상단끼리 비교. 변화율 구간이나 평균이 아님.,,,전년 동기 대표값 없음 또는 제품 범위 변경,100.0,100.0,2019-Q3,범위 하단끼리·상단끼리 비교. 변화율 구간이나 평균이 아님.,false,false,https://www.avnet.com/wcm/connect/677978a9-b285-4a92-a841-00c85b0cefc5/AVA-Lead-Time-Guide-July-2021-EN-Document.pdf?MOD=AJPERES,PDF p.2 · Inductor surface mount · Average lead-time,분기 내 마지막 확인값 · 원 자료 축 2021-07 (발간일). 분기 평균·분기말 확정값 아님.,2021-07 Avnet Abacus의 SMD 인덕터는 8–80주입니다. 원문 평균 납기 열의 같은 품목명을 연결했으며 일반 유통시장 집계입니다.
SMD 인덕터,avnet-inductor_smd,SMD 인덕터 · Avnet 발간 이력 · Avnet Abacus,weeks,2021-Q4,false,missing,0,[],,,,,,,,missing,,,false,,,이 분기에 확인된 관측이 없습니다.,,,이 분기에 확인된 관측이 없습니다.,,,,이 분기에 확인된 관측이 없습니다.,false,false,,,이 분기에 확인된 관측이 없습니다.,이 분기에 확인된 관측이 없습니다.
SMD 인덕터,avnet-inductor_smd,SMD 인덕터 · Avnet 발간 이력 · Avnet Abacus,weeks,2022-Q1,false,missing,0,[],,,,,,,,missing,,,false,,,이 분기에 확인된 관측이 없습니다.,,,이 분기에 확인된 관측이 없습니다.,,,,이 분기에 확인된 관측이 없습니다.,false,false,,,이 분기에 확인된 관측이 없습니다.,이 분기에 확인된 관측이 없습니다.
SMD 인덕터,avnet-inductor_smd,SMD 인덕터 · Avnet 발간 이력 · Avnet Abacus,weeks,2022-Q2,false,missing,0,[],,,,,,,,missing,,,false,,,이 분기에 확인된 관측이 없습니다.,,,이 분기에 확인된 관측이 없습니다.,,,,이 분기에 확인된 관측이 없습니다.,false,false,,,이 분기에 확인된 관측이 없습니다.,이 분기에 확인된 관측이 없습니다.
SMD 인덕터,avnet-inductor_smd,SMD 인덕터 · Avnet 발간 이력 · Avnet Abacus,weeks,2022-Q3,false,missing,0,[],,,,,,,,missing,,,false,,,이 분기에 확인된 관측이 없습니다.,,,이 분기에 확인된 관측이 없습니다.,,,,이 분기에 확인된 관측이 없습니다.,false,false,,,이 분기에 확인된 관측이 없습니다.,이 분기에 확인된 관측이 없습니다.
SMD 인덕터,avnet-inductor_smd,SMD 인덕터 · Avnet 발간 이력 · Avnet Abacus,weeks,2022-Q4,true,latest,1,"[""avnet-2022-12-inductor_smd""]",avnet-2022-12-inductor_smd,2022-12,발간일,2022-12,2022-12,Avnet Abacus,Avnet Abacus 일반 유통시장 · SMD 인덕터 · 평균 납기 열,range,8,80,false,,,바로 이전 분기 대표값 없음,,,전년 동기 대표값 없음 또는 제품 범위 변경,100.0,100.0,2019-Q3,범위 하단끼리·상단끼리 비교. 변화율 구간이나 평균이 아님.,false,false,https://www.avnet.com/wcm/connect/b496febc-6ece-4ee2-a4ae-eae91a34d9d1/AVA-Lead-Time-Guide-December-2022-EN-Document.pdf?MOD=AJPERES,PDF p.2 · Inductor surface mount · Average lead-time,분기 내 마지막 확인값 · 원 자료 축 2022-12 (발간일). 분기 평균·분기말 확정값 아님.,2022-12 Avnet Abacus의 SMD 인덕터는 8–80주입니다. 원문 평균 납기 열의 같은 품목명을 연결했으며 일반 유통시장 집계입니다.
SMD 인덕터,avnet-inductor_smd,SMD 인덕터 · Avnet 발간 이력 · Avnet Abacus,weeks,2023-Q1,false,missing,0,[],,,,,,,,missing,,,false,,,이 분기에 확인된 관측이 없습니다.,,,이 분기에 확인된 관측이 없습니다.,,,,이 분기에 확인된 관측이 없습니다.,false,false,,,이 분기에 확인된 관측이 없습니다.,이 분기에 확인된 관측이 없습니다.
SMD 인덕터,avnet-inductor_smd,SMD 인덕터 · Avnet 발간 이력 · Avnet Abacus,weeks,2023-Q2,false,missing,0,[],,,,,,,,missing,,,false,,,이 분기에 확인된 관측이 없습니다.,,,이 분기에 확인된 관측이 없습니다.,,,,이 분기에 확인된 관측이 없습니다.,false,false,,,이 분기에 확인된 관측이 없습니다.,이 분기에 확인된 관측이 없습니다.
SMD 인덕터,avnet-inductor_smd,SMD 인덕터 · Avnet 발간 이력 · Avnet Abacus,weeks,2023-Q3,false,missing,0,[],,,,,,,,missing,,,false,,,이 분기에 확인된 관측이 없습니다.,,,이 분기에 확인된 관측이 없습니다.,,,,이 분기에 확인된 관측이 없습니다.,false,false,,,이 분기에 확인된 관측이 없습니다.,이 분기에 확인된 관측이 없습니다.
SMD 인덕터,avnet-inductor_smd,SMD 인덕터 · Avnet 발간 이력 · Avnet Abacus,weeks,2023-Q4,true,latest,1,"[""avnet-2023-11-inductor_smd""]",avnet-2023-11-inductor_smd,2023-11,발간일,2023-11,2023-11,Avnet Abacus,Avnet Abacus 일반 유통시장 · SMD 인덕터 · 평균 납기 열,range,8,80,false,,,바로 이전 분기 대표값 없음,0.0,0.0,범위 하단끼리·상단끼리 비교. 변화율 구간이나 평균이 아님.,100.0,100.0,2019-Q3,범위 하단끼리·상단끼리 비교. 변화율 구간이나 평균이 아님.,false,false,https://my.avnet.com/wcm/connect/affeb8c0-65e8-46cb-84bc-15fca9dae0bd/AVA-Lead-Time-Guide-November-2022-EN-Document.pdf?MOD=AJPERES,PDF p.2 · Inductor surface mount · Average lead-time,분기 내 마지막 확인값 · 원 자료 축 2023-11 (발간일). 분기 평균·분기말 확정값 아님.,2023-11 Avnet Abacus의 SMD 인덕터는 8–80주입니다. 원문 평균 납기 열의 같은 품목명을 연결했으며 일반 유통시장 집계입니다.
SMD 인덕터,avnet-inductor_smd,SMD 인덕터 · Avnet 발간 이력 · Avnet Abacus,weeks,2024-Q1,true,latest,2,"[""avnet-2024-01-inductor_smd"", ""avnet-2024-02-inductor_smd""]",avnet-2024-02-inductor_smd,2024-02,발간일,2024-02,2024-02,Avnet Abacus,Avnet Abacus 일반 유통시장 · SMD 인덕터 · 평균 납기 열,range,8,80,false,0.0,0.0,범위 하단끼리·상단끼리 비교. 변화율 구간이나 평균이 아님.,,,전년 동기 대표값 없음 또는 제품 범위 변경,100.0,100.0,2019-Q3,범위 하단끼리·상단끼리 비교. 변화율 구간이나 평균이 아님.,false,false,https://my.avnet.com/wcm/connect/1c3e37ed-e911-4561-b888-cbea8ac78f55/AVA-Lead-Time-Guide-February-2024-EN-Document.pdf?MOD=AJPERES,PDF p.2,분기 내 마지막 확인값 · 원 자료 축 2024-02 (발간일). 분기 평균·분기말 확정값 아님.,2024-02 가이드의 SMD 인덕터 납기는 8–80주입니다. 일반 유통시장 보고값이며 AI 서버 전용 집계와 구분합니다.
SMD 인덕터,avnet-inductor_smd,SMD 인덕터 · Avnet 발간 이력 · Avnet Abacus,weeks,2024-Q2,false,missing,0,[],,,,,,,,missing,,,false,,,이 분기에 확인된 관측이 없습니다.,,,이 분기에 확인된 관측이 없습니다.,,,,이 분기에 확인된 관측이 없습니다.,false,false,,,이 분기에 확인된 관측이 없습니다.,이 분기에 확인된 관측이 없습니다.
SMD 인덕터,avnet-inductor_smd,SMD 인덕터 · Avnet 발간 이력 · Avnet Abacus,weeks,2024-Q3,true,latest,1,"[""avnet-2024-09-inductor_smd""]",avnet-2024-09-inductor_smd,2024-09,발간일,2024-09,2024-09,Avnet Abacus,Avnet Abacus 일반 유통시장 · SMD 인덕터 · 평균 납기 열,range,8,80,false,,,바로 이전 분기 대표값 없음,,,전년 동기 대표값 없음 또는 제품 범위 변경,100.0,100.0,2019-Q3,범위 하단끼리·상단끼리 비교. 변화율 구간이나 평균이 아님.,false,false,https://my.avnet.com/wcm/connect/e9d18ef4-6a53-4f76-b6cf-d63549a0694b/AVA-Lead-Time-Guide-September-2024-EN-Document-aba24037.pdf?MOD=AJPERES,PDF p.2,분기 내 마지막 확인값 · 원 자료 축 2024-09 (발간일). 분기 평균·분기말 확정값 아님.,2024-09 가이드의 SMD 인덕터 납기는 8–80주입니다. 일반 유통시장 보고값으로 AI 서버용 집계와 구분합니다.
SMD 인덕터,avnet-inductor_smd,SMD 인덕터 · Avnet 발간 이력 · Avnet Abacus,weeks,2024-Q4,false,missing,0,[],,,,,,,,missing,,,false,,,이 분기에 확인된 관측이 없습니다.,,,이 분기에 확인된 관측이 없습니다.,,,,이 분기에 확인된 관측이 없습니다.,false,false,,,이 분기에 확인된 관측이 없습니다.,이 분기에 확인된 관측이 없습니다.
SMD 인덕터,avnet-inductor_smd,SMD 인덕터 · Avnet 발간 이력 · Avnet Abacus,weeks,2025-Q1,false,missing,0,[],,,,,,,,missing,,,false,,,이 분기에 확인된 관측이 없습니다.,,,이 분기에 확인된 관측이 없습니다.,,,,이 분기에 확인된 관측이 없습니다.,false,false,,,이 분기에 확인된 관측이 없습니다.,이 분기에 확인된 관측이 없습니다.
SMD 인덕터,avnet-inductor_smd,SMD 인덕터 · Avnet 발간 이력 · Avnet Abacus,weeks,2025-Q2,false,missing,0,[],,,,,,,,missing,,,false,,,이 분기에 확인된 관측이 없습니다.,,,이 분기에 확인된 관측이 없습니다.,,,,이 분기에 확인된 관측이 없습니다.,false,false,,,이 분기에 확인된 관측이 없습니다.,이 분기에 확인된 관측이 없습니다.
SMD 인덕터,avnet-inductor_smd,SMD 인덕터 · Avnet 발간 이력 · Avnet Abacus,weeks,2025-Q3,true,latest,1,"[""avnet-2025-07-inductor_smd""]",avnet-2025-07-inductor_smd,2025-07,발간일,2025-07,2025-07,Avnet Abacus,Avnet Abacus 일반 유통시장 · SMD 인덕터 · 평균 납기 열,range,8,80,false,,,바로 이전 분기 대표값 없음,0.0,0.0,범위 하단끼리·상단끼리 비교. 변화율 구간이나 평균이 아님.,100.0,100.0,2019-Q3,범위 하단끼리·상단끼리 비교. 변화율 구간이나 평균이 아님.,false,false,https://my.avnet.com/wcm/connect/a3326d60-174d-4224-8e1d-f2f5595919a1/AVA-Lead-Time-Guide-July-2025-EN-Document.pdf?MOD=AJPERES,PDF p.2,분기 내 마지막 확인값 · 원 자료 축 2025-07 (발간일). 분기 평균·분기말 확정값 아님.,2025-07 가이드의 SMD 인덕터 납기는 8–80주입니다. 일반 유통시장 보고값으로 AI 서버용 집계와 구분합니다.
SMD 인덕터,avnet-inductor_smd,SMD 인덕터 · Avnet 발간 이력 · Avnet Abacus,weeks,2025-Q4,false,missing,0,[],,,,,,,,missing,,,false,,,이 분기에 확인된 관측이 없습니다.,,,이 분기에 확인된 관측이 없습니다.,,,,이 분기에 확인된 관측이 없습니다.,false,false,,,이 분기에 확인된 관측이 없습니다.,이 분기에 확인된 관측이 없습니다.
SMD 인덕터,avnet-inductor_smd,SMD 인덕터 · Avnet 발간 이력 · Avnet Abacus,weeks,2026-Q1,false,missing,0,[],,,,,,,,missing,,,false,,,이 분기에 확인된 관측이 없습니다.,,,이 분기에 확인된 관측이 없습니다.,,,,이 분기에 확인된 관측이 없습니다.,false,false,,,이 분기에 확인된 관측이 없습니다.,이 분기에 확인된 관측이 없습니다.
SMD 인덕터,avnet-inductor_smd,SMD 인덕터 · Avnet 발간 이력 · Avnet Abacus,weeks,2026-Q2,false,missing,0,[],,,,,,,,missing,,,false,,,이 분기에 확인된 관측이 없습니다.,,,이 분기에 확인된 관측이 없습니다.,,,,이 분기에 확인된 관측이 없습니다.,false,false,,,이 분기에 확인된 관측이 없습니다.,이 분기에 확인된 관측이 없습니다.
SMD 인덕터,avnet-inductor_smd,SMD 인덕터 · Avnet 발간 이력 · Avnet Abacus,weeks,2026-Q3,true,latest,1,"[""avnet-2026-08-inductor_smd""]",avnet-2026-08-inductor_smd,2026-08,발간일,2026-08,2026-08,Avnet Abacus,Avnet Abacus 일반 유통시장 · SMD 인덕터 · 평균 납기 열,range,8,80,false,,,바로 이전 분기 대표값 없음,0.0,0.0,범위 하단끼리·상단끼리 비교. 변화율 구간이나 평균이 아님.,100.0,100.0,2019-Q3,범위 하단끼리·상단끼리 비교. 변화율 구간이나 평균이 아님.,false,false,https://my.avnet.com/wcm/connect/2222f00c-e4dc-4143-899c-4a892756fcc7/AVA-Lead-Time-Guide-August-2026-EN-Document.pdf?MOD=AJPERES,PDF p.2,분기 내 마지막 확인값 · 원 자료 축 2026-08 (발간일). 분기 평균·분기말 확정값 아님.,2026-08 가이드의 SMD 인덕터 납기는 8–80주입니다. 일반 유통시장 보고값으로 AI 서버용 집계와 구분합니다.
리드형 인덕터,avnet-inductor_leaded,리드형 인덕터 · Avnet 발간 이력 · Avnet Abacus,weeks,2019-Q3,true,latest,1,"[""avnet-2019-09-inductor_leaded""]",avnet-2019-09-inductor_leaded,2019-09,발간일,2019-09,2019-09,Avnet Abacus,Avnet Abacus 일반 유통시장 · 리드형 인덕터 · 평균 납기 열,range,10,14,true,,,바로 이전 분기 대표값 없음,,,전년 동기 대표값 없음 또는 제품 범위 변경,100.0,,2019-Q3,범위 하단끼리·상단끼리 비교. 변화율 구간이나 평균이 아님.,false,false,https://www.avnet.com/wcm/connect/b7202770-5e3f-4369-95f9-70bf9c04defe/AVA-Lead-Time-guide-September-2019-EN-Document.pdf?MOD=AJPERES&attachment=true&id=1568983700586&id=1568983700586%3FMOD%3DAJPERES,PDF p.1 · Inductor leaded · Average lead-time,분기 내 마지막 확인값 · 원 자료 축 2019-09 (발간일). 분기 평균·분기말 확정값 아님.,2019-09 Avnet Abacus의 리드형 인덕터는 10–14+주입니다. 원문 평균 납기 열의 같은 품목명을 연결했으며 일반 유통시장 집계입니다. +는 열린 상한으로 보존했습니다.
리드형 인덕터,avnet-inductor_leaded,리드형 인덕터 · Avnet 발간 이력 · Avnet Abacus,weeks,2019-Q4,false,missing,0,[],,,,,,,,missing,,,false,,,이 분기에 확인된 관측이 없습니다.,,,이 분기에 확인된 관측이 없습니다.,,,,이 분기에 확인된 관측이 없습니다.,false,false,,,이 분기에 확인된 관측이 없습니다.,이 분기에 확인된 관측이 없습니다.
리드형 인덕터,avnet-inductor_leaded,리드형 인덕터 · Avnet 발간 이력 · Avnet Abacus,weeks,2020-Q1,false,missing,0,[],,,,,,,,missing,,,false,,,이 분기에 확인된 관측이 없습니다.,,,이 분기에 확인된 관측이 없습니다.,,,,이 분기에 확인된 관측이 없습니다.,false,false,,,이 분기에 확인된 관측이 없습니다.,이 분기에 확인된 관측이 없습니다.
리드형 인덕터,avnet-inductor_leaded,리드형 인덕터 · Avnet 발간 이력 · Avnet Abacus,weeks,2020-Q2,true,latest,1,"[""avnet-2020-04-inductor_leaded""]",avnet-2020-04-inductor_leaded,2020-04,발간일,2020-04,2020-04,Avnet Abacus,Avnet Abacus 일반 유통시장 · 리드형 인덕터 · 평균 납기 열,range,10,14,true,,,바로 이전 분기 대표값 없음,,,전년 동기 대표값 없음 또는 제품 범위 변경,100.0,,2019-Q3,범위 하단끼리·상단끼리 비교. 변화율 구간이나 평균이 아님.,false,false,https://www.avnet.com/wcm/connect/101b4984-151c-4e9e-8c42-e55a2da865af/AVA-Lead-Time-guide-March-2020-EN-Document.pdf?MOD=AJPERES,PDF p.1 · Inductor leaded · Average lead-time,분기 내 마지막 확인값 · 원 자료 축 2020-04 (발간일). 분기 평균·분기말 확정값 아님.,2020-04 Avnet Abacus의 리드형 인덕터는 10–14+주입니다. 원문 평균 납기 열의 같은 품목명을 연결했으며 일반 유통시장 집계입니다. +는 열린 상한으로 보존했습니다.
리드형 인덕터,avnet-inductor_leaded,리드형 인덕터 · Avnet 발간 이력 · Avnet Abacus,weeks,2020-Q3,false,missing,0,[],,,,,,,,missing,,,false,,,이 분기에 확인된 관측이 없습니다.,,,이 분기에 확인된 관측이 없습니다.,,,,이 분기에 확인된 관측이 없습니다.,false,false,,,이 분기에 확인된 관측이 없습니다.,이 분기에 확인된 관측이 없습니다.
리드형 인덕터,avnet-inductor_leaded,리드형 인덕터 · Avnet 발간 이력 · Avnet Abacus,weeks,2020-Q4,false,missing,0,[],,,,,,,,missing,,,false,,,이 분기에 확인된 관측이 없습니다.,,,이 분기에 확인된 관측이 없습니다.,,,,이 분기에 확인된 관측이 없습니다.,false,false,,,이 분기에 확인된 관측이 없습니다.,이 분기에 확인된 관측이 없습니다.
리드형 인덕터,avnet-inductor_leaded,리드형 인덕터 · Avnet 발간 이력 · Avnet Abacus,weeks,2021-Q1,false,missing,0,[],,,,,,,,missing,,,false,,,이 분기에 확인된 관측이 없습니다.,,,이 분기에 확인된 관측이 없습니다.,,,,이 분기에 확인된 관측이 없습니다.,false,false,,,이 분기에 확인된 관측이 없습니다.,이 분기에 확인된 관측이 없습니다.
리드형 인덕터,avnet-inductor_leaded,리드형 인덕터 · Avnet 발간 이력 · Avnet Abacus,weeks,2021-Q2,true,latest,1,"[""avnet-2021-04-inductor_leaded""]",avnet-2021-04-inductor_leaded,2021-04,발간일,2021-04,2021-04,Avnet Abacus,Avnet Abacus 일반 유통시장 · 리드형 인덕터 · 평균 납기 열,range,10,14,true,,,바로 이전 분기 대표값 없음,0.0,,범위 하단끼리·상단끼리 비교. 변화율 구간이나 평균이 아님.,100.0,,2019-Q3,범위 하단끼리·상단끼리 비교. 변화율 구간이나 평균이 아님.,false,false,https://www.avnet.com/wcm/connect/6466625f-04e6-4164-bd2e-9acdd402fc9b/AVA-Lead-Time-Guide-April-2021-EN-Document.pdf?MOD=AJPERES,PDF p.2 · Inductor leaded · Average lead-time,분기 내 마지막 확인값 · 원 자료 축 2021-04 (발간일). 분기 평균·분기말 확정값 아님.,2021-04 Avnet Abacus의 리드형 인덕터는 10–14+주입니다. 원문 평균 납기 열의 같은 품목명을 연결했으며 일반 유통시장 집계입니다. +는 열린 상한으로 보존했습니다.
리드형 인덕터,avnet-inductor_leaded,리드형 인덕터 · Avnet 발간 이력 · Avnet Abacus,weeks,2021-Q3,true,latest,1,"[""avnet-2021-07-inductor_leaded""]",avnet-2021-07-inductor_leaded,2021-07,발간일,2021-07,2021-07,Avnet Abacus,Avnet Abacus 일반 유통시장 · 리드형 인덕터 · 평균 납기 열,range,10,14,true,0.0,,범위 하단끼리·상단끼리 비교. 변화율 구간이나 평균이 아님.,,,전년 동기 대표값 없음 또는 제품 범위 변경,100.0,,2019-Q3,범위 하단끼리·상단끼리 비교. 변화율 구간이나 평균이 아님.,false,false,https://www.avnet.com/wcm/connect/677978a9-b285-4a92-a841-00c85b0cefc5/AVA-Lead-Time-Guide-July-2021-EN-Document.pdf?MOD=AJPERES,PDF p.2 · Inductor leaded · Average lead-time,분기 내 마지막 확인값 · 원 자료 축 2021-07 (발간일). 분기 평균·분기말 확정값 아님.,2021-07 Avnet Abacus의 리드형 인덕터는 10–14+주입니다. 원문 평균 납기 열의 같은 품목명을 연결했으며 일반 유통시장 집계입니다. +는 열린 상한으로 보존했습니다.
리드형 인덕터,avnet-inductor_leaded,리드형 인덕터 · Avnet 발간 이력 · Avnet Abacus,weeks,2021-Q4,false,missing,0,[],,,,,,,,missing,,,false,,,이 분기에 확인된 관측이 없습니다.,,,이 분기에 확인된 관측이 없습니다.,,,,이 분기에 확인된 관측이 없습니다.,false,false,,,이 분기에 확인된 관측이 없습니다.,이 분기에 확인된 관측이 없습니다.
리드형 인덕터,avnet-inductor_leaded,리드형 인덕터 · Avnet 발간 이력 · Avnet Abacus,weeks,2022-Q1,false,missing,0,[],,,,,,,,missing,,,false,,,이 분기에 확인된 관측이 없습니다.,,,이 분기에 확인된 관측이 없습니다.,,,,이 분기에 확인된 관측이 없습니다.,false,false,,,이 분기에 확인된 관측이 없습니다.,이 분기에 확인된 관측이 없습니다.
리드형 인덕터,avnet-inductor_leaded,리드형 인덕터 · Avnet 발간 이력 · Avnet Abacus,weeks,2022-Q2,false,missing,0,[],,,,,,,,missing,,,false,,,이 분기에 확인된 관측이 없습니다.,,,이 분기에 확인된 관측이 없습니다.,,,,이 분기에 확인된 관측이 없습니다.,false,false,,,이 분기에 확인된 관측이 없습니다.,이 분기에 확인된 관측이 없습니다.
리드형 인덕터,avnet-inductor_leaded,리드형 인덕터 · Avnet 발간 이력 · Avnet Abacus,weeks,2022-Q3,false,missing,0,[],,,,,,,,missing,,,false,,,이 분기에 확인된 관측이 없습니다.,,,이 분기에 확인된 관측이 없습니다.,,,,이 분기에 확인된 관측이 없습니다.,false,false,,,이 분기에 확인된 관측이 없습니다.,이 분기에 확인된 관측이 없습니다.
리드형 인덕터,avnet-inductor_leaded,리드형 인덕터 · Avnet 발간 이력 · Avnet Abacus,weeks,2022-Q4,true,latest,1,"[""avnet-2022-12-inductor_leaded""]",avnet-2022-12-inductor_leaded,2022-12,발간일,2022-12,2022-12,Avnet Abacus,Avnet Abacus 일반 유통시장 · 리드형 인덕터 · 평균 납기 열,range,10,14,true,,,바로 이전 분기 대표값 없음,,,전년 동기 대표값 없음 또는 제품 범위 변경,100.0,,2019-Q3,범위 하단끼리·상단끼리 비교. 변화율 구간이나 평균이 아님.,false,false,https://www.avnet.com/wcm/connect/b496febc-6ece-4ee2-a4ae-eae91a34d9d1/AVA-Lead-Time-Guide-December-2022-EN-Document.pdf?MOD=AJPERES,PDF p.2 · Inductor leaded · Average lead-time,분기 내 마지막 확인값 · 원 자료 축 2022-12 (발간일). 분기 평균·분기말 확정값 아님.,2022-12 Avnet Abacus의 리드형 인덕터는 10–14+주입니다. 원문 평균 납기 열의 같은 품목명을 연결했으며 일반 유통시장 집계입니다. +는 열린 상한으로 보존했습니다.
리드형 인덕터,avnet-inductor_leaded,리드형 인덕터 · Avnet 발간 이력 · Avnet Abacus,weeks,2023-Q1,false,missing,0,[],,,,,,,,missing,,,false,,,이 분기에 확인된 관측이 없습니다.,,,이 분기에 확인된 관측이 없습니다.,,,,이 분기에 확인된 관측이 없습니다.,false,false,,,이 분기에 확인된 관측이 없습니다.,이 분기에 확인된 관측이 없습니다.
리드형 인덕터,avnet-inductor_leaded,리드형 인덕터 · Avnet 발간 이력 · Avnet Abacus,weeks,2023-Q2,false,missing,0,[],,,,,,,,missing,,,false,,,이 분기에 확인된 관측이 없습니다.,,,이 분기에 확인된 관측이 없습니다.,,,,이 분기에 확인된 관측이 없습니다.,false,false,,,이 분기에 확인된 관측이 없습니다.,이 분기에 확인된 관측이 없습니다.
리드형 인덕터,avnet-inductor_leaded,리드형 인덕터 · Avnet 발간 이력 · Avnet Abacus,weeks,2023-Q3,false,missing,0,[],,,,,,,,missing,,,false,,,이 분기에 확인된 관측이 없습니다.,,,이 분기에 확인된 관측이 없습니다.,,,,이 분기에 확인된 관측이 없습니다.,false,false,,,이 분기에 확인된 관측이 없습니다.,이 분기에 확인된 관측이 없습니다.
리드형 인덕터,avnet-inductor_leaded,리드형 인덕터 · Avnet 발간 이력 · Avnet Abacus,weeks,2023-Q4,true,latest,1,"[""avnet-2023-11-inductor_leaded""]",avnet-2023-11-inductor_leaded,2023-11,발간일,2023-11,2023-11,Avnet Abacus,Avnet Abacus 일반 유통시장 · 리드형 인덕터 · 평균 납기 열,range,10,14,true,,,바로 이전 분기 대표값 없음,0.0,,범위 하단끼리·상단끼리 비교. 변화율 구간이나 평균이 아님.,100.0,,2019-Q3,범위 하단끼리·상단끼리 비교. 변화율 구간이나 평균이 아님.,false,false,https://my.avnet.com/wcm/connect/affeb8c0-65e8-46cb-84bc-15fca9dae0bd/AVA-Lead-Time-Guide-November-2022-EN-Document.pdf?MOD=AJPERES,PDF p.2 · Inductor leaded · Average lead-time,분기 내 마지막 확인값 · 원 자료 축 2023-11 (발간일). 분기 평균·분기말 확정값 아님.,2023-11 Avnet Abacus의 리드형 인덕터는 10–14+주입니다. 원문 평균 납기 열의 같은 품목명을 연결했으며 일반 유통시장 집계입니다. +는 열린 상한으로 보존했습니다.
리드형 인덕터,avnet-inductor_leaded,리드형 인덕터 · Avnet 발간 이력 · Avnet Abacus,weeks,2024-Q1,true,latest,2,"[""avnet-2024-01-inductor_leaded"", ""avnet-2024-02-inductor_leaded""]",avnet-2024-02-inductor_leaded,2024-02,발간일,2024-02,2024-02,Avnet Abacus,Avnet Abacus 일반 유통시장 · 리드형 인덕터 · 평균 납기 열,range,10,14,true,0.0,,범위 하단끼리·상단끼리 비교. 변화율 구간이나 평균이 아님.,,,전년 동기 대표값 없음 또는 제품 범위 변경,100.0,,2019-Q3,범위 하단끼리·상단끼리 비교. 변화율 구간이나 평균이 아님.,false,false,https://my.avnet.com/wcm/connect/1c3e37ed-e911-4561-b888-cbea8ac78f55/AVA-Lead-Time-Guide-February-2024-EN-Document.pdf?MOD=AJPERES,PDF p.2,분기 내 마지막 확인값 · 원 자료 축 2024-02 (발간일). 분기 평균·분기말 확정값 아님.,2024-02 가이드의 리드형 인덕터 납기는 10–14+주입니다. 일반 유통시장 보고값이며 AI 서버 전용 집계와 구분합니다. 상한 뒤 +는 더 긴 납기가 가능함을 뜻합니다.
리드형 인덕터,avnet-inductor_leaded,리드형 인덕터 · Avnet 발간 이력 · Avnet Abacus,weeks,2024-Q2,false,missing,0,[],,,,,,,,missing,,,false,,,이 분기에 확인된 관측이 없습니다.,,,이 분기에 확인된 관측이 없습니다.,,,,이 분기에 확인된 관측이 없습니다.,false,false,,,이 분기에 확인된 관측이 없습니다.,이 분기에 확인된 관측이 없습니다.
리드형 인덕터,avnet-inductor_leaded,리드형 인덕터 · Avnet 발간 이력 · Avnet Abacus,weeks,2024-Q3,true,latest,1,"[""avnet-2024-09-inductor_leaded""]",avnet-2024-09-inductor_leaded,2024-09,발간일,2024-09,2024-09,Avnet Abacus,Avnet Abacus 일반 유통시장 · 리드형 인덕터 · 평균 납기 열,range,10,14,true,,,바로 이전 분기 대표값 없음,,,전년 동기 대표값 없음 또는 제품 범위 변경,100.0,,2019-Q3,범위 하단끼리·상단끼리 비교. 변화율 구간이나 평균이 아님.,false,false,https://my.avnet.com/wcm/connect/e9d18ef4-6a53-4f76-b6cf-d63549a0694b/AVA-Lead-Time-Guide-September-2024-EN-Document-aba24037.pdf?MOD=AJPERES,PDF p.2,분기 내 마지막 확인값 · 원 자료 축 2024-09 (발간일). 분기 평균·분기말 확정값 아님.,"2024-09 가이드의 리드형 인덕터 납기는 10–14+주입니다. 일반 유통시장 보고값으로 AI 서버용 집계와 구분합니다. 상한 뒤 +는 이보다 더 길어질 수 있음을 뜻하며, 닫힌 최댓값이 아닙니다."
리드형 인덕터,avnet-inductor_leaded,리드형 인덕터 · Avnet 발간 이력 · Avnet Abacus,weeks,2024-Q4,false,missing,0,[],,,,,,,,missing,,,false,,,이 분기에 확인된 관측이 없습니다.,,,이 분기에 확인된 관측이 없습니다.,,,,이 분기에 확인된 관측이 없습니다.,false,false,,,이 분기에 확인된 관측이 없습니다.,이 분기에 확인된 관측이 없습니다.
리드형 인덕터,avnet-inductor_leaded,리드형 인덕터 · Avnet 발간 이력 · Avnet Abacus,weeks,2025-Q1,false,missing,0,[],,,,,,,,missing,,,false,,,이 분기에 확인된 관측이 없습니다.,,,이 분기에 확인된 관측이 없습니다.,,,,이 분기에 확인된 관측이 없습니다.,false,false,,,이 분기에 확인된 관측이 없습니다.,이 분기에 확인된 관측이 없습니다.
리드형 인덕터,avnet-inductor_leaded,리드형 인덕터 · Avnet 발간 이력 · Avnet Abacus,weeks,2025-Q2,false,missing,0,[],,,,,,,,missing,,,false,,,이 분기에 확인된 관측이 없습니다.,,,이 분기에 확인된 관측이 없습니다.,,,,이 분기에 확인된 관측이 없습니다.,false,false,,,이 분기에 확인된 관측이 없습니다.,이 분기에 확인된 관측이 없습니다.
리드형 인덕터,avnet-inductor_leaded,리드형 인덕터 · Avnet 발간 이력 · Avnet Abacus,weeks,2025-Q3,true,latest,1,"[""avnet-2025-07-inductor_leaded""]",avnet-2025-07-inductor_leaded,2025-07,발간일,2025-07,2025-07,Avnet Abacus,Avnet Abacus 일반 유통시장 · 리드형 인덕터 · 평균 납기 열,range,10,14,true,,,바로 이전 분기 대표값 없음,0.0,,범위 하단끼리·상단끼리 비교. 변화율 구간이나 평균이 아님.,100.0,,2019-Q3,범위 하단끼리·상단끼리 비교. 변화율 구간이나 평균이 아님.,false,false,https://my.avnet.com/wcm/connect/a3326d60-174d-4224-8e1d-f2f5595919a1/AVA-Lead-Time-Guide-July-2025-EN-Document.pdf?MOD=AJPERES,PDF p.2,분기 내 마지막 확인값 · 원 자료 축 2025-07 (발간일). 분기 평균·분기말 확정값 아님.,"2025-07 가이드의 리드형 인덕터 납기는 10–14+주입니다. 일반 유통시장 보고값으로 AI 서버용 집계와 구분합니다. 상한 뒤 +는 이보다 더 길어질 수 있음을 뜻하며, 닫힌 최댓값이 아닙니다."
리드형 인덕터,avnet-inductor_leaded,리드형 인덕터 · Avnet 발간 이력 · Avnet Abacus,weeks,2025-Q4,false,missing,0,[],,,,,,,,missing,,,false,,,이 분기에 확인된 관측이 없습니다.,,,이 분기에 확인된 관측이 없습니다.,,,,이 분기에 확인된 관측이 없습니다.,false,false,,,이 분기에 확인된 관측이 없습니다.,이 분기에 확인된 관측이 없습니다.
리드형 인덕터,avnet-inductor_leaded,리드형 인덕터 · Avnet 발간 이력 · Avnet Abacus,weeks,2026-Q1,false,missing,0,[],,,,,,,,missing,,,false,,,이 분기에 확인된 관측이 없습니다.,,,이 분기에 확인된 관측이 없습니다.,,,,이 분기에 확인된 관측이 없습니다.,false,false,,,이 분기에 확인된 관측이 없습니다.,이 분기에 확인된 관측이 없습니다.
리드형 인덕터,avnet-inductor_leaded,리드형 인덕터 · Avnet 발간 이력 · Avnet Abacus,weeks,2026-Q2,false,missing,0,[],,,,,,,,missing,,,false,,,이 분기에 확인된 관측이 없습니다.,,,이 분기에 확인된 관측이 없습니다.,,,,이 분기에 확인된 관측이 없습니다.,false,false,,,이 분기에 확인된 관측이 없습니다.,이 분기에 확인된 관측이 없습니다.
리드형 인덕터,avnet-inductor_leaded,리드형 인덕터 · Avnet 발간 이력 · Avnet Abacus,weeks,2026-Q3,true,latest,1,"[""avnet-2026-08-inductor_leaded""]",avnet-2026-08-inductor_leaded,2026-08,발간일,2026-08,2026-08,Avnet Abacus,Avnet Abacus 일반 유통시장 · 리드형 인덕터 · 평균 납기 열,range,10,14,true,,,바로 이전 분기 대표값 없음,0.0,,범위 하단끼리·상단끼리 비교. 변화율 구간이나 평균이 아님.,100.0,,2019-Q3,범위 하단끼리·상단끼리 비교. 변화율 구간이나 평균이 아님.,false,false,https://my.avnet.com/wcm/connect/2222f00c-e4dc-4143-899c-4a892756fcc7/AVA-Lead-Time-Guide-August-2026-EN-Document.pdf?MOD=AJPERES,PDF p.2,분기 내 마지막 확인값 · 원 자료 축 2026-08 (발간일). 분기 평균·분기말 확정값 아님.,"2026-08 가이드의 리드형 인덕터 납기는 10–14+주입니다. 일반 유통시장 보고값으로 AI 서버용 집계와 구분합니다. 상한 뒤 +는 이보다 더 길어질 수 있음을 뜻하며, 닫힌 최댓값이 아닙니다."
공통 모드 초크,avnet-common_mode_choke,공통 모드 초크 · Avnet 발간 이력 · Avnet Abacus,weeks,2019-Q3,true,latest,1,"[""avnet-2019-09-common_mode_choke""]",avnet-2019-09-common_mode_choke,2019-09,발간일,2019-09,2019-09,Avnet Abacus,Avnet Abacus 일반 유통시장 · 공통 모드 초크 · 평균 납기 열,range,10,30,false,,,바로 이전 분기 대표값 없음,,,전년 동기 대표값 없음 또는 제품 범위 변경,100.0,100.0,2019-Q3,범위 하단끼리·상단끼리 비교. 변화율 구간이나 평균이 아님.,false,false,https://www.avnet.com/wcm/connect/b7202770-5e3f-4369-95f9-70bf9c04defe/AVA-Lead-Time-guide-September-2019-EN-Document.pdf?MOD=AJPERES&attachment=true&id=1568983700586&id=1568983700586%3FMOD%3DAJPERES,PDF p.1 · Common mode chokes · Average lead-time,분기 내 마지막 확인값 · 원 자료 축 2019-09 (발간일). 분기 평균·분기말 확정값 아님.,2019-09 Avnet Abacus의 공통 모드 초크는 10–30주입니다. 원문 평균 납기 열의 같은 품목명을 연결했으며 일반 유통시장 집계입니다.
공통 모드 초크,avnet-common_mode_choke,공통 모드 초크 · Avnet 발간 이력 · Avnet Abacus,weeks,2019-Q4,false,missing,0,[],,,,,,,,missing,,,false,,,이 분기에 확인된 관측이 없습니다.,,,이 분기에 확인된 관측이 없습니다.,,,,이 분기에 확인된 관측이 없습니다.,false,false,,,이 분기에 확인된 관측이 없습니다.,이 분기에 확인된 관측이 없습니다.
공통 모드 초크,avnet-common_mode_choke,공통 모드 초크 · Avnet 발간 이력 · Avnet Abacus,weeks,2020-Q1,false,missing,0,[],,,,,,,,missing,,,false,,,이 분기에 확인된 관측이 없습니다.,,,이 분기에 확인된 관측이 없습니다.,,,,이 분기에 확인된 관측이 없습니다.,false,false,,,이 분기에 확인된 관측이 없습니다.,이 분기에 확인된 관측이 없습니다.
공통 모드 초크,avnet-common_mode_choke,공통 모드 초크 · Avnet 발간 이력 · Avnet Abacus,weeks,2020-Q2,true,latest,1,"[""avnet-2020-04-common_mode_choke""]",avnet-2020-04-common_mode_choke,2020-04,발간일,2020-04,2020-04,Avnet Abacus,Avnet Abacus 일반 유통시장 · 공통 모드 초크 · 평균 납기 열,range,10,30,false,,,바로 이전 분기 대표값 없음,,,전년 동기 대표값 없음 또는 제품 범위 변경,100.0,100.0,2019-Q3,범위 하단끼리·상단끼리 비교. 변화율 구간이나 평균이 아님.,false,false,https://www.avnet.com/wcm/connect/101b4984-151c-4e9e-8c42-e55a2da865af/AVA-Lead-Time-guide-March-2020-EN-Document.pdf?MOD=AJPERES,PDF p.1 · Common mode chokes · Average lead-time,분기 내 마지막 확인값 · 원 자료 축 2020-04 (발간일). 분기 평균·분기말 확정값 아님.,2020-04 Avnet Abacus의 공통 모드 초크는 10–30주입니다. 원문 평균 납기 열의 같은 품목명을 연결했으며 일반 유통시장 집계입니다.
공통 모드 초크,avnet-common_mode_choke,공통 모드 초크 · Avnet 발간 이력 · Avnet Abacus,weeks,2020-Q3,false,missing,0,[],,,,,,,,missing,,,false,,,이 분기에 확인된 관측이 없습니다.,,,이 분기에 확인된 관측이 없습니다.,,,,이 분기에 확인된 관측이 없습니다.,false,false,,,이 분기에 확인된 관측이 없습니다.,이 분기에 확인된 관측이 없습니다.
공통 모드 초크,avnet-common_mode_choke,공통 모드 초크 · Avnet 발간 이력 · Avnet Abacus,weeks,2020-Q4,false,missing,0,[],,,,,,,,missing,,,false,,,이 분기에 확인된 관측이 없습니다.,,,이 분기에 확인된 관측이 없습니다.,,,,이 분기에 확인된 관측이 없습니다.,false,false,,,이 분기에 확인된 관측이 없습니다.,이 분기에 확인된 관측이 없습니다.
공통 모드 초크,avnet-common_mode_choke,공통 모드 초크 · Avnet 발간 이력 · Avnet Abacus,weeks,2021-Q1,false,missing,0,[],,,,,,,,missing,,,false,,,이 분기에 확인된 관측이 없습니다.,,,이 분기에 확인된 관측이 없습니다.,,,,이 분기에 확인된 관측이 없습니다.,false,false,,,이 분기에 확인된 관측이 없습니다.,이 분기에 확인된 관측이 없습니다.
공통 모드 초크,avnet-common_mode_choke,공통 모드 초크 · Avnet 발간 이력 · Avnet Abacus,weeks,2021-Q2,true,latest,1,"[""avnet-2021-04-common_mode_choke""]",avnet-2021-04-common_mode_choke,2021-04,발간일,2021-04,2021-04,Avnet Abacus,Avnet Abacus 일반 유통시장 · 공통 모드 초크 · 평균 납기 열,range,10,30,false,,,바로 이전 분기 대표값 없음,0.0,0.0,범위 하단끼리·상단끼리 비교. 변화율 구간이나 평균이 아님.,100.0,100.0,2019-Q3,범위 하단끼리·상단끼리 비교. 변화율 구간이나 평균이 아님.,false,false,https://www.avnet.com/wcm/connect/6466625f-04e6-4164-bd2e-9acdd402fc9b/AVA-Lead-Time-Guide-April-2021-EN-Document.pdf?MOD=AJPERES,PDF p.2 · Common mode chokes · Average lead-time,분기 내 마지막 확인값 · 원 자료 축 2021-04 (발간일). 분기 평균·분기말 확정값 아님.,2021-04 Avnet Abacus의 공통 모드 초크는 10–30주입니다. 원문 평균 납기 열의 같은 품목명을 연결했으며 일반 유통시장 집계입니다.
공통 모드 초크,avnet-common_mode_choke,공통 모드 초크 · Avnet 발간 이력 · Avnet Abacus,weeks,2021-Q3,true,latest,1,"[""avnet-2021-07-common_mode_choke""]",avnet-2021-07-common_mode_choke,2021-07,발간일,2021-07,2021-07,Avnet Abacus,Avnet Abacus 일반 유통시장 · 공통 모드 초크 · 평균 납기 열,range,10,30,false,0.0,0.0,범위 하단끼리·상단끼리 비교. 변화율 구간이나 평균이 아님.,,,전년 동기 대표값 없음 또는 제품 범위 변경,100.0,100.0,2019-Q3,범위 하단끼리·상단끼리 비교. 변화율 구간이나 평균이 아님.,false,false,https://www.avnet.com/wcm/connect/677978a9-b285-4a92-a841-00c85b0cefc5/AVA-Lead-Time-Guide-July-2021-EN-Document.pdf?MOD=AJPERES,PDF p.2 · Common mode chokes · Average lead-time,분기 내 마지막 확인값 · 원 자료 축 2021-07 (발간일). 분기 평균·분기말 확정값 아님.,2021-07 Avnet Abacus의 공통 모드 초크는 10–30주입니다. 원문 평균 납기 열의 같은 품목명을 연결했으며 일반 유통시장 집계입니다.
공통 모드 초크,avnet-common_mode_choke,공통 모드 초크 · Avnet 발간 이력 · Avnet Abacus,weeks,2021-Q4,false,missing,0,[],,,,,,,,missing,,,false,,,이 분기에 확인된 관측이 없습니다.,,,이 분기에 확인된 관측이 없습니다.,,,,이 분기에 확인된 관측이 없습니다.,false,false,,,이 분기에 확인된 관측이 없습니다.,이 분기에 확인된 관측이 없습니다.
공통 모드 초크,avnet-common_mode_choke,공통 모드 초크 · Avnet 발간 이력 · Avnet Abacus,weeks,2022-Q1,false,missing,0,[],,,,,,,,missing,,,false,,,이 분기에 확인된 관측이 없습니다.,,,이 분기에 확인된 관측이 없습니다.,,,,이 분기에 확인된 관측이 없습니다.,false,false,,,이 분기에 확인된 관측이 없습니다.,이 분기에 확인된 관측이 없습니다.
공통 모드 초크,avnet-common_mode_choke,공통 모드 초크 · Avnet 발간 이력 · Avnet Abacus,weeks,2022-Q2,false,missing,0,[],,,,,,,,missing,,,false,,,이 분기에 확인된 관측이 없습니다.,,,이 분기에 확인된 관측이 없습니다.,,,,이 분기에 확인된 관측이 없습니다.,false,false,,,이 분기에 확인된 관측이 없습니다.,이 분기에 확인된 관측이 없습니다.
공통 모드 초크,avnet-common_mode_choke,공통 모드 초크 · Avnet 발간 이력 · Avnet Abacus,weeks,2022-Q3,false,missing,0,[],,,,,,,,missing,,,false,,,이 분기에 확인된 관측이 없습니다.,,,이 분기에 확인된 관측이 없습니다.,,,,이 분기에 확인된 관측이 없습니다.,false,false,,,이 분기에 확인된 관측이 없습니다.,이 분기에 확인된 관측이 없습니다.
공통 모드 초크,avnet-common_mode_choke,공통 모드 초크 · Avnet 발간 이력 · Avnet Abacus,weeks,2022-Q4,true,latest,1,"[""avnet-2022-12-common_mode_choke""]",avnet-2022-12-common_mode_choke,2022-12,발간일,2022-12,2022-12,Avnet Abacus,Avnet Abacus 일반 유통시장 · 공통 모드 초크 · 평균 납기 열,range,10,30,false,,,바로 이전 분기 대표값 없음,,,전년 동기 대표값 없음 또는 제품 범위 변경,100.0,100.0,2019-Q3,범위 하단끼리·상단끼리 비교. 변화율 구간이나 평균이 아님.,false,false,https://www.avnet.com/wcm/connect/b496febc-6ece-4ee2-a4ae-eae91a34d9d1/AVA-Lead-Time-Guide-December-2022-EN-Document.pdf?MOD=AJPERES,PDF p.2 · Common mode chokes · Average lead-time,분기 내 마지막 확인값 · 원 자료 축 2022-12 (발간일). 분기 평균·분기말 확정값 아님.,2022-12 Avnet Abacus의 공통 모드 초크는 10–30주입니다. 원문 평균 납기 열의 같은 품목명을 연결했으며 일반 유통시장 집계입니다.
공통 모드 초크,avnet-common_mode_choke,공통 모드 초크 · Avnet 발간 이력 · Avnet Abacus,weeks,2023-Q1,false,missing,0,[],,,,,,,,missing,,,false,,,이 분기에 확인된 관측이 없습니다.,,,이 분기에 확인된 관측이 없습니다.,,,,이 분기에 확인된 관측이 없습니다.,false,false,,,이 분기에 확인된 관측이 없습니다.,이 분기에 확인된 관측이 없습니다.
공통 모드 초크,avnet-common_mode_choke,공통 모드 초크 · Avnet 발간 이력 · Avnet Abacus,weeks,2023-Q2,false,missing,0,[],,,,,,,,missing,,,false,,,이 분기에 확인된 관측이 없습니다.,,,이 분기에 확인된 관측이 없습니다.,,,,이 분기에 확인된 관측이 없습니다.,false,false,,,이 분기에 확인된 관측이 없습니다.,이 분기에 확인된 관측이 없습니다.
공통 모드 초크,avnet-common_mode_choke,공통 모드 초크 · Avnet 발간 이력 · Avnet Abacus,weeks,2023-Q3,false,missing,0,[],,,,,,,,missing,,,false,,,이 분기에 확인된 관측이 없습니다.,,,이 분기에 확인된 관측이 없습니다.,,,,이 분기에 확인된 관측이 없습니다.,false,false,,,이 분기에 확인된 관측이 없습니다.,이 분기에 확인된 관측이 없습니다.
공통 모드 초크,avnet-common_mode_choke,공통 모드 초크 · Avnet 발간 이력 · Avnet Abacus,weeks,2023-Q4,true,latest,1,"[""avnet-2023-11-common_mode_choke""]",avnet-2023-11-common_mode_choke,2023-11,발간일,2023-11,2023-11,Avnet Abacus,Avnet Abacus 일반 유통시장 · 공통 모드 초크 · 평균 납기 열,range,10,30,false,,,바로 이전 분기 대표값 없음,0.0,0.0,범위 하단끼리·상단끼리 비교. 변화율 구간이나 평균이 아님.,100.0,100.0,2019-Q3,범위 하단끼리·상단끼리 비교. 변화율 구간이나 평균이 아님.,false,false,https://my.avnet.com/wcm/connect/affeb8c0-65e8-46cb-84bc-15fca9dae0bd/AVA-Lead-Time-Guide-November-2022-EN-Document.pdf?MOD=AJPERES,PDF p.2 · Common mode chokes · Average lead-time,분기 내 마지막 확인값 · 원 자료 축 2023-11 (발간일). 분기 평균·분기말 확정값 아님.,2023-11 Avnet Abacus의 공통 모드 초크는 10–30주입니다. 원문 평균 납기 열의 같은 품목명을 연결했으며 일반 유통시장 집계입니다.
공통 모드 초크,avnet-common_mode_choke,공통 모드 초크 · Avnet 발간 이력 · Avnet Abacus,weeks,2024-Q1,true,latest,2,"[""avnet-2024-01-common_mode_choke"", ""avnet-2024-02-common_mode_choke""]",avnet-2024-02-common_mode_choke,2024-02,발간일,2024-02,2024-02,Avnet Abacus,Avnet Abacus 일반 유통시장 · 공통 모드 초크 · 평균 납기 열,range,10,30,false,0.0,0.0,범위 하단끼리·상단끼리 비교. 변화율 구간이나 평균이 아님.,,,전년 동기 대표값 없음 또는 제품 범위 변경,100.0,100.0,2019-Q3,범위 하단끼리·상단끼리 비교. 변화율 구간이나 평균이 아님.,false,false,https://my.avnet.com/wcm/connect/1c3e37ed-e911-4561-b888-cbea8ac78f55/AVA-Lead-Time-Guide-February-2024-EN-Document.pdf?MOD=AJPERES,PDF p.2,분기 내 마지막 확인값 · 원 자료 축 2024-02 (발간일). 분기 평균·분기말 확정값 아님.,2024-02 가이드의 공통 모드 초크 납기는 10–30주입니다. 일반 유통시장 보고값이며 AI 서버 전용 집계와 구분합니다.
공통 모드 초크,avnet-common_mode_choke,공통 모드 초크 · Avnet 발간 이력 · Avnet Abacus,weeks,2024-Q2,false,missing,0,[],,,,,,,,missing,,,false,,,이 분기에 확인된 관측이 없습니다.,,,이 분기에 확인된 관측이 없습니다.,,,,이 분기에 확인된 관측이 없습니다.,false,false,,,이 분기에 확인된 관측이 없습니다.,이 분기에 확인된 관측이 없습니다.
공통 모드 초크,avnet-common_mode_choke,공통 모드 초크 · Avnet 발간 이력 · Avnet Abacus,weeks,2024-Q3,true,latest,1,"[""avnet-2024-09-common_mode_choke""]",avnet-2024-09-common_mode_choke,2024-09,발간일,2024-09,2024-09,Avnet Abacus,Avnet Abacus 일반 유통시장 · 공통 모드 초크 · 평균 납기 열,range,10,30,false,,,바로 이전 분기 대표값 없음,,,전년 동기 대표값 없음 또는 제품 범위 변경,100.0,100.0,2019-Q3,범위 하단끼리·상단끼리 비교. 변화율 구간이나 평균이 아님.,false,false,https://my.avnet.com/wcm/connect/e9d18ef4-6a53-4f76-b6cf-d63549a0694b/AVA-Lead-Time-Guide-September-2024-EN-Document-aba24037.pdf?MOD=AJPERES,PDF p.2,분기 내 마지막 확인값 · 원 자료 축 2024-09 (발간일). 분기 평균·분기말 확정값 아님.,2024-09 가이드의 공통 모드 초크 납기는 10–30주입니다. 일반 유통시장 보고값으로 AI 서버용 집계와 구분합니다.
공통 모드 초크,avnet-common_mode_choke,공통 모드 초크 · Avnet 발간 이력 · Avnet Abacus,weeks,2024-Q4,false,missing,0,[],,,,,,,,missing,,,false,,,이 분기에 확인된 관측이 없습니다.,,,이 분기에 확인된 관측이 없습니다.,,,,이 분기에 확인된 관측이 없습니다.,false,false,,,이 분기에 확인된 관측이 없습니다.,이 분기에 확인된 관측이 없습니다.
공통 모드 초크,avnet-common_mode_choke,공통 모드 초크 · Avnet 발간 이력 · Avnet Abacus,weeks,2025-Q1,false,missing,0,[],,,,,,,,missing,,,false,,,이 분기에 확인된 관측이 없습니다.,,,이 분기에 확인된 관측이 없습니다.,,,,이 분기에 확인된 관측이 없습니다.,false,false,,,이 분기에 확인된 관측이 없습니다.,이 분기에 확인된 관측이 없습니다.
공통 모드 초크,avnet-common_mode_choke,공통 모드 초크 · Avnet 발간 이력 · Avnet Abacus,weeks,2025-Q2,false,missing,0,[],,,,,,,,missing,,,false,,,이 분기에 확인된 관측이 없습니다.,,,이 분기에 확인된 관측이 없습니다.,,,,이 분기에 확인된 관측이 없습니다.,false,false,,,이 분기에 확인된 관측이 없습니다.,이 분기에 확인된 관측이 없습니다.
공통 모드 초크,avnet-common_mode_choke,공통 모드 초크 · Avnet 발간 이력 · Avnet Abacus,weeks,2025-Q3,true,latest,1,"[""avnet-2025-07-common_mode_choke""]",avnet-2025-07-common_mode_choke,2025-07,발간일,2025-07,2025-07,Avnet Abacus,Avnet Abacus 일반 유통시장 · 공통 모드 초크 · 평균 납기 열,range,10,30,false,,,바로 이전 분기 대표값 없음,0.0,0.0,범위 하단끼리·상단끼리 비교. 변화율 구간이나 평균이 아님.,100.0,100.0,2019-Q3,범위 하단끼리·상단끼리 비교. 변화율 구간이나 평균이 아님.,false,false,https://my.avnet.com/wcm/connect/a3326d60-174d-4224-8e1d-f2f5595919a1/AVA-Lead-Time-Guide-July-2025-EN-Document.pdf?MOD=AJPERES,PDF p.2,분기 내 마지막 확인값 · 원 자료 축 2025-07 (발간일). 분기 평균·분기말 확정값 아님.,2025-07 가이드의 공통 모드 초크 납기는 10–30주입니다. 일반 유통시장 보고값으로 AI 서버용 집계와 구분합니다.
공통 모드 초크,avnet-common_mode_choke,공통 모드 초크 · Avnet 발간 이력 · Avnet Abacus,weeks,2025-Q4,false,missing,0,[],,,,,,,,missing,,,false,,,이 분기에 확인된 관측이 없습니다.,,,이 분기에 확인된 관측이 없습니다.,,,,이 분기에 확인된 관측이 없습니다.,false,false,,,이 분기에 확인된 관측이 없습니다.,이 분기에 확인된 관측이 없습니다.
공통 모드 초크,avnet-common_mode_choke,공통 모드 초크 · Avnet 발간 이력 · Avnet Abacus,weeks,2026-Q1,false,missing,0,[],,,,,,,,missing,,,false,,,이 분기에 확인된 관측이 없습니다.,,,이 분기에 확인된 관측이 없습니다.,,,,이 분기에 확인된 관측이 없습니다.,false,false,,,이 분기에 확인된 관측이 없습니다.,이 분기에 확인된 관측이 없습니다.
공통 모드 초크,avnet-common_mode_choke,공통 모드 초크 · Avnet 발간 이력 · Avnet Abacus,weeks,2026-Q2,false,missing,0,[],,,,,,,,missing,,,false,,,이 분기에 확인된 관측이 없습니다.,,,이 분기에 확인된 관측이 없습니다.,,,,이 분기에 확인된 관측이 없습니다.,false,false,,,이 분기에 확인된 관측이 없습니다.,이 분기에 확인된 관측이 없습니다.
공통 모드 초크,avnet-common_mode_choke,공통 모드 초크 · Avnet 발간 이력 · Avnet Abacus,weeks,2026-Q3,true,latest,1,"[""avnet-2026-08-common_mode_choke""]",avnet-2026-08-common_mode_choke,2026-08,발간일,2026-08,2026-08,Avnet Abacus,Avnet Abacus 일반 유통시장 · 공통 모드 초크 · 평균 납기 열,range,10,30,false,,,바로 이전 분기 대표값 없음,0.0,0.0,범위 하단끼리·상단끼리 비교. 변화율 구간이나 평균이 아님.,100.0,100.0,2019-Q3,범위 하단끼리·상단끼리 비교. 변화율 구간이나 평균이 아님.,false,false,https://my.avnet.com/wcm/connect/2222f00c-e4dc-4143-899c-4a892756fcc7/AVA-Lead-Time-Guide-August-2026-EN-Document.pdf?MOD=AJPERES,PDF p.2,분기 내 마지막 확인값 · 원 자료 축 2026-08 (발간일). 분기 평균·분기말 확정값 아님.,2026-08 가이드의 공통 모드 초크 납기는 10–30주입니다. 일반 유통시장 보고값으로 AI 서버용 집계와 구분합니다.
페라이트 칩 비드,avnet-ferrite_chip_bead,페라이트 칩 비드 · Avnet 발간 이력 · Avnet Abacus,weeks,2019-Q3,true,latest,1,"[""avnet-2019-09-ferrite_chip_bead""]",avnet-2019-09-ferrite_chip_bead,2019-09,발간일,2019-09,2019-09,Avnet Abacus,Avnet Abacus 일반 유통시장 · 페라이트 칩 비드 · 평균 납기 열,range,10,12,false,,,바로 이전 분기 대표값 없음,,,전년 동기 대표값 없음 또는 제품 범위 변경,100.0,100.0,2019-Q3,범위 하단끼리·상단끼리 비교. 변화율 구간이나 평균이 아님.,false,false,https://www.avnet.com/wcm/connect/b7202770-5e3f-4369-95f9-70bf9c04defe/AVA-Lead-Time-guide-September-2019-EN-Document.pdf?MOD=AJPERES&attachment=true&id=1568983700586&id=1568983700586%3FMOD%3DAJPERES,PDF p.1 · Ferrite chip beads · Average lead-time,분기 내 마지막 확인값 · 원 자료 축 2019-09 (발간일). 분기 평균·분기말 확정값 아님.,2019-09 Avnet Abacus의 페라이트 칩 비드는 10–12주입니다. 원문 평균 납기 열의 같은 품목명을 연결했으며 일반 유통시장 집계입니다.
페라이트 칩 비드,avnet-ferrite_chip_bead,페라이트 칩 비드 · Avnet 발간 이력 · Avnet Abacus,weeks,2019-Q4,false,missing,0,[],,,,,,,,missing,,,false,,,이 분기에 확인된 관측이 없습니다.,,,이 분기에 확인된 관측이 없습니다.,,,,이 분기에 확인된 관측이 없습니다.,false,false,,,이 분기에 확인된 관측이 없습니다.,이 분기에 확인된 관측이 없습니다.
페라이트 칩 비드,avnet-ferrite_chip_bead,페라이트 칩 비드 · Avnet 발간 이력 · Avnet Abacus,weeks,2020-Q1,false,missing,0,[],,,,,,,,missing,,,false,,,이 분기에 확인된 관측이 없습니다.,,,이 분기에 확인된 관측이 없습니다.,,,,이 분기에 확인된 관측이 없습니다.,false,false,,,이 분기에 확인된 관측이 없습니다.,이 분기에 확인된 관측이 없습니다.
페라이트 칩 비드,avnet-ferrite_chip_bead,페라이트 칩 비드 · Avnet 발간 이력 · Avnet Abacus,weeks,2020-Q2,true,latest,1,"[""avnet-2020-04-ferrite_chip_bead""]",avnet-2020-04-ferrite_chip_bead,2020-04,발간일,2020-04,2020-04,Avnet Abacus,Avnet Abacus 일반 유통시장 · 페라이트 칩 비드 · 평균 납기 열,range,10,12,false,,,바로 이전 분기 대표값 없음,,,전년 동기 대표값 없음 또는 제품 범위 변경,100.0,100.0,2019-Q3,범위 하단끼리·상단끼리 비교. 변화율 구간이나 평균이 아님.,false,false,https://www.avnet.com/wcm/connect/101b4984-151c-4e9e-8c42-e55a2da865af/AVA-Lead-Time-guide-March-2020-EN-Document.pdf?MOD=AJPERES,PDF p.1 · Ferrite chip beads · Average lead-time,분기 내 마지막 확인값 · 원 자료 축 2020-04 (발간일). 분기 평균·분기말 확정값 아님.,2020-04 Avnet Abacus의 페라이트 칩 비드는 10–12주입니다. 원문 평균 납기 열의 같은 품목명을 연결했으며 일반 유통시장 집계입니다.
페라이트 칩 비드,avnet-ferrite_chip_bead,페라이트 칩 비드 · Avnet 발간 이력 · Avnet Abacus,weeks,2020-Q3,false,missing,0,[],,,,,,,,missing,,,false,,,이 분기에 확인된 관측이 없습니다.,,,이 분기에 확인된 관측이 없습니다.,,,,이 분기에 확인된 관측이 없습니다.,false,false,,,이 분기에 확인된 관측이 없습니다.,이 분기에 확인된 관측이 없습니다.
페라이트 칩 비드,avnet-ferrite_chip_bead,페라이트 칩 비드 · Avnet 발간 이력 · Avnet Abacus,weeks,2020-Q4,false,missing,0,[],,,,,,,,missing,,,false,,,이 분기에 확인된 관측이 없습니다.,,,이 분기에 확인된 관측이 없습니다.,,,,이 분기에 확인된 관측이 없습니다.,false,false,,,이 분기에 확인된 관측이 없습니다.,이 분기에 확인된 관측이 없습니다.
페라이트 칩 비드,avnet-ferrite_chip_bead,페라이트 칩 비드 · Avnet 발간 이력 · Avnet Abacus,weeks,2021-Q1,false,missing,0,[],,,,,,,,missing,,,false,,,이 분기에 확인된 관측이 없습니다.,,,이 분기에 확인된 관측이 없습니다.,,,,이 분기에 확인된 관측이 없습니다.,false,false,,,이 분기에 확인된 관측이 없습니다.,이 분기에 확인된 관측이 없습니다.
페라이트 칩 비드,avnet-ferrite_chip_bead,페라이트 칩 비드 · Avnet 발간 이력 · Avnet Abacus,weeks,2021-Q2,true,latest,1,"[""avnet-2021-04-ferrite_chip_bead""]",avnet-2021-04-ferrite_chip_bead,2021-04,발간일,2021-04,2021-04,Avnet Abacus,Avnet Abacus 일반 유통시장 · 페라이트 칩 비드 · 평균 납기 열,range,10,12,false,,,바로 이전 분기 대표값 없음,0.0,0.0,범위 하단끼리·상단끼리 비교. 변화율 구간이나 평균이 아님.,100.0,100.0,2019-Q3,범위 하단끼리·상단끼리 비교. 변화율 구간이나 평균이 아님.,false,false,https://www.avnet.com/wcm/connect/6466625f-04e6-4164-bd2e-9acdd402fc9b/AVA-Lead-Time-Guide-April-2021-EN-Document.pdf?MOD=AJPERES,PDF p.2 · Ferrite chip beads · Average lead-time,분기 내 마지막 확인값 · 원 자료 축 2021-04 (발간일). 분기 평균·분기말 확정값 아님.,2021-04 Avnet Abacus의 페라이트 칩 비드는 10–12주입니다. 원문 평균 납기 열의 같은 품목명을 연결했으며 일반 유통시장 집계입니다.
페라이트 칩 비드,avnet-ferrite_chip_bead,페라이트 칩 비드 · Avnet 발간 이력 · Avnet Abacus,weeks,2021-Q3,true,latest,1,"[""avnet-2021-07-ferrite_chip_bead""]",avnet-2021-07-ferrite_chip_bead,2021-07,발간일,2021-07,2021-07,Avnet Abacus,Avnet Abacus 일반 유통시장 · 페라이트 칩 비드 · 평균 납기 열,range,10,12,false,0.0,0.0,범위 하단끼리·상단끼리 비교. 변화율 구간이나 평균이 아님.,,,전년 동기 대표값 없음 또는 제품 범위 변경,100.0,100.0,2019-Q3,범위 하단끼리·상단끼리 비교. 변화율 구간이나 평균이 아님.,false,false,https://www.avnet.com/wcm/connect/677978a9-b285-4a92-a841-00c85b0cefc5/AVA-Lead-Time-Guide-July-2021-EN-Document.pdf?MOD=AJPERES,PDF p.2 · Ferrite chip beads · Average lead-time,분기 내 마지막 확인값 · 원 자료 축 2021-07 (발간일). 분기 평균·분기말 확정값 아님.,2021-07 Avnet Abacus의 페라이트 칩 비드는 10–12주입니다. 원문 평균 납기 열의 같은 품목명을 연결했으며 일반 유통시장 집계입니다.
페라이트 칩 비드,avnet-ferrite_chip_bead,페라이트 칩 비드 · Avnet 발간 이력 · Avnet Abacus,weeks,2021-Q4,false,missing,0,[],,,,,,,,missing,,,false,,,이 분기에 확인된 관측이 없습니다.,,,이 분기에 확인된 관측이 없습니다.,,,,이 분기에 확인된 관측이 없습니다.,false,false,,,이 분기에 확인된 관측이 없습니다.,이 분기에 확인된 관측이 없습니다.
페라이트 칩 비드,avnet-ferrite_chip_bead,페라이트 칩 비드 · Avnet 발간 이력 · Avnet Abacus,weeks,2022-Q1,false,missing,0,[],,,,,,,,missing,,,false,,,이 분기에 확인된 관측이 없습니다.,,,이 분기에 확인된 관측이 없습니다.,,,,이 분기에 확인된 관측이 없습니다.,false,false,,,이 분기에 확인된 관측이 없습니다.,이 분기에 확인된 관측이 없습니다.
페라이트 칩 비드,avnet-ferrite_chip_bead,페라이트 칩 비드 · Avnet 발간 이력 · Avnet Abacus,weeks,2022-Q2,false,missing,0,[],,,,,,,,missing,,,false,,,이 분기에 확인된 관측이 없습니다.,,,이 분기에 확인된 관측이 없습니다.,,,,이 분기에 확인된 관측이 없습니다.,false,false,,,이 분기에 확인된 관측이 없습니다.,이 분기에 확인된 관측이 없습니다.
페라이트 칩 비드,avnet-ferrite_chip_bead,페라이트 칩 비드 · Avnet 발간 이력 · Avnet Abacus,weeks,2022-Q3,false,missing,0,[],,,,,,,,missing,,,false,,,이 분기에 확인된 관측이 없습니다.,,,이 분기에 확인된 관측이 없습니다.,,,,이 분기에 확인된 관측이 없습니다.,false,false,,,이 분기에 확인된 관측이 없습니다.,이 분기에 확인된 관측이 없습니다.
페라이트 칩 비드,avnet-ferrite_chip_bead,페라이트 칩 비드 · Avnet 발간 이력 · Avnet Abacus,weeks,2022-Q4,true,latest,1,"[""avnet-2022-12-ferrite_chip_bead""]",avnet-2022-12-ferrite_chip_bead,2022-12,발간일,2022-12,2022-12,Avnet Abacus,Avnet Abacus 일반 유통시장 · 페라이트 칩 비드 · 평균 납기 열,range,10,12,false,,,바로 이전 분기 대표값 없음,,,전년 동기 대표값 없음 또는 제품 범위 변경,100.0,100.0,2019-Q3,범위 하단끼리·상단끼리 비교. 변화율 구간이나 평균이 아님.,false,false,https://www.avnet.com/wcm/connect/b496febc-6ece-4ee2-a4ae-eae91a34d9d1/AVA-Lead-Time-Guide-December-2022-EN-Document.pdf?MOD=AJPERES,PDF p.2 · Ferrite chip beads · Average lead-time,분기 내 마지막 확인값 · 원 자료 축 2022-12 (발간일). 분기 평균·분기말 확정값 아님.,2022-12 Avnet Abacus의 페라이트 칩 비드는 10–12주입니다. 원문 평균 납기 열의 같은 품목명을 연결했으며 일반 유통시장 집계입니다.
페라이트 칩 비드,avnet-ferrite_chip_bead,페라이트 칩 비드 · Avnet 발간 이력 · Avnet Abacus,weeks,2023-Q1,false,missing,0,[],,,,,,,,missing,,,false,,,이 분기에 확인된 관측이 없습니다.,,,이 분기에 확인된 관측이 없습니다.,,,,이 분기에 확인된 관측이 없습니다.,false,false,,,이 분기에 확인된 관측이 없습니다.,이 분기에 확인된 관측이 없습니다.
페라이트 칩 비드,avnet-ferrite_chip_bead,페라이트 칩 비드 · Avnet 발간 이력 · Avnet Abacus,weeks,2023-Q2,false,missing,0,[],,,,,,,,missing,,,false,,,이 분기에 확인된 관측이 없습니다.,,,이 분기에 확인된 관측이 없습니다.,,,,이 분기에 확인된 관측이 없습니다.,false,false,,,이 분기에 확인된 관측이 없습니다.,이 분기에 확인된 관측이 없습니다.
페라이트 칩 비드,avnet-ferrite_chip_bead,페라이트 칩 비드 · Avnet 발간 이력 · Avnet Abacus,weeks,2023-Q3,false,missing,0,[],,,,,,,,missing,,,false,,,이 분기에 확인된 관측이 없습니다.,,,이 분기에 확인된 관측이 없습니다.,,,,이 분기에 확인된 관측이 없습니다.,false,false,,,이 분기에 확인된 관측이 없습니다.,이 분기에 확인된 관측이 없습니다.
페라이트 칩 비드,avnet-ferrite_chip_bead,페라이트 칩 비드 · Avnet 발간 이력 · Avnet Abacus,weeks,2023-Q4,true,latest,1,"[""avnet-2023-11-ferrite_chip_bead""]",avnet-2023-11-ferrite_chip_bead,2023-11,발간일,2023-11,2023-11,Avnet Abacus,Avnet Abacus 일반 유통시장 · 페라이트 칩 비드 · 평균 납기 열,range,10,12,false,,,바로 이전 분기 대표값 없음,0.0,0.0,범위 하단끼리·상단끼리 비교. 변화율 구간이나 평균이 아님.,100.0,100.0,2019-Q3,범위 하단끼리·상단끼리 비교. 변화율 구간이나 평균이 아님.,false,false,https://my.avnet.com/wcm/connect/affeb8c0-65e8-46cb-84bc-15fca9dae0bd/AVA-Lead-Time-Guide-November-2022-EN-Document.pdf?MOD=AJPERES,PDF p.2 · Ferrite chip beads · Average lead-time,분기 내 마지막 확인값 · 원 자료 축 2023-11 (발간일). 분기 평균·분기말 확정값 아님.,2023-11 Avnet Abacus의 페라이트 칩 비드는 10–12주입니다. 원문 평균 납기 열의 같은 품목명을 연결했으며 일반 유통시장 집계입니다.
페라이트 칩 비드,avnet-ferrite_chip_bead,페라이트 칩 비드 · Avnet 발간 이력 · Avnet Abacus,weeks,2024-Q1,true,latest,2,"[""avnet-2024-01-ferrite_chip_bead"", ""avnet-2024-02-ferrite_chip_bead""]",avnet-2024-02-ferrite_chip_bead,2024-02,발간일,2024-02,2024-02,Avnet Abacus,Avnet Abacus 일반 유통시장 · 페라이트 칩 비드 · 평균 납기 열,range,10,12,false,0.0,0.0,범위 하단끼리·상단끼리 비교. 변화율 구간이나 평균이 아님.,,,전년 동기 대표값 없음 또는 제품 범위 변경,100.0,100.0,2019-Q3,범위 하단끼리·상단끼리 비교. 변화율 구간이나 평균이 아님.,false,false,https://my.avnet.com/wcm/connect/1c3e37ed-e911-4561-b888-cbea8ac78f55/AVA-Lead-Time-Guide-February-2024-EN-Document.pdf?MOD=AJPERES,PDF p.2,분기 내 마지막 확인값 · 원 자료 축 2024-02 (발간일). 분기 평균·분기말 확정값 아님.,2024-02 가이드의 페라이트 칩 비드 납기는 10–12주입니다. 일반 유통시장 보고값이며 AI 서버 전용 집계와 구분합니다.
페라이트 칩 비드,avnet-ferrite_chip_bead,페라이트 칩 비드 · Avnet 발간 이력 · Avnet Abacus,weeks,2024-Q2,false,missing,0,[],,,,,,,,missing,,,false,,,이 분기에 확인된 관측이 없습니다.,,,이 분기에 확인된 관측이 없습니다.,,,,이 분기에 확인된 관측이 없습니다.,false,false,,,이 분기에 확인된 관측이 없습니다.,이 분기에 확인된 관측이 없습니다.
페라이트 칩 비드,avnet-ferrite_chip_bead,페라이트 칩 비드 · Avnet 발간 이력 · Avnet Abacus,weeks,2024-Q3,true,latest,1,"[""avnet-2024-09-ferrite_chip_bead""]",avnet-2024-09-ferrite_chip_bead,2024-09,발간일,2024-09,2024-09,Avnet Abacus,Avnet Abacus 일반 유통시장 · 페라이트 칩 비드 · 평균 납기 열,range,10,12,false,,,바로 이전 분기 대표값 없음,,,전년 동기 대표값 없음 또는 제품 범위 변경,100.0,100.0,2019-Q3,범위 하단끼리·상단끼리 비교. 변화율 구간이나 평균이 아님.,false,false,https://my.avnet.com/wcm/connect/e9d18ef4-6a53-4f76-b6cf-d63549a0694b/AVA-Lead-Time-Guide-September-2024-EN-Document-aba24037.pdf?MOD=AJPERES,PDF p.2,분기 내 마지막 확인값 · 원 자료 축 2024-09 (발간일). 분기 평균·분기말 확정값 아님.,2024-09 가이드의 페라이트 칩 비드 납기는 10–12주입니다. 일반 유통시장 보고값으로 AI 서버용 집계와 구분합니다.
페라이트 칩 비드,avnet-ferrite_chip_bead,페라이트 칩 비드 · Avnet 발간 이력 · Avnet Abacus,weeks,2024-Q4,false,missing,0,[],,,,,,,,missing,,,false,,,이 분기에 확인된 관측이 없습니다.,,,이 분기에 확인된 관측이 없습니다.,,,,이 분기에 확인된 관측이 없습니다.,false,false,,,이 분기에 확인된 관측이 없습니다.,이 분기에 확인된 관측이 없습니다.
페라이트 칩 비드,avnet-ferrite_chip_bead,페라이트 칩 비드 · Avnet 발간 이력 · Avnet Abacus,weeks,2025-Q1,false,missing,0,[],,,,,,,,missing,,,false,,,이 분기에 확인된 관측이 없습니다.,,,이 분기에 확인된 관측이 없습니다.,,,,이 분기에 확인된 관측이 없습니다.,false,false,,,이 분기에 확인된 관측이 없습니다.,이 분기에 확인된 관측이 없습니다.
페라이트 칩 비드,avnet-ferrite_chip_bead,페라이트 칩 비드 · Avnet 발간 이력 · Avnet Abacus,weeks,2025-Q2,false,missing,0,[],,,,,,,,missing,,,false,,,이 분기에 확인된 관측이 없습니다.,,,이 분기에 확인된 관측이 없습니다.,,,,이 분기에 확인된 관측이 없습니다.,false,false,,,이 분기에 확인된 관측이 없습니다.,이 분기에 확인된 관측이 없습니다.
페라이트 칩 비드,avnet-ferrite_chip_bead,페라이트 칩 비드 · Avnet 발간 이력 · Avnet Abacus,weeks,2025-Q3,true,latest,1,"[""avnet-2025-07-ferrite_chip_bead""]",avnet-2025-07-ferrite_chip_bead,2025-07,발간일,2025-07,2025-07,Avnet Abacus,Avnet Abacus 일반 유통시장 · 페라이트 칩 비드 · 평균 납기 열,range,10,12,false,,,바로 이전 분기 대표값 없음,0.0,0.0,범위 하단끼리·상단끼리 비교. 변화율 구간이나 평균이 아님.,100.0,100.0,2019-Q3,범위 하단끼리·상단끼리 비교. 변화율 구간이나 평균이 아님.,false,false,https://my.avnet.com/wcm/connect/a3326d60-174d-4224-8e1d-f2f5595919a1/AVA-Lead-Time-Guide-July-2025-EN-Document.pdf?MOD=AJPERES,PDF p.2,분기 내 마지막 확인값 · 원 자료 축 2025-07 (발간일). 분기 평균·분기말 확정값 아님.,2025-07 가이드의 페라이트 칩 비드 납기는 10–12주입니다. 일반 유통시장 보고값으로 AI 서버용 집계와 구분합니다.
페라이트 칩 비드,avnet-ferrite_chip_bead,페라이트 칩 비드 · Avnet 발간 이력 · Avnet Abacus,weeks,2025-Q4,false,missing,0,[],,,,,,,,missing,,,false,,,이 분기에 확인된 관측이 없습니다.,,,이 분기에 확인된 관측이 없습니다.,,,,이 분기에 확인된 관측이 없습니다.,false,false,,,이 분기에 확인된 관측이 없습니다.,이 분기에 확인된 관측이 없습니다.
페라이트 칩 비드,avnet-ferrite_chip_bead,페라이트 칩 비드 · Avnet 발간 이력 · Avnet Abacus,weeks,2026-Q1,false,missing,0,[],,,,,,,,missing,,,false,,,이 분기에 확인된 관측이 없습니다.,,,이 분기에 확인된 관측이 없습니다.,,,,이 분기에 확인된 관측이 없습니다.,false,false,,,이 분기에 확인된 관측이 없습니다.,이 분기에 확인된 관측이 없습니다.
페라이트 칩 비드,avnet-ferrite_chip_bead,페라이트 칩 비드 · Avnet 발간 이력 · Avnet Abacus,weeks,2026-Q2,false,missing,0,[],,,,,,,,missing,,,false,,,이 분기에 확인된 관측이 없습니다.,,,이 분기에 확인된 관측이 없습니다.,,,,이 분기에 확인된 관측이 없습니다.,false,false,,,이 분기에 확인된 관측이 없습니다.,이 분기에 확인된 관측이 없습니다.
페라이트 칩 비드,avnet-ferrite_chip_bead,페라이트 칩 비드 · Avnet 발간 이력 · Avnet Abacus,weeks,2026-Q3,true,latest,1,"[""avnet-2026-08-ferrite_chip_bead""]",avnet-2026-08-ferrite_chip_bead,2026-08,발간일,2026-08,2026-08,Avnet Abacus,Avnet Abacus 일반 유통시장 · 페라이트 칩 비드 · 평균 납기 열,range,10,12,false,,,바로 이전 분기 대표값 없음,0.0,0.0,범위 하단끼리·상단끼리 비교. 변화율 구간이나 평균이 아님.,100.0,100.0,2019-Q3,범위 하단끼리·상단끼리 비교. 변화율 구간이나 평균이 아님.,false,false,https://my.avnet.com/wcm/connect/2222f00c-e4dc-4143-899c-4a892756fcc7/AVA-Lead-Time-Guide-August-2026-EN-Document.pdf?MOD=AJPERES,PDF p.2,분기 내 마지막 확인값 · 원 자료 축 2026-08 (발간일). 분기 평균·분기말 확정값 아님.,2026-08 가이드의 페라이트 칩 비드 납기는 10–12주입니다. 일반 유통시장 보고값으로 AI 서버용 집계와 구분합니다.
페라이트 코어,avnet-ferrite_core,페라이트 코어 · Avnet 발간 이력 · Avnet Abacus,weeks,2019-Q3,true,latest,1,"[""avnet-2019-09-ferrite_core""]",avnet-2019-09-ferrite_core,2019-09,발간일,2019-09,2019-09,Avnet Abacus,Avnet Abacus 일반 유통시장 · 페라이트 코어 · 평균 납기 열,range,10,22,true,,,바로 이전 분기 대표값 없음,,,전년 동기 대표값 없음 또는 제품 범위 변경,100.0,,2019-Q3,범위 하단끼리·상단끼리 비교. 변화율 구간이나 평균이 아님.,false,false,https://www.avnet.com/wcm/connect/b7202770-5e3f-4369-95f9-70bf9c04defe/AVA-Lead-Time-guide-September-2019-EN-Document.pdf?MOD=AJPERES&attachment=true&id=1568983700586&id=1568983700586%3FMOD%3DAJPERES,PDF p.1 · Ferrite core · Average lead-time,분기 내 마지막 확인값 · 원 자료 축 2019-09 (발간일). 분기 평균·분기말 확정값 아님.,2019-09 Avnet Abacus의 페라이트 코어는 10–22+주입니다. 원문 평균 납기 열의 같은 품목명을 연결했으며 일반 유통시장 집계입니다. +는 열린 상한으로 보존했습니다.
페라이트 코어,avnet-ferrite_core,페라이트 코어 · Avnet 발간 이력 · Avnet Abacus,weeks,2019-Q4,false,missing,0,[],,,,,,,,missing,,,false,,,이 분기에 확인된 관측이 없습니다.,,,이 분기에 확인된 관측이 없습니다.,,,,이 분기에 확인된 관측이 없습니다.,false,false,,,이 분기에 확인된 관측이 없습니다.,이 분기에 확인된 관측이 없습니다.
페라이트 코어,avnet-ferrite_core,페라이트 코어 · Avnet 발간 이력 · Avnet Abacus,weeks,2020-Q1,false,missing,0,[],,,,,,,,missing,,,false,,,이 분기에 확인된 관측이 없습니다.,,,이 분기에 확인된 관측이 없습니다.,,,,이 분기에 확인된 관측이 없습니다.,false,false,,,이 분기에 확인된 관측이 없습니다.,이 분기에 확인된 관측이 없습니다.
페라이트 코어,avnet-ferrite_core,페라이트 코어 · Avnet 발간 이력 · Avnet Abacus,weeks,2020-Q2,true,latest,1,"[""avnet-2020-04-ferrite_core""]",avnet-2020-04-ferrite_core,2020-04,발간일,2020-04,2020-04,Avnet Abacus,Avnet Abacus 일반 유통시장 · 페라이트 코어 · 평균 납기 열,range,10,22,true,,,바로 이전 분기 대표값 없음,,,전년 동기 대표값 없음 또는 제품 범위 변경,100.0,,2019-Q3,범위 하단끼리·상단끼리 비교. 변화율 구간이나 평균이 아님.,false,false,https://www.avnet.com/wcm/connect/101b4984-151c-4e9e-8c42-e55a2da865af/AVA-Lead-Time-guide-March-2020-EN-Document.pdf?MOD=AJPERES,PDF p.1 · Ferrite core · Average lead-time,분기 내 마지막 확인값 · 원 자료 축 2020-04 (발간일). 분기 평균·분기말 확정값 아님.,2020-04 Avnet Abacus의 페라이트 코어는 10–22+주입니다. 원문 평균 납기 열의 같은 품목명을 연결했으며 일반 유통시장 집계입니다. +는 열린 상한으로 보존했습니다.
페라이트 코어,avnet-ferrite_core,페라이트 코어 · Avnet 발간 이력 · Avnet Abacus,weeks,2020-Q3,false,missing,0,[],,,,,,,,missing,,,false,,,이 분기에 확인된 관측이 없습니다.,,,이 분기에 확인된 관측이 없습니다.,,,,이 분기에 확인된 관측이 없습니다.,false,false,,,이 분기에 확인된 관측이 없습니다.,이 분기에 확인된 관측이 없습니다.
페라이트 코어,avnet-ferrite_core,페라이트 코어 · Avnet 발간 이력 · Avnet Abacus,weeks,2020-Q4,false,missing,0,[],,,,,,,,missing,,,false,,,이 분기에 확인된 관측이 없습니다.,,,이 분기에 확인된 관측이 없습니다.,,,,이 분기에 확인된 관측이 없습니다.,false,false,,,이 분기에 확인된 관측이 없습니다.,이 분기에 확인된 관측이 없습니다.
페라이트 코어,avnet-ferrite_core,페라이트 코어 · Avnet 발간 이력 · Avnet Abacus,weeks,2021-Q1,false,missing,0,[],,,,,,,,missing,,,false,,,이 분기에 확인된 관측이 없습니다.,,,이 분기에 확인된 관측이 없습니다.,,,,이 분기에 확인된 관측이 없습니다.,false,false,,,이 분기에 확인된 관측이 없습니다.,이 분기에 확인된 관측이 없습니다.
페라이트 코어,avnet-ferrite_core,페라이트 코어 · Avnet 발간 이력 · Avnet Abacus,weeks,2021-Q2,true,latest,1,"[""avnet-2021-04-ferrite_core""]",avnet-2021-04-ferrite_core,2021-04,발간일,2021-04,2021-04,Avnet Abacus,Avnet Abacus 일반 유통시장 · 페라이트 코어 · 평균 납기 열,range,10,22,true,,,바로 이전 분기 대표값 없음,0.0,,범위 하단끼리·상단끼리 비교. 변화율 구간이나 평균이 아님.,100.0,,2019-Q3,범위 하단끼리·상단끼리 비교. 변화율 구간이나 평균이 아님.,false,false,https://www.avnet.com/wcm/connect/6466625f-04e6-4164-bd2e-9acdd402fc9b/AVA-Lead-Time-Guide-April-2021-EN-Document.pdf?MOD=AJPERES,PDF p.2 · Ferrite core · Average lead-time,분기 내 마지막 확인값 · 원 자료 축 2021-04 (발간일). 분기 평균·분기말 확정값 아님.,2021-04 Avnet Abacus의 페라이트 코어는 10–22+주입니다. 원문 평균 납기 열의 같은 품목명을 연결했으며 일반 유통시장 집계입니다. +는 열린 상한으로 보존했습니다.
페라이트 코어,avnet-ferrite_core,페라이트 코어 · Avnet 발간 이력 · Avnet Abacus,weeks,2021-Q3,true,latest,1,"[""avnet-2021-07-ferrite_core""]",avnet-2021-07-ferrite_core,2021-07,발간일,2021-07,2021-07,Avnet Abacus,Avnet Abacus 일반 유통시장 · 페라이트 코어 · 평균 납기 열,range,10,22,true,0.0,,범위 하단끼리·상단끼리 비교. 변화율 구간이나 평균이 아님.,,,전년 동기 대표값 없음 또는 제품 범위 변경,100.0,,2019-Q3,범위 하단끼리·상단끼리 비교. 변화율 구간이나 평균이 아님.,false,false,https://www.avnet.com/wcm/connect/677978a9-b285-4a92-a841-00c85b0cefc5/AVA-Lead-Time-Guide-July-2021-EN-Document.pdf?MOD=AJPERES,PDF p.2 · Ferrite core · Average lead-time,분기 내 마지막 확인값 · 원 자료 축 2021-07 (발간일). 분기 평균·분기말 확정값 아님.,2021-07 Avnet Abacus의 페라이트 코어는 10–22+주입니다. 원문 평균 납기 열의 같은 품목명을 연결했으며 일반 유통시장 집계입니다. +는 열린 상한으로 보존했습니다.
페라이트 코어,avnet-ferrite_core,페라이트 코어 · Avnet 발간 이력 · Avnet Abacus,weeks,2021-Q4,false,missing,0,[],,,,,,,,missing,,,false,,,이 분기에 확인된 관측이 없습니다.,,,이 분기에 확인된 관측이 없습니다.,,,,이 분기에 확인된 관측이 없습니다.,false,false,,,이 분기에 확인된 관측이 없습니다.,이 분기에 확인된 관측이 없습니다.
페라이트 코어,avnet-ferrite_core,페라이트 코어 · Avnet 발간 이력 · Avnet Abacus,weeks,2022-Q1,false,missing,0,[],,,,,,,,missing,,,false,,,이 분기에 확인된 관측이 없습니다.,,,이 분기에 확인된 관측이 없습니다.,,,,이 분기에 확인된 관측이 없습니다.,false,false,,,이 분기에 확인된 관측이 없습니다.,이 분기에 확인된 관측이 없습니다.
페라이트 코어,avnet-ferrite_core,페라이트 코어 · Avnet 발간 이력 · Avnet Abacus,weeks,2022-Q2,false,missing,0,[],,,,,,,,missing,,,false,,,이 분기에 확인된 관측이 없습니다.,,,이 분기에 확인된 관측이 없습니다.,,,,이 분기에 확인된 관측이 없습니다.,false,false,,,이 분기에 확인된 관측이 없습니다.,이 분기에 확인된 관측이 없습니다.
페라이트 코어,avnet-ferrite_core,페라이트 코어 · Avnet 발간 이력 · Avnet Abacus,weeks,2022-Q3,false,missing,0,[],,,,,,,,missing,,,false,,,이 분기에 확인된 관측이 없습니다.,,,이 분기에 확인된 관측이 없습니다.,,,,이 분기에 확인된 관측이 없습니다.,false,false,,,이 분기에 확인된 관측이 없습니다.,이 분기에 확인된 관측이 없습니다.
페라이트 코어,avnet-ferrite_core,페라이트 코어 · Avnet 발간 이력 · Avnet Abacus,weeks,2022-Q4,true,latest,1,"[""avnet-2022-12-ferrite_core""]",avnet-2022-12-ferrite_core,2022-12,발간일,2022-12,2022-12,Avnet Abacus,Avnet Abacus 일반 유통시장 · 페라이트 코어 · 평균 납기 열,range,12,42,false,,,바로 이전 분기 대표값 없음,,,전년 동기 대표값 없음 또는 제품 범위 변경,120.0,,2019-Q3,범위 하단끼리·상단끼리 비교. 변화율 구간이나 평균이 아님.,false,false,https://www.avnet.com/wcm/connect/b496febc-6ece-4ee2-a4ae-eae91a34d9d1/AVA-Lead-Time-Guide-December-2022-EN-Document.pdf?MOD=AJPERES,PDF p.2 · Ferrite core · Average lead-time,분기 내 마지막 확인값 · 원 자료 축 2022-12 (발간일). 분기 평균·분기말 확정값 아님.,2022-12 Avnet Abacus의 페라이트 코어는 12–42주입니다. 원문 평균 납기 열의 같은 품목명을 연결했으며 일반 유통시장 집계입니다.
페라이트 코어,avnet-ferrite_core,페라이트 코어 · Avnet 발간 이력 · Avnet Abacus,weeks,2023-Q1,false,missing,0,[],,,,,,,,missing,,,false,,,이 분기에 확인된 관측이 없습니다.,,,이 분기에 확인된 관측이 없습니다.,,,,이 분기에 확인된 관측이 없습니다.,false,false,,,이 분기에 확인된 관측이 없습니다.,이 분기에 확인된 관측이 없습니다.
페라이트 코어,avnet-ferrite_core,페라이트 코어 · Avnet 발간 이력 · Avnet Abacus,weeks,2023-Q2,false,missing,0,[],,,,,,,,missing,,,false,,,이 분기에 확인된 관측이 없습니다.,,,이 분기에 확인된 관측이 없습니다.,,,,이 분기에 확인된 관측이 없습니다.,false,false,,,이 분기에 확인된 관측이 없습니다.,이 분기에 확인된 관측이 없습니다.
페라이트 코어,avnet-ferrite_core,페라이트 코어 · Avnet 발간 이력 · Avnet Abacus,weeks,2023-Q3,false,missing,0,[],,,,,,,,missing,,,false,,,이 분기에 확인된 관측이 없습니다.,,,이 분기에 확인된 관측이 없습니다.,,,,이 분기에 확인된 관측이 없습니다.,false,false,,,이 분기에 확인된 관측이 없습니다.,이 분기에 확인된 관측이 없습니다.
페라이트 코어,avnet-ferrite_core,페라이트 코어 · Avnet 발간 이력 · Avnet Abacus,weeks,2023-Q4,true,latest,1,"[""avnet-2023-11-ferrite_core""]",avnet-2023-11-ferrite_core,2023-11,발간일,2023-11,2023-11,Avnet Abacus,Avnet Abacus 일반 유통시장 · 페라이트 코어 · 평균 납기 열,range,12,42,false,,,바로 이전 분기 대표값 없음,0.0,0.0,범위 하단끼리·상단끼리 비교. 변화율 구간이나 평균이 아님.,120.0,,2019-Q3,범위 하단끼리·상단끼리 비교. 변화율 구간이나 평균이 아님.,false,false,https://my.avnet.com/wcm/connect/affeb8c0-65e8-46cb-84bc-15fca9dae0bd/AVA-Lead-Time-Guide-November-2022-EN-Document.pdf?MOD=AJPERES,PDF p.2 · Ferrite core · Average lead-time,분기 내 마지막 확인값 · 원 자료 축 2023-11 (발간일). 분기 평균·분기말 확정값 아님.,2023-11 Avnet Abacus의 페라이트 코어는 12–42주입니다. 원문 평균 납기 열의 같은 품목명을 연결했으며 일반 유통시장 집계입니다.
페라이트 코어,avnet-ferrite_core,페라이트 코어 · Avnet 발간 이력 · Avnet Abacus,weeks,2024-Q1,true,latest,2,"[""avnet-2024-01-ferrite_core"", ""avnet-2024-02-ferrite_core""]",avnet-2024-02-ferrite_core,2024-02,발간일,2024-02,2024-02,Avnet Abacus,Avnet Abacus 일반 유통시장 · 페라이트 코어 · 평균 납기 열,range,12,42,false,0.0,0.0,범위 하단끼리·상단끼리 비교. 변화율 구간이나 평균이 아님.,,,전년 동기 대표값 없음 또는 제품 범위 변경,120.0,,2019-Q3,범위 하단끼리·상단끼리 비교. 변화율 구간이나 평균이 아님.,false,false,https://my.avnet.com/wcm/connect/1c3e37ed-e911-4561-b888-cbea8ac78f55/AVA-Lead-Time-Guide-February-2024-EN-Document.pdf?MOD=AJPERES,PDF p.2,분기 내 마지막 확인값 · 원 자료 축 2024-02 (발간일). 분기 평균·분기말 확정값 아님.,2024-02 가이드의 페라이트 코어 납기는 12–42주입니다. 일반 유통시장 보고값이며 AI 서버 전용 집계와 구분합니다.
페라이트 코어,avnet-ferrite_core,페라이트 코어 · Avnet 발간 이력 · Avnet Abacus,weeks,2024-Q2,false,missing,0,[],,,,,,,,missing,,,false,,,이 분기에 확인된 관측이 없습니다.,,,이 분기에 확인된 관측이 없습니다.,,,,이 분기에 확인된 관측이 없습니다.,false,false,,,이 분기에 확인된 관측이 없습니다.,이 분기에 확인된 관측이 없습니다.
페라이트 코어,avnet-ferrite_core,페라이트 코어 · Avnet 발간 이력 · Avnet Abacus,weeks,2024-Q3,true,latest,1,"[""avnet-2024-09-ferrite_core""]",avnet-2024-09-ferrite_core,2024-09,발간일,2024-09,2024-09,Avnet Abacus,Avnet Abacus 일반 유통시장 · 페라이트 코어 · 평균 납기 열,range,12,42,false,,,바로 이전 분기 대표값 없음,,,전년 동기 대표값 없음 또는 제품 범위 변경,120.0,,2019-Q3,범위 하단끼리·상단끼리 비교. 변화율 구간이나 평균이 아님.,false,false,https://my.avnet.com/wcm/connect/e9d18ef4-6a53-4f76-b6cf-d63549a0694b/AVA-Lead-Time-Guide-September-2024-EN-Document-aba24037.pdf?MOD=AJPERES,PDF p.2,분기 내 마지막 확인값 · 원 자료 축 2024-09 (발간일). 분기 평균·분기말 확정값 아님.,2024-09 가이드의 페라이트 코어 납기는 12–42주입니다. 일반 유통시장 보고값으로 AI 서버용 집계와 구분합니다.
페라이트 코어,avnet-ferrite_core,페라이트 코어 · Avnet 발간 이력 · Avnet Abacus,weeks,2024-Q4,false,missing,0,[],,,,,,,,missing,,,false,,,이 분기에 확인된 관측이 없습니다.,,,이 분기에 확인된 관측이 없습니다.,,,,이 분기에 확인된 관측이 없습니다.,false,false,,,이 분기에 확인된 관측이 없습니다.,이 분기에 확인된 관측이 없습니다.
페라이트 코어,avnet-ferrite_core,페라이트 코어 · Avnet 발간 이력 · Avnet Abacus,weeks,2025-Q1,false,missing,0,[],,,,,,,,missing,,,false,,,이 분기에 확인된 관측이 없습니다.,,,이 분기에 확인된 관측이 없습니다.,,,,이 분기에 확인된 관측이 없습니다.,false,false,,,이 분기에 확인된 관측이 없습니다.,이 분기에 확인된 관측이 없습니다.
페라이트 코어,avnet-ferrite_core,페라이트 코어 · Avnet 발간 이력 · Avnet Abacus,weeks,2025-Q2,false,missing,0,[],,,,,,,,missing,,,false,,,이 분기에 확인된 관측이 없습니다.,,,이 분기에 확인된 관측이 없습니다.,,,,이 분기에 확인된 관측이 없습니다.,false,false,,,이 분기에 확인된 관측이 없습니다.,이 분기에 확인된 관측이 없습니다.
페라이트 코어,avnet-ferrite_core,페라이트 코어 · Avnet 발간 이력 · Avnet Abacus,weeks,2025-Q3,true,latest,1,"[""avnet-2025-07-ferrite_core""]",avnet-2025-07-ferrite_core,2025-07,발간일,2025-07,2025-07,Avnet Abacus,Avnet Abacus 일반 유통시장 · 페라이트 코어 · 평균 납기 열,range,12,42,false,,,바로 이전 분기 대표값 없음,0.0,0.0,범위 하단끼리·상단끼리 비교. 변화율 구간이나 평균이 아님.,120.0,,2019-Q3,범위 하단끼리·상단끼리 비교. 변화율 구간이나 평균이 아님.,false,false,https://my.avnet.com/wcm/connect/a3326d60-174d-4224-8e1d-f2f5595919a1/AVA-Lead-Time-Guide-July-2025-EN-Document.pdf?MOD=AJPERES,PDF p.2,분기 내 마지막 확인값 · 원 자료 축 2025-07 (발간일). 분기 평균·분기말 확정값 아님.,2025-07 가이드의 페라이트 코어 납기는 12–42주입니다. 일반 유통시장 보고값으로 AI 서버용 집계와 구분합니다.
페라이트 코어,avnet-ferrite_core,페라이트 코어 · Avnet 발간 이력 · Avnet Abacus,weeks,2025-Q4,false,missing,0,[],,,,,,,,missing,,,false,,,이 분기에 확인된 관측이 없습니다.,,,이 분기에 확인된 관측이 없습니다.,,,,이 분기에 확인된 관측이 없습니다.,false,false,,,이 분기에 확인된 관측이 없습니다.,이 분기에 확인된 관측이 없습니다.
페라이트 코어,avnet-ferrite_core,페라이트 코어 · Avnet 발간 이력 · Avnet Abacus,weeks,2026-Q1,false,missing,0,[],,,,,,,,missing,,,false,,,이 분기에 확인된 관측이 없습니다.,,,이 분기에 확인된 관측이 없습니다.,,,,이 분기에 확인된 관측이 없습니다.,false,false,,,이 분기에 확인된 관측이 없습니다.,이 분기에 확인된 관측이 없습니다.
페라이트 코어,avnet-ferrite_core,페라이트 코어 · Avnet 발간 이력 · Avnet Abacus,weeks,2026-Q2,false,missing,0,[],,,,,,,,missing,,,false,,,이 분기에 확인된 관측이 없습니다.,,,이 분기에 확인된 관측이 없습니다.,,,,이 분기에 확인된 관측이 없습니다.,false,false,,,이 분기에 확인된 관측이 없습니다.,이 분기에 확인된 관측이 없습니다.
페라이트 코어,avnet-ferrite_core,페라이트 코어 · Avnet 발간 이력 · Avnet Abacus,weeks,2026-Q3,true,latest,1,"[""avnet-2026-08-ferrite_core""]",avnet-2026-08-ferrite_core,2026-08,발간일,2026-08,2026-08,Avnet Abacus,Avnet Abacus 일반 유통시장 · 페라이트 코어 · 평균 납기 열,range,12,42,false,,,바로 이전 분기 대표값 없음,0.0,0.0,범위 하단끼리·상단끼리 비교. 변화율 구간이나 평균이 아님.,120.0,,2019-Q3,범위 하단끼리·상단끼리 비교. 변화율 구간이나 평균이 아님.,false,false,https://my.avnet.com/wcm/connect/2222f00c-e4dc-4143-899c-4a892756fcc7/AVA-Lead-Time-Guide-August-2026-EN-Document.pdf?MOD=AJPERES,PDF p.2,분기 내 마지막 확인값 · 원 자료 축 2026-08 (발간일). 분기 평균·분기말 확정값 아님.,2026-08 가이드의 페라이트 코어 납기는 12–42주입니다. 일반 유통시장 보고값으로 AI 서버용 집계와 구분합니다.
범용 AC–DC 전원,avnet-acdc_psu_general,범용 AC–DC 전원 · Avnet 발간 이력 · Avnet Abacus,weeks,2019-Q3,true,latest,1,"[""avnet-2019-09-acdc_psu_general""]",avnet-2019-09-acdc_psu_general,2019-09,발간일,2019-09,2019-09,Avnet Abacus,Avnet Abacus 일반 유통시장 · 범용 AC–DC 전원,range,6,18,false,,,바로 이전 분기 대표값 없음,,,전년 동기 대표값 없음 또는 제품 범위 변경,100.0,100.0,2019-Q3,범위 하단끼리·상단끼리 비교. 변화율 구간이나 평균이 아님.,false,false,https://www.avnet.com/wcm/connect/b7202770-5e3f-4369-95f9-70bf9c04defe/AVA-Lead-Time-guide-September-2019-EN-Document.pdf?MOD=AJPERES&attachment=true&id=1568983700586&id=1568983700586%3FMOD%3DAJPERES,PDF p.1 · AC-DC PSU general purpose · Lead-time: weeks,분기 내 마지막 확인값 · 원 자료 축 2019-09 (발간일). 분기 평균·분기말 확정값 아님.,2019-09 Avnet Abacus의 범용 AC–DC 전원는 6–18주입니다. 원문 납기(주) 열의 같은 품목명을 연결했으며 일반 유통시장 집계입니다.
범용 AC–DC 전원,avnet-acdc_psu_general,범용 AC–DC 전원 · Avnet 발간 이력 · Avnet Abacus,weeks,2019-Q4,false,missing,0,[],,,,,,,,missing,,,false,,,이 분기에 확인된 관측이 없습니다.,,,이 분기에 확인된 관측이 없습니다.,,,,이 분기에 확인된 관측이 없습니다.,false,false,,,이 분기에 확인된 관측이 없습니다.,이 분기에 확인된 관측이 없습니다.
범용 AC–DC 전원,avnet-acdc_psu_general,범용 AC–DC 전원 · Avnet 발간 이력 · Avnet Abacus,weeks,2020-Q1,false,missing,0,[],,,,,,,,missing,,,false,,,이 분기에 확인된 관측이 없습니다.,,,이 분기에 확인된 관측이 없습니다.,,,,이 분기에 확인된 관측이 없습니다.,false,false,,,이 분기에 확인된 관측이 없습니다.,이 분기에 확인된 관측이 없습니다.
범용 AC–DC 전원,avnet-acdc_psu_general,범용 AC–DC 전원 · Avnet 발간 이력 · Avnet Abacus,weeks,2020-Q2,true,latest,1,"[""avnet-2020-04-acdc_psu_general""]",avnet-2020-04-acdc_psu_general,2020-04,발간일,2020-04,2020-04,Avnet Abacus,Avnet Abacus 일반 유통시장 · 범용 AC–DC 전원,range,6,18,false,,,바로 이전 분기 대표값 없음,,,전년 동기 대표값 없음 또는 제품 범위 변경,100.0,100.0,2019-Q3,범위 하단끼리·상단끼리 비교. 변화율 구간이나 평균이 아님.,false,false,https://www.avnet.com/wcm/connect/101b4984-151c-4e9e-8c42-e55a2da865af/AVA-Lead-Time-guide-March-2020-EN-Document.pdf?MOD=AJPERES,PDF p.1 · AC-DC PSU general purpose · Lead-time: weeks,분기 내 마지막 확인값 · 원 자료 축 2020-04 (발간일). 분기 평균·분기말 확정값 아님.,2020-04 Avnet Abacus의 범용 AC–DC 전원는 6–18주입니다. 원문 납기(주) 열의 같은 품목명을 연결했으며 일반 유통시장 집계입니다.
범용 AC–DC 전원,avnet-acdc_psu_general,범용 AC–DC 전원 · Avnet 발간 이력 · Avnet Abacus,weeks,2020-Q3,false,missing,0,[],,,,,,,,missing,,,false,,,이 분기에 확인된 관측이 없습니다.,,,이 분기에 확인된 관측이 없습니다.,,,,이 분기에 확인된 관측이 없습니다.,false,false,,,이 분기에 확인된 관측이 없습니다.,이 분기에 확인된 관측이 없습니다.
범용 AC–DC 전원,avnet-acdc_psu_general,범용 AC–DC 전원 · Avnet 발간 이력 · Avnet Abacus,weeks,2020-Q4,false,missing,0,[],,,,,,,,missing,,,false,,,이 분기에 확인된 관측이 없습니다.,,,이 분기에 확인된 관측이 없습니다.,,,,이 분기에 확인된 관측이 없습니다.,false,false,,,이 분기에 확인된 관측이 없습니다.,이 분기에 확인된 관측이 없습니다.
범용 AC–DC 전원,avnet-acdc_psu_general,범용 AC–DC 전원 · Avnet 발간 이력 · Avnet Abacus,weeks,2021-Q1,false,missing,0,[],,,,,,,,missing,,,false,,,이 분기에 확인된 관측이 없습니다.,,,이 분기에 확인된 관측이 없습니다.,,,,이 분기에 확인된 관측이 없습니다.,false,false,,,이 분기에 확인된 관측이 없습니다.,이 분기에 확인된 관측이 없습니다.
범용 AC–DC 전원,avnet-acdc_psu_general,범용 AC–DC 전원 · Avnet 발간 이력 · Avnet Abacus,weeks,2021-Q2,true,latest,1,"[""avnet-2021-04-acdc_psu_general""]",avnet-2021-04-acdc_psu_general,2021-04,발간일,2021-04,2021-04,Avnet Abacus,Avnet Abacus 일반 유통시장 · 범용 AC–DC 전원,range,4,24,false,,,바로 이전 분기 대표값 없음,-33.333333,33.333333,범위 하단끼리·상단끼리 비교. 변화율 구간이나 평균이 아님.,66.666667,133.333333,2019-Q3,범위 하단끼리·상단끼리 비교. 변화율 구간이나 평균이 아님.,false,false,https://www.avnet.com/wcm/connect/6466625f-04e6-4164-bd2e-9acdd402fc9b/AVA-Lead-Time-Guide-April-2021-EN-Document.pdf?MOD=AJPERES,PDF p.2 · AC-DC PSU general purpose · Lead-time: weeks,분기 내 마지막 확인값 · 원 자료 축 2021-04 (발간일). 분기 평균·분기말 확정값 아님.,2021-04 Avnet Abacus의 범용 AC–DC 전원는 4–24주입니다. 원문 납기(주) 열의 같은 품목명을 연결했으며 일반 유통시장 집계입니다.
범용 AC–DC 전원,avnet-acdc_psu_general,범용 AC–DC 전원 · Avnet 발간 이력 · Avnet Abacus,weeks,2021-Q3,true,latest,1,"[""avnet-2021-07-acdc_psu_general""]",avnet-2021-07-acdc_psu_general,2021-07,발간일,2021-07,2021-07,Avnet Abacus,Avnet Abacus 일반 유통시장 · 범용 AC–DC 전원,range,5,44,false,25.0,83.333333,범위 하단끼리·상단끼리 비교. 변화율 구간이나 평균이 아님.,,,전년 동기 대표값 없음 또는 제품 범위 변경,83.333333,244.444444,2019-Q3,범위 하단끼리·상단끼리 비교. 변화율 구간이나 평균이 아님.,false,false,https://www.avnet.com/wcm/connect/677978a9-b285-4a92-a841-00c85b0cefc5/AVA-Lead-Time-Guide-July-2021-EN-Document.pdf?MOD=AJPERES,PDF p.2 · AC-DC PSU general purpose · Lead-time: weeks,분기 내 마지막 확인값 · 원 자료 축 2021-07 (발간일). 분기 평균·분기말 확정값 아님.,2021-07 Avnet Abacus의 범용 AC–DC 전원는 5–44주입니다. 원문 납기(주) 열의 같은 품목명을 연결했으며 일반 유통시장 집계입니다.
범용 AC–DC 전원,avnet-acdc_psu_general,범용 AC–DC 전원 · Avnet 발간 이력 · Avnet Abacus,weeks,2021-Q4,false,missing,0,[],,,,,,,,missing,,,false,,,이 분기에 확인된 관측이 없습니다.,,,이 분기에 확인된 관측이 없습니다.,,,,이 분기에 확인된 관측이 없습니다.,false,false,,,이 분기에 확인된 관측이 없습니다.,이 분기에 확인된 관측이 없습니다.
범용 AC–DC 전원,avnet-acdc_psu_general,범용 AC–DC 전원 · Avnet 발간 이력 · Avnet Abacus,weeks,2022-Q1,false,missing,0,[],,,,,,,,missing,,,false,,,이 분기에 확인된 관측이 없습니다.,,,이 분기에 확인된 관측이 없습니다.,,,,이 분기에 확인된 관측이 없습니다.,false,false,,,이 분기에 확인된 관측이 없습니다.,이 분기에 확인된 관측이 없습니다.
범용 AC–DC 전원,avnet-acdc_psu_general,범용 AC–DC 전원 · Avnet 발간 이력 · Avnet Abacus,weeks,2022-Q2,false,missing,0,[],,,,,,,,missing,,,false,,,이 분기에 확인된 관측이 없습니다.,,,이 분기에 확인된 관측이 없습니다.,,,,이 분기에 확인된 관측이 없습니다.,false,false,,,이 분기에 확인된 관측이 없습니다.,이 분기에 확인된 관측이 없습니다.
범용 AC–DC 전원,avnet-acdc_psu_general,범용 AC–DC 전원 · Avnet 발간 이력 · Avnet Abacus,weeks,2022-Q3,false,missing,0,[],,,,,,,,missing,,,false,,,이 분기에 확인된 관측이 없습니다.,,,이 분기에 확인된 관측이 없습니다.,,,,이 분기에 확인된 관측이 없습니다.,false,false,,,이 분기에 확인된 관측이 없습니다.,이 분기에 확인된 관측이 없습니다.
범용 AC–DC 전원,avnet-acdc_psu_general,범용 AC–DC 전원 · Avnet 발간 이력 · Avnet Abacus,weeks,2022-Q4,true,latest,1,"[""avnet-2022-12-acdc_psu_general""]",avnet-2022-12-acdc_psu_general,2022-12,발간일,2022-12,2022-12,Avnet Abacus,Avnet Abacus 일반 유통시장 · 범용 AC–DC 전원,range,20,48,false,,,바로 이전 분기 대표값 없음,,,전년 동기 대표값 없음 또는 제품 범위 변경,333.333333,266.666667,2019-Q3,범위 하단끼리·상단끼리 비교. 변화율 구간이나 평균이 아님.,false,false,https://www.avnet.com/wcm/connect/b496febc-6ece-4ee2-a4ae-eae91a34d9d1/AVA-Lead-Time-Guide-December-2022-EN-Document.pdf?MOD=AJPERES,PDF p.2 · AC-DC PSU general purpose · Lead-time: weeks,분기 내 마지막 확인값 · 원 자료 축 2022-12 (발간일). 분기 평균·분기말 확정값 아님.,2022-12 Avnet Abacus의 범용 AC–DC 전원는 20–48주입니다. 원문 납기(주) 열의 같은 품목명을 연결했으며 일반 유통시장 집계입니다.
범용 AC–DC 전원,avnet-acdc_psu_general,범용 AC–DC 전원 · Avnet 발간 이력 · Avnet Abacus,weeks,2023-Q1,false,missing,0,[],,,,,,,,missing,,,false,,,이 분기에 확인된 관측이 없습니다.,,,이 분기에 확인된 관측이 없습니다.,,,,이 분기에 확인된 관측이 없습니다.,false,false,,,이 분기에 확인된 관측이 없습니다.,이 분기에 확인된 관측이 없습니다.
범용 AC–DC 전원,avnet-acdc_psu_general,범용 AC–DC 전원 · Avnet 발간 이력 · Avnet Abacus,weeks,2023-Q2,false,missing,0,[],,,,,,,,missing,,,false,,,이 분기에 확인된 관측이 없습니다.,,,이 분기에 확인된 관측이 없습니다.,,,,이 분기에 확인된 관측이 없습니다.,false,false,,,이 분기에 확인된 관측이 없습니다.,이 분기에 확인된 관측이 없습니다.
범용 AC–DC 전원,avnet-acdc_psu_general,범용 AC–DC 전원 · Avnet 발간 이력 · Avnet Abacus,weeks,2023-Q3,false,missing,0,[],,,,,,,,missing,,,false,,,이 분기에 확인된 관측이 없습니다.,,,이 분기에 확인된 관측이 없습니다.,,,,이 분기에 확인된 관측이 없습니다.,false,false,,,이 분기에 확인된 관측이 없습니다.,이 분기에 확인된 관측이 없습니다.
범용 AC–DC 전원,avnet-acdc_psu_general,범용 AC–DC 전원 · Avnet 발간 이력 · Avnet Abacus,weeks,2023-Q4,true,latest,1,"[""avnet-2023-11-acdc_psu_general""]",avnet-2023-11-acdc_psu_general,2023-11,발간일,2023-11,2023-11,Avnet Abacus,Avnet Abacus 일반 유통시장 · 범용 AC–DC 전원,range,20,48,false,,,바로 이전 분기 대표값 없음,0.0,0.0,범위 하단끼리·상단끼리 비교. 변화율 구간이나 평균이 아님.,333.333333,266.666667,2019-Q3,범위 하단끼리·상단끼리 비교. 변화율 구간이나 평균이 아님.,false,false,https://my.avnet.com/wcm/connect/affeb8c0-65e8-46cb-84bc-15fca9dae0bd/AVA-Lead-Time-Guide-November-2022-EN-Document.pdf?MOD=AJPERES,PDF p.2 · AC-DC PSU general purpose · Lead-time: weeks,분기 내 마지막 확인값 · 원 자료 축 2023-11 (발간일). 분기 평균·분기말 확정값 아님.,2023-11 Avnet Abacus의 범용 AC–DC 전원는 20–48주입니다. 원문 납기(주) 열의 같은 품목명을 연결했으며 일반 유통시장 집계입니다.
범용 AC–DC 전원,avnet-acdc_psu_general,범용 AC–DC 전원 · Avnet 발간 이력 · Avnet Abacus,weeks,2024-Q1,true,latest,2,"[""avnet-2024-01-acdc_psu_general"", ""avnet-2024-02-acdc_psu_general""]",avnet-2024-02-acdc_psu_general,2024-02,발간일,2024-02,2024-02,Avnet Abacus,Avnet Abacus 일반 유통시장 · 범용 AC–DC 전원,range,20,48,false,0.0,0.0,범위 하단끼리·상단끼리 비교. 변화율 구간이나 평균이 아님.,,,전년 동기 대표값 없음 또는 제품 범위 변경,333.333333,266.666667,2019-Q3,범위 하단끼리·상단끼리 비교. 변화율 구간이나 평균이 아님.,false,false,https://my.avnet.com/wcm/connect/1c3e37ed-e911-4561-b888-cbea8ac78f55/AVA-Lead-Time-Guide-February-2024-EN-Document.pdf?MOD=AJPERES,PDF p.2,분기 내 마지막 확인값 · 원 자료 축 2024-02 (발간일). 분기 평균·분기말 확정값 아님.,2024-02 가이드의 범용 AC–DC 전원 납기는 20–48주입니다. 일반 유통시장 보고값이며 AI 서버 전용 집계와 구분합니다.
범용 AC–DC 전원,avnet-acdc_psu_general,범용 AC–DC 전원 · Avnet 발간 이력 · Avnet Abacus,weeks,2024-Q2,false,missing,0,[],,,,,,,,missing,,,false,,,이 분기에 확인된 관측이 없습니다.,,,이 분기에 확인된 관측이 없습니다.,,,,이 분기에 확인된 관측이 없습니다.,false,false,,,이 분기에 확인된 관측이 없습니다.,이 분기에 확인된 관측이 없습니다.
범용 AC–DC 전원,avnet-acdc_psu_general,범용 AC–DC 전원 · Avnet 발간 이력 · Avnet Abacus,weeks,2024-Q3,true,latest,1,"[""avnet-2024-09-acdc_psu_general""]",avnet-2024-09-acdc_psu_general,2024-09,발간일,2024-09,2024-09,Avnet Abacus,Avnet Abacus 일반 유통시장 · 범용 AC–DC 전원,range,20,48,false,,,바로 이전 분기 대표값 없음,,,전년 동기 대표값 없음 또는 제품 범위 변경,333.333333,266.666667,2019-Q3,범위 하단끼리·상단끼리 비교. 변화율 구간이나 평균이 아님.,false,false,https://my.avnet.com/wcm/connect/e9d18ef4-6a53-4f76-b6cf-d63549a0694b/AVA-Lead-Time-Guide-September-2024-EN-Document-aba24037.pdf?MOD=AJPERES,PDF p.2,분기 내 마지막 확인값 · 원 자료 축 2024-09 (발간일). 분기 평균·분기말 확정값 아님.,2024-09 가이드의 범용 AC–DC 전원 납기는 20–48주입니다. 일반 유통시장 보고값으로 AI 서버용 집계와 구분합니다.
범용 AC–DC 전원,avnet-acdc_psu_general,범용 AC–DC 전원 · Avnet 발간 이력 · Avnet Abacus,weeks,2024-Q4,false,missing,0,[],,,,,,,,missing,,,false,,,이 분기에 확인된 관측이 없습니다.,,,이 분기에 확인된 관측이 없습니다.,,,,이 분기에 확인된 관측이 없습니다.,false,false,,,이 분기에 확인된 관측이 없습니다.,이 분기에 확인된 관측이 없습니다.
범용 AC–DC 전원,avnet-acdc_psu_general,범용 AC–DC 전원 · Avnet 발간 이력 · Avnet Abacus,weeks,2025-Q1,false,missing,0,[],,,,,,,,missing,,,false,,,이 분기에 확인된 관측이 없습니다.,,,이 분기에 확인된 관측이 없습니다.,,,,이 분기에 확인된 관측이 없습니다.,false,false,,,이 분기에 확인된 관측이 없습니다.,이 분기에 확인된 관측이 없습니다.
범용 AC–DC 전원,avnet-acdc_psu_general,범용 AC–DC 전원 · Avnet 발간 이력 · Avnet Abacus,weeks,2025-Q2,false,missing,0,[],,,,,,,,missing,,,false,,,이 분기에 확인된 관측이 없습니다.,,,이 분기에 확인된 관측이 없습니다.,,,,이 분기에 확인된 관측이 없습니다.,false,false,,,이 분기에 확인된 관측이 없습니다.,이 분기에 확인된 관측이 없습니다.
범용 AC–DC 전원,avnet-acdc_psu_general,범용 AC–DC 전원 · Avnet 발간 이력 · Avnet Abacus,weeks,2025-Q3,true,latest,1,"[""avnet-2025-07-acdc_psu_general""]",avnet-2025-07-acdc_psu_general,2025-07,발간일,2025-07,2025-07,Avnet Abacus,Avnet Abacus 일반 유통시장 · 범용 AC–DC 전원,range,20,48,false,,,바로 이전 분기 대표값 없음,0.0,0.0,범위 하단끼리·상단끼리 비교. 변화율 구간이나 평균이 아님.,333.333333,266.666667,2019-Q3,범위 하단끼리·상단끼리 비교. 변화율 구간이나 평균이 아님.,false,false,https://my.avnet.com/wcm/connect/a3326d60-174d-4224-8e1d-f2f5595919a1/AVA-Lead-Time-Guide-July-2025-EN-Document.pdf?MOD=AJPERES,PDF p.2,분기 내 마지막 확인값 · 원 자료 축 2025-07 (발간일). 분기 평균·분기말 확정값 아님.,2025-07 가이드의 범용 AC–DC 전원 납기는 20–48주입니다. 일반 유통시장 보고값으로 AI 서버용 집계와 구분합니다.
범용 AC–DC 전원,avnet-acdc_psu_general,범용 AC–DC 전원 · Avnet 발간 이력 · Avnet Abacus,weeks,2025-Q4,false,missing,0,[],,,,,,,,missing,,,false,,,이 분기에 확인된 관측이 없습니다.,,,이 분기에 확인된 관측이 없습니다.,,,,이 분기에 확인된 관측이 없습니다.,false,false,,,이 분기에 확인된 관측이 없습니다.,이 분기에 확인된 관측이 없습니다.
범용 AC–DC 전원,avnet-acdc_psu_general,범용 AC–DC 전원 · Avnet 발간 이력 · Avnet Abacus,weeks,2026-Q1,false,missing,0,[],,,,,,,,missing,,,false,,,이 분기에 확인된 관측이 없습니다.,,,이 분기에 확인된 관측이 없습니다.,,,,이 분기에 확인된 관측이 없습니다.,false,false,,,이 분기에 확인된 관측이 없습니다.,이 분기에 확인된 관측이 없습니다.
범용 AC–DC 전원,avnet-acdc_psu_general,범용 AC–DC 전원 · Avnet 발간 이력 · Avnet Abacus,weeks,2026-Q2,false,missing,0,[],,,,,,,,missing,,,false,,,이 분기에 확인된 관측이 없습니다.,,,이 분기에 확인된 관측이 없습니다.,,,,이 분기에 확인된 관측이 없습니다.,false,false,,,이 분기에 확인된 관측이 없습니다.,이 분기에 확인된 관측이 없습니다.
범용 AC–DC 전원,avnet-acdc_psu_general,범용 AC–DC 전원 · Avnet 발간 이력 · Avnet Abacus,weeks,2026-Q3,true,latest,1,"[""avnet-2026-08-acdc_psu_general""]",avnet-2026-08-acdc_psu_general,2026-08,발간일,2026-08,2026-08,Avnet Abacus,Avnet Abacus 일반 유통시장 · 범용 AC–DC 전원,range,20,48,false,,,바로 이전 분기 대표값 없음,0.0,0.0,범위 하단끼리·상단끼리 비교. 변화율 구간이나 평균이 아님.,333.333333,266.666667,2019-Q3,범위 하단끼리·상단끼리 비교. 변화율 구간이나 평균이 아님.,false,false,https://my.avnet.com/wcm/connect/2222f00c-e4dc-4143-899c-4a892756fcc7/AVA-Lead-Time-Guide-August-2026-EN-Document.pdf?MOD=AJPERES,PDF p.2,분기 내 마지막 확인값 · 원 자료 축 2026-08 (발간일). 분기 평균·분기말 확정값 아님.,2026-08 가이드의 범용 AC–DC 전원 납기는 20–48주입니다. 일반 유통시장 보고값으로 AI 서버용 집계와 구분합니다.
정류기·프런트엔드 전원,avnet-rectifier_frontend_psu,정류기·프런트엔드 전원 · Avnet 발간 이력 · Avnet Abacus,weeks,2019-Q3,true,latest,1,"[""avnet-2019-09-rectifier_frontend_psu""]",avnet-2019-09-rectifier_frontend_psu,2019-09,발간일,2019-09,2019-09,Avnet Abacus,Avnet Abacus 일반 유통시장 · 정류기·프런트엔드 전원,range,10,18,false,,,바로 이전 분기 대표값 없음,,,전년 동기 대표값 없음 또는 제품 범위 변경,100.0,100.0,2019-Q3,범위 하단끼리·상단끼리 비교. 변화율 구간이나 평균이 아님.,false,false,https://www.avnet.com/wcm/connect/b7202770-5e3f-4369-95f9-70bf9c04defe/AVA-Lead-Time-guide-September-2019-EN-Document.pdf?MOD=AJPERES&attachment=true&id=1568983700586&id=1568983700586%3FMOD%3DAJPERES,PDF p.1 · Rectifiers & front-end PSU · Lead-time: weeks,분기 내 마지막 확인값 · 원 자료 축 2019-09 (발간일). 분기 평균·분기말 확정값 아님.,2019-09 Avnet Abacus의 정류기·프런트엔드 전원는 10–18주입니다. 원문 납기(주) 열의 같은 품목명을 연결했으며 일반 유통시장 집계입니다.
정류기·프런트엔드 전원,avnet-rectifier_frontend_psu,정류기·프런트엔드 전원 · Avnet 발간 이력 · Avnet Abacus,weeks,2019-Q4,false,missing,0,[],,,,,,,,missing,,,false,,,이 분기에 확인된 관측이 없습니다.,,,이 분기에 확인된 관측이 없습니다.,,,,이 분기에 확인된 관측이 없습니다.,false,false,,,이 분기에 확인된 관측이 없습니다.,이 분기에 확인된 관측이 없습니다.
정류기·프런트엔드 전원,avnet-rectifier_frontend_psu,정류기·프런트엔드 전원 · Avnet 발간 이력 · Avnet Abacus,weeks,2020-Q1,false,missing,0,[],,,,,,,,missing,,,false,,,이 분기에 확인된 관측이 없습니다.,,,이 분기에 확인된 관측이 없습니다.,,,,이 분기에 확인된 관측이 없습니다.,false,false,,,이 분기에 확인된 관측이 없습니다.,이 분기에 확인된 관측이 없습니다.
정류기·프런트엔드 전원,avnet-rectifier_frontend_psu,정류기·프런트엔드 전원 · Avnet 발간 이력 · Avnet Abacus,weeks,2020-Q2,true,latest,1,"[""avnet-2020-04-rectifier_frontend_psu""]",avnet-2020-04-rectifier_frontend_psu,2020-04,발간일,2020-04,2020-04,Avnet Abacus,Avnet Abacus 일반 유통시장 · 정류기·프런트엔드 전원,range,10,18,false,,,바로 이전 분기 대표값 없음,,,전년 동기 대표값 없음 또는 제품 범위 변경,100.0,100.0,2019-Q3,범위 하단끼리·상단끼리 비교. 변화율 구간이나 평균이 아님.,false,false,https://www.avnet.com/wcm/connect/101b4984-151c-4e9e-8c42-e55a2da865af/AVA-Lead-Time-guide-March-2020-EN-Document.pdf?MOD=AJPERES,PDF p.1 · Rectifiers & front-end PSU · Lead-time: weeks,분기 내 마지막 확인값 · 원 자료 축 2020-04 (발간일). 분기 평균·분기말 확정값 아님.,2020-04 Avnet Abacus의 정류기·프런트엔드 전원는 10–18주입니다. 원문 납기(주) 열의 같은 품목명을 연결했으며 일반 유통시장 집계입니다.
정류기·프런트엔드 전원,avnet-rectifier_frontend_psu,정류기·프런트엔드 전원 · Avnet 발간 이력 · Avnet Abacus,weeks,2020-Q3,false,missing,0,[],,,,,,,,missing,,,false,,,이 분기에 확인된 관측이 없습니다.,,,이 분기에 확인된 관측이 없습니다.,,,,이 분기에 확인된 관측이 없습니다.,false,false,,,이 분기에 확인된 관측이 없습니다.,이 분기에 확인된 관측이 없습니다.
정류기·프런트엔드 전원,avnet-rectifier_frontend_psu,정류기·프런트엔드 전원 · Avnet 발간 이력 · Avnet Abacus,weeks,2020-Q4,false,missing,0,[],,,,,,,,missing,,,false,,,이 분기에 확인된 관측이 없습니다.,,,이 분기에 확인된 관측이 없습니다.,,,,이 분기에 확인된 관측이 없습니다.,false,false,,,이 분기에 확인된 관측이 없습니다.,이 분기에 확인된 관측이 없습니다.
정류기·프런트엔드 전원,avnet-rectifier_frontend_psu,정류기·프런트엔드 전원 · Avnet 발간 이력 · Avnet Abacus,weeks,2021-Q1,false,missing,0,[],,,,,,,,missing,,,false,,,이 분기에 확인된 관측이 없습니다.,,,이 분기에 확인된 관측이 없습니다.,,,,이 분기에 확인된 관측이 없습니다.,false,false,,,이 분기에 확인된 관측이 없습니다.,이 분기에 확인된 관측이 없습니다.
정류기·프런트엔드 전원,avnet-rectifier_frontend_psu,정류기·프런트엔드 전원 · Avnet 발간 이력 · Avnet Abacus,weeks,2021-Q2,true,latest,1,"[""avnet-2021-04-rectifier_frontend_psu""]",avnet-2021-04-rectifier_frontend_psu,2021-04,발간일,2021-04,2021-04,Avnet Abacus,Avnet Abacus 일반 유통시장 · 정류기·프런트엔드 전원,range,10,24,false,,,바로 이전 분기 대표값 없음,0.0,33.333333,범위 하단끼리·상단끼리 비교. 변화율 구간이나 평균이 아님.,100.0,133.333333,2019-Q3,범위 하단끼리·상단끼리 비교. 변화율 구간이나 평균이 아님.,false,false,https://www.avnet.com/wcm/connect/6466625f-04e6-4164-bd2e-9acdd402fc9b/AVA-Lead-Time-Guide-April-2021-EN-Document.pdf?MOD=AJPERES,PDF p.2 · Rectifiers & front-end PSU · Lead-time: weeks,분기 내 마지막 확인값 · 원 자료 축 2021-04 (발간일). 분기 평균·분기말 확정값 아님.,2021-04 Avnet Abacus의 정류기·프런트엔드 전원는 10–24주입니다. 원문 납기(주) 열의 같은 품목명을 연결했으며 일반 유통시장 집계입니다.
정류기·프런트엔드 전원,avnet-rectifier_frontend_psu,정류기·프런트엔드 전원 · Avnet 발간 이력 · Avnet Abacus,weeks,2021-Q3,true,latest,1,"[""avnet-2021-07-rectifier_frontend_psu""]",avnet-2021-07-rectifier_frontend_psu,2021-07,발간일,2021-07,2021-07,Avnet Abacus,Avnet Abacus 일반 유통시장 · 정류기·프런트엔드 전원,range,14,44,false,40.0,83.333333,범위 하단끼리·상단끼리 비교. 변화율 구간이나 평균이 아님.,,,전년 동기 대표값 없음 또는 제품 범위 변경,140.0,244.444444,2019-Q3,범위 하단끼리·상단끼리 비교. 변화율 구간이나 평균이 아님.,false,false,https://www.avnet.com/wcm/connect/677978a9-b285-4a92-a841-00c85b0cefc5/AVA-Lead-Time-Guide-July-2021-EN-Document.pdf?MOD=AJPERES,PDF p.2 · Rectifiers & front-end PSU · Lead-time: weeks,분기 내 마지막 확인값 · 원 자료 축 2021-07 (발간일). 분기 평균·분기말 확정값 아님.,2021-07 Avnet Abacus의 정류기·프런트엔드 전원는 14–44주입니다. 원문 납기(주) 열의 같은 품목명을 연결했으며 일반 유통시장 집계입니다.
정류기·프런트엔드 전원,avnet-rectifier_frontend_psu,정류기·프런트엔드 전원 · Avnet 발간 이력 · Avnet Abacus,weeks,2021-Q4,false,missing,0,[],,,,,,,,missing,,,false,,,이 분기에 확인된 관측이 없습니다.,,,이 분기에 확인된 관측이 없습니다.,,,,이 분기에 확인된 관측이 없습니다.,false,false,,,이 분기에 확인된 관측이 없습니다.,이 분기에 확인된 관측이 없습니다.
정류기·프런트엔드 전원,avnet-rectifier_frontend_psu,정류기·프런트엔드 전원 · Avnet 발간 이력 · Avnet Abacus,weeks,2022-Q1,false,missing,0,[],,,,,,,,missing,,,false,,,이 분기에 확인된 관측이 없습니다.,,,이 분기에 확인된 관측이 없습니다.,,,,이 분기에 확인된 관측이 없습니다.,false,false,,,이 분기에 확인된 관측이 없습니다.,이 분기에 확인된 관측이 없습니다.
정류기·프런트엔드 전원,avnet-rectifier_frontend_psu,정류기·프런트엔드 전원 · Avnet 발간 이력 · Avnet Abacus,weeks,2022-Q2,false,missing,0,[],,,,,,,,missing,,,false,,,이 분기에 확인된 관측이 없습니다.,,,이 분기에 확인된 관측이 없습니다.,,,,이 분기에 확인된 관측이 없습니다.,false,false,,,이 분기에 확인된 관측이 없습니다.,이 분기에 확인된 관측이 없습니다.
정류기·프런트엔드 전원,avnet-rectifier_frontend_psu,정류기·프런트엔드 전원 · Avnet 발간 이력 · Avnet Abacus,weeks,2022-Q3,false,missing,0,[],,,,,,,,missing,,,false,,,이 분기에 확인된 관측이 없습니다.,,,이 분기에 확인된 관측이 없습니다.,,,,이 분기에 확인된 관측이 없습니다.,false,false,,,이 분기에 확인된 관측이 없습니다.,이 분기에 확인된 관측이 없습니다.
정류기·프런트엔드 전원,avnet-rectifier_frontend_psu,정류기·프런트엔드 전원 · Avnet 발간 이력 · Avnet Abacus,weeks,2022-Q4,true,latest,1,"[""avnet-2022-12-rectifier_frontend_psu""]",avnet-2022-12-rectifier_frontend_psu,2022-12,발간일,2022-12,2022-12,Avnet Abacus,Avnet Abacus 일반 유통시장 · 정류기·프런트엔드 전원,range,22,48,false,,,바로 이전 분기 대표값 없음,,,전년 동기 대표값 없음 또는 제품 범위 변경,220.0,266.666667,2019-Q3,범위 하단끼리·상단끼리 비교. 변화율 구간이나 평균이 아님.,false,false,https://www.avnet.com/wcm/connect/b496febc-6ece-4ee2-a4ae-eae91a34d9d1/AVA-Lead-Time-Guide-December-2022-EN-Document.pdf?MOD=AJPERES,PDF p.2 · Rectifiers & front-end PSU · Lead-time: weeks,분기 내 마지막 확인값 · 원 자료 축 2022-12 (발간일). 분기 평균·분기말 확정값 아님.,2022-12 Avnet Abacus의 정류기·프런트엔드 전원는 22–48주입니다. 원문 납기(주) 열의 같은 품목명을 연결했으며 일반 유통시장 집계입니다.
정류기·프런트엔드 전원,avnet-rectifier_frontend_psu,정류기·프런트엔드 전원 · Avnet 발간 이력 · Avnet Abacus,weeks,2023-Q1,false,missing,0,[],,,,,,,,missing,,,false,,,이 분기에 확인된 관측이 없습니다.,,,이 분기에 확인된 관측이 없습니다.,,,,이 분기에 확인된 관측이 없습니다.,false,false,,,이 분기에 확인된 관측이 없습니다.,이 분기에 확인된 관측이 없습니다.
정류기·프런트엔드 전원,avnet-rectifier_frontend_psu,정류기·프런트엔드 전원 · Avnet 발간 이력 · Avnet Abacus,weeks,2023-Q2,false,missing,0,[],,,,,,,,missing,,,false,,,이 분기에 확인된 관측이 없습니다.,,,이 분기에 확인된 관측이 없습니다.,,,,이 분기에 확인된 관측이 없습니다.,false,false,,,이 분기에 확인된 관측이 없습니다.,이 분기에 확인된 관측이 없습니다.
정류기·프런트엔드 전원,avnet-rectifier_frontend_psu,정류기·프런트엔드 전원 · Avnet 발간 이력 · Avnet Abacus,weeks,2023-Q3,false,missing,0,[],,,,,,,,missing,,,false,,,이 분기에 확인된 관측이 없습니다.,,,이 분기에 확인된 관측이 없습니다.,,,,이 분기에 확인된 관측이 없습니다.,false,false,,,이 분기에 확인된 관측이 없습니다.,이 분기에 확인된 관측이 없습니다.
정류기·프런트엔드 전원,avnet-rectifier_frontend_psu,정류기·프런트엔드 전원 · Avnet 발간 이력 · Avnet Abacus,weeks,2023-Q4,true,latest,1,"[""avnet-2023-11-rectifier_frontend_psu""]",avnet-2023-11-rectifier_frontend_psu,2023-11,발간일,2023-11,2023-11,Avnet Abacus,Avnet Abacus 일반 유통시장 · 정류기·프런트엔드 전원,range,22,48,false,,,바로 이전 분기 대표값 없음,0.0,0.0,범위 하단끼리·상단끼리 비교. 변화율 구간이나 평균이 아님.,220.0,266.666667,2019-Q3,범위 하단끼리·상단끼리 비교. 변화율 구간이나 평균이 아님.,false,false,https://my.avnet.com/wcm/connect/affeb8c0-65e8-46cb-84bc-15fca9dae0bd/AVA-Lead-Time-Guide-November-2022-EN-Document.pdf?MOD=AJPERES,PDF p.2 · Rectifiers & front-end PSU · Lead-time: weeks,분기 내 마지막 확인값 · 원 자료 축 2023-11 (발간일). 분기 평균·분기말 확정값 아님.,2023-11 Avnet Abacus의 정류기·프런트엔드 전원는 22–48주입니다. 원문 납기(주) 열의 같은 품목명을 연결했으며 일반 유통시장 집계입니다.
정류기·프런트엔드 전원,avnet-rectifier_frontend_psu,정류기·프런트엔드 전원 · Avnet 발간 이력 · Avnet Abacus,weeks,2024-Q1,true,latest,2,"[""avnet-2024-01-rectifier_frontend_psu"", ""avnet-2024-02-rectifier_frontend_psu""]",avnet-2024-02-rectifier_frontend_psu,2024-02,발간일,2024-02,2024-02,Avnet Abacus,Avnet Abacus 일반 유통시장 · 정류기·프런트엔드 전원,range,22,48,false,0.0,0.0,범위 하단끼리·상단끼리 비교. 변화율 구간이나 평균이 아님.,,,전년 동기 대표값 없음 또는 제품 범위 변경,220.0,266.666667,2019-Q3,범위 하단끼리·상단끼리 비교. 변화율 구간이나 평균이 아님.,false,false,https://my.avnet.com/wcm/connect/1c3e37ed-e911-4561-b888-cbea8ac78f55/AVA-Lead-Time-Guide-February-2024-EN-Document.pdf?MOD=AJPERES,PDF p.2,분기 내 마지막 확인값 · 원 자료 축 2024-02 (발간일). 분기 평균·분기말 확정값 아님.,2024-02 가이드의 정류기·프런트엔드 전원 납기는 22–48주입니다. 일반 유통시장 보고값이며 AI 서버 전용 집계와 구분합니다.
정류기·프런트엔드 전원,avnet-rectifier_frontend_psu,정류기·프런트엔드 전원 · Avnet 발간 이력 · Avnet Abacus,weeks,2024-Q2,false,missing,0,[],,,,,,,,missing,,,false,,,이 분기에 확인된 관측이 없습니다.,,,이 분기에 확인된 관측이 없습니다.,,,,이 분기에 확인된 관측이 없습니다.,false,false,,,이 분기에 확인된 관측이 없습니다.,이 분기에 확인된 관측이 없습니다.
정류기·프런트엔드 전원,avnet-rectifier_frontend_psu,정류기·프런트엔드 전원 · Avnet 발간 이력 · Avnet Abacus,weeks,2024-Q3,true,latest,1,"[""avnet-2024-09-rectifier_frontend_psu""]",avnet-2024-09-rectifier_frontend_psu,2024-09,발간일,2024-09,2024-09,Avnet Abacus,Avnet Abacus 일반 유통시장 · 정류기·프런트엔드 전원,range,22,48,false,,,바로 이전 분기 대표값 없음,,,전년 동기 대표값 없음 또는 제품 범위 변경,220.0,266.666667,2019-Q3,범위 하단끼리·상단끼리 비교. 변화율 구간이나 평균이 아님.,false,false,https://my.avnet.com/wcm/connect/e9d18ef4-6a53-4f76-b6cf-d63549a0694b/AVA-Lead-Time-Guide-September-2024-EN-Document-aba24037.pdf?MOD=AJPERES,PDF p.2,분기 내 마지막 확인값 · 원 자료 축 2024-09 (발간일). 분기 평균·분기말 확정값 아님.,2024-09 가이드의 정류기·프런트엔드 전원 납기는 22–48주입니다. 일반 유통시장 보고값으로 AI 서버용 집계와 구분합니다.
정류기·프런트엔드 전원,avnet-rectifier_frontend_psu,정류기·프런트엔드 전원 · Avnet 발간 이력 · Avnet Abacus,weeks,2024-Q4,false,missing,0,[],,,,,,,,missing,,,false,,,이 분기에 확인된 관측이 없습니다.,,,이 분기에 확인된 관측이 없습니다.,,,,이 분기에 확인된 관측이 없습니다.,false,false,,,이 분기에 확인된 관측이 없습니다.,이 분기에 확인된 관측이 없습니다.
정류기·프런트엔드 전원,avnet-rectifier_frontend_psu,정류기·프런트엔드 전원 · Avnet 발간 이력 · Avnet Abacus,weeks,2025-Q1,false,missing,0,[],,,,,,,,missing,,,false,,,이 분기에 확인된 관측이 없습니다.,,,이 분기에 확인된 관측이 없습니다.,,,,이 분기에 확인된 관측이 없습니다.,false,false,,,이 분기에 확인된 관측이 없습니다.,이 분기에 확인된 관측이 없습니다.
정류기·프런트엔드 전원,avnet-rectifier_frontend_psu,정류기·프런트엔드 전원 · Avnet 발간 이력 · Avnet Abacus,weeks,2025-Q2,false,missing,0,[],,,,,,,,missing,,,false,,,이 분기에 확인된 관측이 없습니다.,,,이 분기에 확인된 관측이 없습니다.,,,,이 분기에 확인된 관측이 없습니다.,false,false,,,이 분기에 확인된 관측이 없습니다.,이 분기에 확인된 관측이 없습니다.
정류기·프런트엔드 전원,avnet-rectifier_frontend_psu,정류기·프런트엔드 전원 · Avnet 발간 이력 · Avnet Abacus,weeks,2025-Q3,true,latest,1,"[""avnet-2025-07-rectifier_frontend_psu""]",avnet-2025-07-rectifier_frontend_psu,2025-07,발간일,2025-07,2025-07,Avnet Abacus,Avnet Abacus 일반 유통시장 · 정류기·프런트엔드 전원,range,22,48,false,,,바로 이전 분기 대표값 없음,0.0,0.0,범위 하단끼리·상단끼리 비교. 변화율 구간이나 평균이 아님.,220.0,266.666667,2019-Q3,범위 하단끼리·상단끼리 비교. 변화율 구간이나 평균이 아님.,false,false,https://my.avnet.com/wcm/connect/a3326d60-174d-4224-8e1d-f2f5595919a1/AVA-Lead-Time-Guide-July-2025-EN-Document.pdf?MOD=AJPERES,PDF p.2,분기 내 마지막 확인값 · 원 자료 축 2025-07 (발간일). 분기 평균·분기말 확정값 아님.,2025-07 가이드의 정류기·프런트엔드 전원 납기는 22–48주입니다. 일반 유통시장 보고값으로 AI 서버용 집계와 구분합니다.
정류기·프런트엔드 전원,avnet-rectifier_frontend_psu,정류기·프런트엔드 전원 · Avnet 발간 이력 · Avnet Abacus,weeks,2025-Q4,false,missing,0,[],,,,,,,,missing,,,false,,,이 분기에 확인된 관측이 없습니다.,,,이 분기에 확인된 관측이 없습니다.,,,,이 분기에 확인된 관측이 없습니다.,false,false,,,이 분기에 확인된 관측이 없습니다.,이 분기에 확인된 관측이 없습니다.
정류기·프런트엔드 전원,avnet-rectifier_frontend_psu,정류기·프런트엔드 전원 · Avnet 발간 이력 · Avnet Abacus,weeks,2026-Q1,false,missing,0,[],,,,,,,,missing,,,false,,,이 분기에 확인된 관측이 없습니다.,,,이 분기에 확인된 관측이 없습니다.,,,,이 분기에 확인된 관측이 없습니다.,false,false,,,이 분기에 확인된 관측이 없습니다.,이 분기에 확인된 관측이 없습니다.
정류기·프런트엔드 전원,avnet-rectifier_frontend_psu,정류기·프런트엔드 전원 · Avnet 발간 이력 · Avnet Abacus,weeks,2026-Q2,false,missing,0,[],,,,,,,,missing,,,false,,,이 분기에 확인된 관측이 없습니다.,,,이 분기에 확인된 관측이 없습니다.,,,,이 분기에 확인된 관측이 없습니다.,false,false,,,이 분기에 확인된 관측이 없습니다.,이 분기에 확인된 관측이 없습니다.
정류기·프런트엔드 전원,avnet-rectifier_frontend_psu,정류기·프런트엔드 전원 · Avnet 발간 이력 · Avnet Abacus,weeks,2026-Q3,true,latest,1,"[""avnet-2026-08-rectifier_frontend_psu""]",avnet-2026-08-rectifier_frontend_psu,2026-08,발간일,2026-08,2026-08,Avnet Abacus,Avnet Abacus 일반 유통시장 · 정류기·프런트엔드 전원,range,22,48,false,,,바로 이전 분기 대표값 없음,0.0,0.0,범위 하단끼리·상단끼리 비교. 변화율 구간이나 평균이 아님.,220.0,266.666667,2019-Q3,범위 하단끼리·상단끼리 비교. 변화율 구간이나 평균이 아님.,false,false,https://my.avnet.com/wcm/connect/2222f00c-e4dc-4143-899c-4a892756fcc7/AVA-Lead-Time-Guide-August-2026-EN-Document.pdf?MOD=AJPERES,PDF p.2,분기 내 마지막 확인값 · 원 자료 축 2026-08 (발간일). 분기 평균·분기말 확정값 아님.,2026-08 가이드의 정류기·프런트엔드 전원 납기는 22–48주입니다. 일반 유통시장 보고값으로 AI 서버용 집계와 구분합니다.
산업용·브릭 DC–DC 전원,avnet-dcdc_industrial_brick,산업용·브릭 DC–DC 전원 · Avnet 발간 이력 · Avnet Abacus,weeks,2019-Q3,true,latest,1,"[""avnet-2019-09-dcdc_industrial_brick""]",avnet-2019-09-dcdc_industrial_brick,2019-09,발간일,2019-09,2019-09,Avnet Abacus,Avnet Abacus 일반 유통시장 · 산업용·브릭 DC–DC 전원,range,8,18,false,,,바로 이전 분기 대표값 없음,,,전년 동기 대표값 없음 또는 제품 범위 변경,100.0,100.0,2019-Q3,범위 하단끼리·상단끼리 비교. 변화율 구간이나 평균이 아님.,false,false,https://www.avnet.com/wcm/connect/b7202770-5e3f-4369-95f9-70bf9c04defe/AVA-Lead-Time-guide-September-2019-EN-Document.pdf?MOD=AJPERES&attachment=true&id=1568983700586&id=1568983700586%3FMOD%3DAJPERES,PDF p.1 · DC-DC industrial & bricks · Lead-time: weeks,분기 내 마지막 확인값 · 원 자료 축 2019-09 (발간일). 분기 평균·분기말 확정값 아님.,2019-09 Avnet Abacus의 산업용·브릭 DC–DC 전원는 8–18주입니다. 원문 납기(주) 열의 같은 품목명을 연결했으며 일반 유통시장 집계입니다.
산업용·브릭 DC–DC 전원,avnet-dcdc_industrial_brick,산업용·브릭 DC–DC 전원 · Avnet 발간 이력 · Avnet Abacus,weeks,2019-Q4,false,missing,0,[],,,,,,,,missing,,,false,,,이 분기에 확인된 관측이 없습니다.,,,이 분기에 확인된 관측이 없습니다.,,,,이 분기에 확인된 관측이 없습니다.,false,false,,,이 분기에 확인된 관측이 없습니다.,이 분기에 확인된 관측이 없습니다.
산업용·브릭 DC–DC 전원,avnet-dcdc_industrial_brick,산업용·브릭 DC–DC 전원 · Avnet 발간 이력 · Avnet Abacus,weeks,2020-Q1,false,missing,0,[],,,,,,,,missing,,,false,,,이 분기에 확인된 관측이 없습니다.,,,이 분기에 확인된 관측이 없습니다.,,,,이 분기에 확인된 관측이 없습니다.,false,false,,,이 분기에 확인된 관측이 없습니다.,이 분기에 확인된 관측이 없습니다.
산업용·브릭 DC–DC 전원,avnet-dcdc_industrial_brick,산업용·브릭 DC–DC 전원 · Avnet 발간 이력 · Avnet Abacus,weeks,2020-Q2,true,latest,1,"[""avnet-2020-04-dcdc_industrial_brick""]",avnet-2020-04-dcdc_industrial_brick,2020-04,발간일,2020-04,2020-04,Avnet Abacus,Avnet Abacus 일반 유통시장 · 산업용·브릭 DC–DC 전원,range,8,18,false,,,바로 이전 분기 대표값 없음,,,전년 동기 대표값 없음 또는 제품 범위 변경,100.0,100.0,2019-Q3,범위 하단끼리·상단끼리 비교. 변화율 구간이나 평균이 아님.,false,false,https://www.avnet.com/wcm/connect/101b4984-151c-4e9e-8c42-e55a2da865af/AVA-Lead-Time-guide-March-2020-EN-Document.pdf?MOD=AJPERES,PDF p.1 · DC-DC industrial & bricks · Lead-time: weeks,분기 내 마지막 확인값 · 원 자료 축 2020-04 (발간일). 분기 평균·분기말 확정값 아님.,2020-04 Avnet Abacus의 산업용·브릭 DC–DC 전원는 8–18주입니다. 원문 납기(주) 열의 같은 품목명을 연결했으며 일반 유통시장 집계입니다.
산업용·브릭 DC–DC 전원,avnet-dcdc_industrial_brick,산업용·브릭 DC–DC 전원 · Avnet 발간 이력 · Avnet Abacus,weeks,2020-Q3,false,missing,0,[],,,,,,,,missing,,,false,,,이 분기에 확인된 관측이 없습니다.,,,이 분기에 확인된 관측이 없습니다.,,,,이 분기에 확인된 관측이 없습니다.,false,false,,,이 분기에 확인된 관측이 없습니다.,이 분기에 확인된 관측이 없습니다.
산업용·브릭 DC–DC 전원,avnet-dcdc_industrial_brick,산업용·브릭 DC–DC 전원 · Avnet 발간 이력 · Avnet Abacus,weeks,2020-Q4,false,missing,0,[],,,,,,,,missing,,,false,,,이 분기에 확인된 관측이 없습니다.,,,이 분기에 확인된 관측이 없습니다.,,,,이 분기에 확인된 관측이 없습니다.,false,false,,,이 분기에 확인된 관측이 없습니다.,이 분기에 확인된 관측이 없습니다.
산업용·브릭 DC–DC 전원,avnet-dcdc_industrial_brick,산업용·브릭 DC–DC 전원 · Avnet 발간 이력 · Avnet Abacus,weeks,2021-Q1,false,missing,0,[],,,,,,,,missing,,,false,,,이 분기에 확인된 관측이 없습니다.,,,이 분기에 확인된 관측이 없습니다.,,,,이 분기에 확인된 관측이 없습니다.,false,false,,,이 분기에 확인된 관측이 없습니다.,이 분기에 확인된 관측이 없습니다.
산업용·브릭 DC–DC 전원,avnet-dcdc_industrial_brick,산업용·브릭 DC–DC 전원 · Avnet 발간 이력 · Avnet Abacus,weeks,2021-Q2,true,latest,1,"[""avnet-2021-04-dcdc_industrial_brick""]",avnet-2021-04-dcdc_industrial_brick,2021-04,발간일,2021-04,2021-04,Avnet Abacus,Avnet Abacus 일반 유통시장 · 산업용·브릭 DC–DC 전원,range,4,24,false,,,바로 이전 분기 대표값 없음,-50.0,33.333333,범위 하단끼리·상단끼리 비교. 변화율 구간이나 평균이 아님.,50.0,133.333333,2019-Q3,범위 하단끼리·상단끼리 비교. 변화율 구간이나 평균이 아님.,false,false,https://www.avnet.com/wcm/connect/6466625f-04e6-4164-bd2e-9acdd402fc9b/AVA-Lead-Time-Guide-April-2021-EN-Document.pdf?MOD=AJPERES,PDF p.2 · DC-DC industrial & bricks · Lead-time: weeks,분기 내 마지막 확인값 · 원 자료 축 2021-04 (발간일). 분기 평균·분기말 확정값 아님.,2021-04 Avnet Abacus의 산업용·브릭 DC–DC 전원는 4–24주입니다. 원문 납기(주) 열의 같은 품목명을 연결했으며 일반 유통시장 집계입니다.
산업용·브릭 DC–DC 전원,avnet-dcdc_industrial_brick,산업용·브릭 DC–DC 전원 · Avnet 발간 이력 · Avnet Abacus,weeks,2021-Q3,true,latest,1,"[""avnet-2021-07-dcdc_industrial_brick""]",avnet-2021-07-dcdc_industrial_brick,2021-07,발간일,2021-07,2021-07,Avnet Abacus,Avnet Abacus 일반 유통시장 · 산업용·브릭 DC–DC 전원,range,5,44,false,25.0,83.333333,범위 하단끼리·상단끼리 비교. 변화율 구간이나 평균이 아님.,,,전년 동기 대표값 없음 또는 제품 범위 변경,62.5,244.444444,2019-Q3,범위 하단끼리·상단끼리 비교. 변화율 구간이나 평균이 아님.,false,false,https://www.avnet.com/wcm/connect/677978a9-b285-4a92-a841-00c85b0cefc5/AVA-Lead-Time-Guide-July-2021-EN-Document.pdf?MOD=AJPERES,PDF p.2 · DC-DC industrial & bricks · Lead-time: weeks,분기 내 마지막 확인값 · 원 자료 축 2021-07 (발간일). 분기 평균·분기말 확정값 아님.,2021-07 Avnet Abacus의 산업용·브릭 DC–DC 전원는 5–44주입니다. 원문 납기(주) 열의 같은 품목명을 연결했으며 일반 유통시장 집계입니다.
산업용·브릭 DC–DC 전원,avnet-dcdc_industrial_brick,산업용·브릭 DC–DC 전원 · Avnet 발간 이력 · Avnet Abacus,weeks,2021-Q4,false,missing,0,[],,,,,,,,missing,,,false,,,이 분기에 확인된 관측이 없습니다.,,,이 분기에 확인된 관측이 없습니다.,,,,이 분기에 확인된 관측이 없습니다.,false,false,,,이 분기에 확인된 관측이 없습니다.,이 분기에 확인된 관측이 없습니다.
산업용·브릭 DC–DC 전원,avnet-dcdc_industrial_brick,산업용·브릭 DC–DC 전원 · Avnet 발간 이력 · Avnet Abacus,weeks,2022-Q1,false,missing,0,[],,,,,,,,missing,,,false,,,이 분기에 확인된 관측이 없습니다.,,,이 분기에 확인된 관측이 없습니다.,,,,이 분기에 확인된 관측이 없습니다.,false,false,,,이 분기에 확인된 관측이 없습니다.,이 분기에 확인된 관측이 없습니다.
산업용·브릭 DC–DC 전원,avnet-dcdc_industrial_brick,산업용·브릭 DC–DC 전원 · Avnet 발간 이력 · Avnet Abacus,weeks,2022-Q2,false,missing,0,[],,,,,,,,missing,,,false,,,이 분기에 확인된 관측이 없습니다.,,,이 분기에 확인된 관측이 없습니다.,,,,이 분기에 확인된 관측이 없습니다.,false,false,,,이 분기에 확인된 관측이 없습니다.,이 분기에 확인된 관측이 없습니다.
산업용·브릭 DC–DC 전원,avnet-dcdc_industrial_brick,산업용·브릭 DC–DC 전원 · Avnet 발간 이력 · Avnet Abacus,weeks,2022-Q3,false,missing,0,[],,,,,,,,missing,,,false,,,이 분기에 확인된 관측이 없습니다.,,,이 분기에 확인된 관측이 없습니다.,,,,이 분기에 확인된 관측이 없습니다.,false,false,,,이 분기에 확인된 관측이 없습니다.,이 분기에 확인된 관측이 없습니다.
산업용·브릭 DC–DC 전원,avnet-dcdc_industrial_brick,산업용·브릭 DC–DC 전원 · Avnet 발간 이력 · Avnet Abacus,weeks,2022-Q4,true,latest,1,"[""avnet-2022-12-dcdc_industrial_brick""]",avnet-2022-12-dcdc_industrial_brick,2022-12,발간일,2022-12,2022-12,Avnet Abacus,Avnet Abacus 일반 유통시장 · 산업용·브릭 DC–DC 전원,range,12,48,false,,,바로 이전 분기 대표값 없음,,,전년 동기 대표값 없음 또는 제품 범위 변경,150.0,266.666667,2019-Q3,범위 하단끼리·상단끼리 비교. 변화율 구간이나 평균이 아님.,false,false,https://www.avnet.com/wcm/connect/b496febc-6ece-4ee2-a4ae-eae91a34d9d1/AVA-Lead-Time-Guide-December-2022-EN-Document.pdf?MOD=AJPERES,PDF p.2 · DC-DC industrial & bricks · Lead-time: weeks,분기 내 마지막 확인값 · 원 자료 축 2022-12 (발간일). 분기 평균·분기말 확정값 아님.,2022-12 Avnet Abacus의 산업용·브릭 DC–DC 전원는 12–48주입니다. 원문 납기(주) 열의 같은 품목명을 연결했으며 일반 유통시장 집계입니다.
산업용·브릭 DC–DC 전원,avnet-dcdc_industrial_brick,산업용·브릭 DC–DC 전원 · Avnet 발간 이력 · Avnet Abacus,weeks,2023-Q1,false,missing,0,[],,,,,,,,missing,,,false,,,이 분기에 확인된 관측이 없습니다.,,,이 분기에 확인된 관측이 없습니다.,,,,이 분기에 확인된 관측이 없습니다.,false,false,,,이 분기에 확인된 관측이 없습니다.,이 분기에 확인된 관측이 없습니다.
산업용·브릭 DC–DC 전원,avnet-dcdc_industrial_brick,산업용·브릭 DC–DC 전원 · Avnet 발간 이력 · Avnet Abacus,weeks,2023-Q2,false,missing,0,[],,,,,,,,missing,,,false,,,이 분기에 확인된 관측이 없습니다.,,,이 분기에 확인된 관측이 없습니다.,,,,이 분기에 확인된 관측이 없습니다.,false,false,,,이 분기에 확인된 관측이 없습니다.,이 분기에 확인된 관측이 없습니다.
산업용·브릭 DC–DC 전원,avnet-dcdc_industrial_brick,산업용·브릭 DC–DC 전원 · Avnet 발간 이력 · Avnet Abacus,weeks,2023-Q3,false,missing,0,[],,,,,,,,missing,,,false,,,이 분기에 확인된 관측이 없습니다.,,,이 분기에 확인된 관측이 없습니다.,,,,이 분기에 확인된 관측이 없습니다.,false,false,,,이 분기에 확인된 관측이 없습니다.,이 분기에 확인된 관측이 없습니다.
산업용·브릭 DC–DC 전원,avnet-dcdc_industrial_brick,산업용·브릭 DC–DC 전원 · Avnet 발간 이력 · Avnet Abacus,weeks,2023-Q4,true,latest,1,"[""avnet-2023-11-dcdc_industrial_brick""]",avnet-2023-11-dcdc_industrial_brick,2023-11,발간일,2023-11,2023-11,Avnet Abacus,Avnet Abacus 일반 유통시장 · 산업용·브릭 DC–DC 전원,range,12,48,false,,,바로 이전 분기 대표값 없음,0.0,0.0,범위 하단끼리·상단끼리 비교. 변화율 구간이나 평균이 아님.,150.0,266.666667,2019-Q3,범위 하단끼리·상단끼리 비교. 변화율 구간이나 평균이 아님.,false,false,https://my.avnet.com/wcm/connect/affeb8c0-65e8-46cb-84bc-15fca9dae0bd/AVA-Lead-Time-Guide-November-2022-EN-Document.pdf?MOD=AJPERES,PDF p.2 · DC-DC industrial & bricks · Lead-time: weeks,분기 내 마지막 확인값 · 원 자료 축 2023-11 (발간일). 분기 평균·분기말 확정값 아님.,2023-11 Avnet Abacus의 산업용·브릭 DC–DC 전원는 12–48주입니다. 원문 납기(주) 열의 같은 품목명을 연결했으며 일반 유통시장 집계입니다.
산업용·브릭 DC–DC 전원,avnet-dcdc_industrial_brick,산업용·브릭 DC–DC 전원 · Avnet 발간 이력 · Avnet Abacus,weeks,2024-Q1,true,latest,2,"[""avnet-2024-01-dcdc_industrial_brick"", ""avnet-2024-02-dcdc_industrial_brick""]",avnet-2024-02-dcdc_industrial_brick,2024-02,발간일,2024-02,2024-02,Avnet Abacus,Avnet Abacus 일반 유통시장 · 산업용·브릭 DC–DC 전원,range,12,48,false,0.0,0.0,범위 하단끼리·상단끼리 비교. 변화율 구간이나 평균이 아님.,,,전년 동기 대표값 없음 또는 제품 범위 변경,150.0,266.666667,2019-Q3,범위 하단끼리·상단끼리 비교. 변화율 구간이나 평균이 아님.,false,false,https://my.avnet.com/wcm/connect/1c3e37ed-e911-4561-b888-cbea8ac78f55/AVA-Lead-Time-Guide-February-2024-EN-Document.pdf?MOD=AJPERES,PDF p.2,분기 내 마지막 확인값 · 원 자료 축 2024-02 (발간일). 분기 평균·분기말 확정값 아님.,2024-02 가이드의 산업용·브릭 DC–DC 전원 납기는 12–48주입니다. 일반 유통시장 보고값이며 AI 서버 전용 집계와 구분합니다.
산업용·브릭 DC–DC 전원,avnet-dcdc_industrial_brick,산업용·브릭 DC–DC 전원 · Avnet 발간 이력 · Avnet Abacus,weeks,2024-Q2,false,missing,0,[],,,,,,,,missing,,,false,,,이 분기에 확인된 관측이 없습니다.,,,이 분기에 확인된 관측이 없습니다.,,,,이 분기에 확인된 관측이 없습니다.,false,false,,,이 분기에 확인된 관측이 없습니다.,이 분기에 확인된 관측이 없습니다.
산업용·브릭 DC–DC 전원,avnet-dcdc_industrial_brick,산업용·브릭 DC–DC 전원 · Avnet 발간 이력 · Avnet Abacus,weeks,2024-Q3,true,latest,1,"[""avnet-2024-09-dcdc_industrial_brick""]",avnet-2024-09-dcdc_industrial_brick,2024-09,발간일,2024-09,2024-09,Avnet Abacus,Avnet Abacus 일반 유통시장 · 산업용·브릭 DC–DC 전원,range,12,48,false,,,바로 이전 분기 대표값 없음,,,전년 동기 대표값 없음 또는 제품 범위 변경,150.0,266.666667,2019-Q3,범위 하단끼리·상단끼리 비교. 변화율 구간이나 평균이 아님.,false,false,https://my.avnet.com/wcm/connect/e9d18ef4-6a53-4f76-b6cf-d63549a0694b/AVA-Lead-Time-Guide-September-2024-EN-Document-aba24037.pdf?MOD=AJPERES,PDF p.2,분기 내 마지막 확인값 · 원 자료 축 2024-09 (발간일). 분기 평균·분기말 확정값 아님.,2024-09 가이드의 산업용·브릭 DC–DC 전원 납기는 12–48주입니다. 일반 유통시장 보고값으로 AI 서버용 집계와 구분합니다.
산업용·브릭 DC–DC 전원,avnet-dcdc_industrial_brick,산업용·브릭 DC–DC 전원 · Avnet 발간 이력 · Avnet Abacus,weeks,2024-Q4,false,missing,0,[],,,,,,,,missing,,,false,,,이 분기에 확인된 관측이 없습니다.,,,이 분기에 확인된 관측이 없습니다.,,,,이 분기에 확인된 관측이 없습니다.,false,false,,,이 분기에 확인된 관측이 없습니다.,이 분기에 확인된 관측이 없습니다.
산업용·브릭 DC–DC 전원,avnet-dcdc_industrial_brick,산업용·브릭 DC–DC 전원 · Avnet 발간 이력 · Avnet Abacus,weeks,2025-Q1,false,missing,0,[],,,,,,,,missing,,,false,,,이 분기에 확인된 관측이 없습니다.,,,이 분기에 확인된 관측이 없습니다.,,,,이 분기에 확인된 관측이 없습니다.,false,false,,,이 분기에 확인된 관측이 없습니다.,이 분기에 확인된 관측이 없습니다.
산업용·브릭 DC–DC 전원,avnet-dcdc_industrial_brick,산업용·브릭 DC–DC 전원 · Avnet 발간 이력 · Avnet Abacus,weeks,2025-Q2,false,missing,0,[],,,,,,,,missing,,,false,,,이 분기에 확인된 관측이 없습니다.,,,이 분기에 확인된 관측이 없습니다.,,,,이 분기에 확인된 관측이 없습니다.,false,false,,,이 분기에 확인된 관측이 없습니다.,이 분기에 확인된 관측이 없습니다.
산업용·브릭 DC–DC 전원,avnet-dcdc_industrial_brick,산업용·브릭 DC–DC 전원 · Avnet 발간 이력 · Avnet Abacus,weeks,2025-Q3,true,latest,1,"[""avnet-2025-07-dcdc_industrial_brick""]",avnet-2025-07-dcdc_industrial_brick,2025-07,발간일,2025-07,2025-07,Avnet Abacus,Avnet Abacus 일반 유통시장 · 산업용·브릭 DC–DC 전원,range,12,48,false,,,바로 이전 분기 대표값 없음,0.0,0.0,범위 하단끼리·상단끼리 비교. 변화율 구간이나 평균이 아님.,150.0,266.666667,2019-Q3,범위 하단끼리·상단끼리 비교. 변화율 구간이나 평균이 아님.,false,false,https://my.avnet.com/wcm/connect/a3326d60-174d-4224-8e1d-f2f5595919a1/AVA-Lead-Time-Guide-July-2025-EN-Document.pdf?MOD=AJPERES,PDF p.2,분기 내 마지막 확인값 · 원 자료 축 2025-07 (발간일). 분기 평균·분기말 확정값 아님.,2025-07 가이드의 산업용·브릭 DC–DC 전원 납기는 12–48주입니다. 일반 유통시장 보고값으로 AI 서버용 집계와 구분합니다.
산업용·브릭 DC–DC 전원,avnet-dcdc_industrial_brick,산업용·브릭 DC–DC 전원 · Avnet 발간 이력 · Avnet Abacus,weeks,2025-Q4,false,missing,0,[],,,,,,,,missing,,,false,,,이 분기에 확인된 관측이 없습니다.,,,이 분기에 확인된 관측이 없습니다.,,,,이 분기에 확인된 관측이 없습니다.,false,false,,,이 분기에 확인된 관측이 없습니다.,이 분기에 확인된 관측이 없습니다.
산업용·브릭 DC–DC 전원,avnet-dcdc_industrial_brick,산업용·브릭 DC–DC 전원 · Avnet 발간 이력 · Avnet Abacus,weeks,2026-Q1,false,missing,0,[],,,,,,,,missing,,,false,,,이 분기에 확인된 관측이 없습니다.,,,이 분기에 확인된 관측이 없습니다.,,,,이 분기에 확인된 관측이 없습니다.,false,false,,,이 분기에 확인된 관측이 없습니다.,이 분기에 확인된 관측이 없습니다.
산업용·브릭 DC–DC 전원,avnet-dcdc_industrial_brick,산업용·브릭 DC–DC 전원 · Avnet 발간 이력 · Avnet Abacus,weeks,2026-Q2,false,missing,0,[],,,,,,,,missing,,,false,,,이 분기에 확인된 관측이 없습니다.,,,이 분기에 확인된 관측이 없습니다.,,,,이 분기에 확인된 관측이 없습니다.,false,false,,,이 분기에 확인된 관측이 없습니다.,이 분기에 확인된 관측이 없습니다.
산업용·브릭 DC–DC 전원,avnet-dcdc_industrial_brick,산업용·브릭 DC–DC 전원 · Avnet 발간 이력 · Avnet Abacus,weeks,2026-Q3,true,latest,1,"[""avnet-2026-08-dcdc_industrial_brick""]",avnet-2026-08-dcdc_industrial_brick,2026-08,발간일,2026-08,2026-08,Avnet Abacus,Avnet Abacus 일반 유통시장 · 산업용·브릭 DC–DC 전원,range,12,48,false,,,바로 이전 분기 대표값 없음,0.0,0.0,범위 하단끼리·상단끼리 비교. 변화율 구간이나 평균이 아님.,150.0,266.666667,2019-Q3,범위 하단끼리·상단끼리 비교. 변화율 구간이나 평균이 아님.,false,false,https://my.avnet.com/wcm/connect/2222f00c-e4dc-4143-899c-4a892756fcc7/AVA-Lead-Time-Guide-August-2026-EN-Document.pdf?MOD=AJPERES,PDF p.2,분기 내 마지막 확인값 · 원 자료 축 2026-08 (발간일). 분기 평균·분기말 확정값 아님.,2026-08 가이드의 산업용·브릭 DC–DC 전원 납기는 12–48주입니다. 일반 유통시장 보고값으로 AI 서버용 집계와 구분합니다.
팬,avnet-fan,팬 · Avnet 발간 이력 · Avnet Abacus,weeks,2019-Q3,true,latest,1,"[""avnet-2019-09-fan""]",avnet-2019-09-fan,2019-09,발간일,2019-09,2019-09,Avnet Abacus,Avnet Abacus 일반 유통시장 · 팬,range,8,21,false,,,바로 이전 분기 대표값 없음,,,전년 동기 대표값 없음 또는 제품 범위 변경,100.0,100.0,2019-Q3,범위 하단끼리·상단끼리 비교. 변화율 구간이나 평균이 아님.,false,false,https://www.avnet.com/wcm/connect/b7202770-5e3f-4369-95f9-70bf9c04defe/AVA-Lead-Time-guide-September-2019-EN-Document.pdf?MOD=AJPERES&attachment=true&id=1568983700586&id=1568983700586%3FMOD%3DAJPERES,PDF p.1 · Fans · Lead-time: weeks,분기 내 마지막 확인값 · 원 자료 축 2019-09 (발간일). 분기 평균·분기말 확정값 아님.,2019-09 Avnet Abacus의 팬는 8–21주입니다. 원문 납기(주) 열의 같은 품목명을 연결했으며 일반 유통시장 집계입니다.
팬,avnet-fan,팬 · Avnet 발간 이력 · Avnet Abacus,weeks,2019-Q4,false,missing,0,[],,,,,,,,missing,,,false,,,이 분기에 확인된 관측이 없습니다.,,,이 분기에 확인된 관측이 없습니다.,,,,이 분기에 확인된 관측이 없습니다.,false,false,,,이 분기에 확인된 관측이 없습니다.,이 분기에 확인된 관측이 없습니다.
팬,avnet-fan,팬 · Avnet 발간 이력 · Avnet Abacus,weeks,2020-Q1,false,missing,0,[],,,,,,,,missing,,,false,,,이 분기에 확인된 관측이 없습니다.,,,이 분기에 확인된 관측이 없습니다.,,,,이 분기에 확인된 관측이 없습니다.,false,false,,,이 분기에 확인된 관측이 없습니다.,이 분기에 확인된 관측이 없습니다.
팬,avnet-fan,팬 · Avnet 발간 이력 · Avnet Abacus,weeks,2020-Q2,true,latest,1,"[""avnet-2020-04-fan""]",avnet-2020-04-fan,2020-04,발간일,2020-04,2020-04,Avnet Abacus,Avnet Abacus 일반 유통시장 · 팬,range,8,21,false,,,바로 이전 분기 대표값 없음,,,전년 동기 대표값 없음 또는 제품 범위 변경,100.0,100.0,2019-Q3,범위 하단끼리·상단끼리 비교. 변화율 구간이나 평균이 아님.,false,false,https://www.avnet.com/wcm/connect/101b4984-151c-4e9e-8c42-e55a2da865af/AVA-Lead-Time-guide-March-2020-EN-Document.pdf?MOD=AJPERES,PDF p.1 · Fans · Lead-time: weeks,분기 내 마지막 확인값 · 원 자료 축 2020-04 (발간일). 분기 평균·분기말 확정값 아님.,2020-04 Avnet Abacus의 팬는 8–21주입니다. 원문 납기(주) 열의 같은 품목명을 연결했으며 일반 유통시장 집계입니다.
팬,avnet-fan,팬 · Avnet 발간 이력 · Avnet Abacus,weeks,2020-Q3,false,missing,0,[],,,,,,,,missing,,,false,,,이 분기에 확인된 관측이 없습니다.,,,이 분기에 확인된 관측이 없습니다.,,,,이 분기에 확인된 관측이 없습니다.,false,false,,,이 분기에 확인된 관측이 없습니다.,이 분기에 확인된 관측이 없습니다.
팬,avnet-fan,팬 · Avnet 발간 이력 · Avnet Abacus,weeks,2020-Q4,false,missing,0,[],,,,,,,,missing,,,false,,,이 분기에 확인된 관측이 없습니다.,,,이 분기에 확인된 관측이 없습니다.,,,,이 분기에 확인된 관측이 없습니다.,false,false,,,이 분기에 확인된 관측이 없습니다.,이 분기에 확인된 관측이 없습니다.
팬,avnet-fan,팬 · Avnet 발간 이력 · Avnet Abacus,weeks,2021-Q1,false,missing,0,[],,,,,,,,missing,,,false,,,이 분기에 확인된 관측이 없습니다.,,,이 분기에 확인된 관측이 없습니다.,,,,이 분기에 확인된 관측이 없습니다.,false,false,,,이 분기에 확인된 관측이 없습니다.,이 분기에 확인된 관측이 없습니다.
팬,avnet-fan,팬 · Avnet 발간 이력 · Avnet Abacus,weeks,2021-Q2,true,latest,1,"[""avnet-2021-04-fan""]",avnet-2021-04-fan,2021-04,발간일,2021-04,2021-04,Avnet Abacus,Avnet Abacus 일반 유통시장 · 팬,range,8,21,false,,,바로 이전 분기 대표값 없음,0.0,0.0,범위 하단끼리·상단끼리 비교. 변화율 구간이나 평균이 아님.,100.0,100.0,2019-Q3,범위 하단끼리·상단끼리 비교. 변화율 구간이나 평균이 아님.,false,false,https://www.avnet.com/wcm/connect/6466625f-04e6-4164-bd2e-9acdd402fc9b/AVA-Lead-Time-Guide-April-2021-EN-Document.pdf?MOD=AJPERES,PDF p.2 · Fans · Lead-time: weeks,분기 내 마지막 확인값 · 원 자료 축 2021-04 (발간일). 분기 평균·분기말 확정값 아님.,2021-04 Avnet Abacus의 팬는 8–21주입니다. 원문 납기(주) 열의 같은 품목명을 연결했으며 일반 유통시장 집계입니다.
팬,avnet-fan,팬 · Avnet 발간 이력 · Avnet Abacus,weeks,2021-Q3,true,latest,1,"[""avnet-2021-07-fan""]",avnet-2021-07-fan,2021-07,발간일,2021-07,2021-07,Avnet Abacus,Avnet Abacus 일반 유통시장 · 팬,range,8,21,false,0.0,0.0,범위 하단끼리·상단끼리 비교. 변화율 구간이나 평균이 아님.,,,전년 동기 대표값 없음 또는 제품 범위 변경,100.0,100.0,2019-Q3,범위 하단끼리·상단끼리 비교. 변화율 구간이나 평균이 아님.,false,false,https://www.avnet.com/wcm/connect/677978a9-b285-4a92-a841-00c85b0cefc5/AVA-Lead-Time-Guide-July-2021-EN-Document.pdf?MOD=AJPERES,PDF p.2 · Fans · Lead-time: weeks,분기 내 마지막 확인값 · 원 자료 축 2021-07 (발간일). 분기 평균·분기말 확정값 아님.,2021-07 Avnet Abacus의 팬는 8–21주입니다. 원문 납기(주) 열의 같은 품목명을 연결했으며 일반 유통시장 집계입니다.
팬,avnet-fan,팬 · Avnet 발간 이력 · Avnet Abacus,weeks,2021-Q4,false,missing,0,[],,,,,,,,missing,,,false,,,이 분기에 확인된 관측이 없습니다.,,,이 분기에 확인된 관측이 없습니다.,,,,이 분기에 확인된 관측이 없습니다.,false,false,,,이 분기에 확인된 관측이 없습니다.,이 분기에 확인된 관측이 없습니다.
팬,avnet-fan,팬 · Avnet 발간 이력 · Avnet Abacus,weeks,2022-Q1,false,missing,0,[],,,,,,,,missing,,,false,,,이 분기에 확인된 관측이 없습니다.,,,이 분기에 확인된 관측이 없습니다.,,,,이 분기에 확인된 관측이 없습니다.,false,false,,,이 분기에 확인된 관측이 없습니다.,이 분기에 확인된 관측이 없습니다.
팬,avnet-fan,팬 · Avnet 발간 이력 · Avnet Abacus,weeks,2022-Q2,false,missing,0,[],,,,,,,,missing,,,false,,,이 분기에 확인된 관측이 없습니다.,,,이 분기에 확인된 관측이 없습니다.,,,,이 분기에 확인된 관측이 없습니다.,false,false,,,이 분기에 확인된 관측이 없습니다.,이 분기에 확인된 관측이 없습니다.
팬,avnet-fan,팬 · Avnet 발간 이력 · Avnet Abacus,weeks,2022-Q3,false,missing,0,[],,,,,,,,missing,,,false,,,이 분기에 확인된 관측이 없습니다.,,,이 분기에 확인된 관측이 없습니다.,,,,이 분기에 확인된 관측이 없습니다.,false,false,,,이 분기에 확인된 관측이 없습니다.,이 분기에 확인된 관측이 없습니다.
팬,avnet-fan,팬 · Avnet 발간 이력 · Avnet Abacus,weeks,2022-Q4,true,latest,1,"[""avnet-2022-12-fan""]",avnet-2022-12-fan,2022-12,발간일,2022-12,2022-12,Avnet Abacus,Avnet Abacus 일반 유통시장 · 팬,range,19,52,false,,,바로 이전 분기 대표값 없음,,,전년 동기 대표값 없음 또는 제품 범위 변경,237.5,247.619048,2019-Q3,범위 하단끼리·상단끼리 비교. 변화율 구간이나 평균이 아님.,false,false,https://www.avnet.com/wcm/connect/b496febc-6ece-4ee2-a4ae-eae91a34d9d1/AVA-Lead-Time-Guide-December-2022-EN-Document.pdf?MOD=AJPERES,PDF p.2 · Fans · Lead-time: weeks,분기 내 마지막 확인값 · 원 자료 축 2022-12 (발간일). 분기 평균·분기말 확정값 아님.,2022-12 Avnet Abacus의 팬는 19–52주입니다. 원문 납기(주) 열의 같은 품목명을 연결했으며 일반 유통시장 집계입니다.
팬,avnet-fan,팬 · Avnet 발간 이력 · Avnet Abacus,weeks,2023-Q1,false,missing,0,[],,,,,,,,missing,,,false,,,이 분기에 확인된 관측이 없습니다.,,,이 분기에 확인된 관측이 없습니다.,,,,이 분기에 확인된 관측이 없습니다.,false,false,,,이 분기에 확인된 관측이 없습니다.,이 분기에 확인된 관측이 없습니다.
팬,avnet-fan,팬 · Avnet 발간 이력 · Avnet Abacus,weeks,2023-Q2,false,missing,0,[],,,,,,,,missing,,,false,,,이 분기에 확인된 관측이 없습니다.,,,이 분기에 확인된 관측이 없습니다.,,,,이 분기에 확인된 관측이 없습니다.,false,false,,,이 분기에 확인된 관측이 없습니다.,이 분기에 확인된 관측이 없습니다.
팬,avnet-fan,팬 · Avnet 발간 이력 · Avnet Abacus,weeks,2023-Q3,false,missing,0,[],,,,,,,,missing,,,false,,,이 분기에 확인된 관측이 없습니다.,,,이 분기에 확인된 관측이 없습니다.,,,,이 분기에 확인된 관측이 없습니다.,false,false,,,이 분기에 확인된 관측이 없습니다.,이 분기에 확인된 관측이 없습니다.
팬,avnet-fan,팬 · Avnet 발간 이력 · Avnet Abacus,weeks,2023-Q4,true,latest,1,"[""avnet-2023-11-fan""]",avnet-2023-11-fan,2023-11,발간일,2023-11,2023-11,Avnet Abacus,Avnet Abacus 일반 유통시장 · 팬,range,19,52,false,,,바로 이전 분기 대표값 없음,0.0,0.0,범위 하단끼리·상단끼리 비교. 변화율 구간이나 평균이 아님.,237.5,247.619048,2019-Q3,범위 하단끼리·상단끼리 비교. 변화율 구간이나 평균이 아님.,false,false,https://my.avnet.com/wcm/connect/affeb8c0-65e8-46cb-84bc-15fca9dae0bd/AVA-Lead-Time-Guide-November-2022-EN-Document.pdf?MOD=AJPERES,PDF p.2 · Fans · Lead-time: weeks,분기 내 마지막 확인값 · 원 자료 축 2023-11 (발간일). 분기 평균·분기말 확정값 아님.,2023-11 Avnet Abacus의 팬는 19–52주입니다. 원문 납기(주) 열의 같은 품목명을 연결했으며 일반 유통시장 집계입니다.
팬,avnet-fan,팬 · Avnet 발간 이력 · Avnet Abacus,weeks,2024-Q1,true,latest,2,"[""avnet-2024-01-fan"", ""avnet-2024-02-fan""]",avnet-2024-02-fan,2024-02,발간일,2024-02,2024-02,Avnet Abacus,Avnet Abacus 일반 유통시장 · 팬,range,19,52,false,0.0,0.0,범위 하단끼리·상단끼리 비교. 변화율 구간이나 평균이 아님.,,,전년 동기 대표값 없음 또는 제품 범위 변경,237.5,247.619048,2019-Q3,범위 하단끼리·상단끼리 비교. 변화율 구간이나 평균이 아님.,false,false,https://my.avnet.com/wcm/connect/1c3e37ed-e911-4561-b888-cbea8ac78f55/AVA-Lead-Time-Guide-February-2024-EN-Document.pdf?MOD=AJPERES,PDF p.2,분기 내 마지막 확인값 · 원 자료 축 2024-02 (발간일). 분기 평균·분기말 확정값 아님.,2024-02 가이드의 팬 납기는 19–52주입니다. 일반 유통시장 보고값이며 AI 서버 전용 집계와 구분합니다.
팬,avnet-fan,팬 · Avnet 발간 이력 · Avnet Abacus,weeks,2024-Q2,false,missing,0,[],,,,,,,,missing,,,false,,,이 분기에 확인된 관측이 없습니다.,,,이 분기에 확인된 관측이 없습니다.,,,,이 분기에 확인된 관측이 없습니다.,false,false,,,이 분기에 확인된 관측이 없습니다.,이 분기에 확인된 관측이 없습니다.
팬,avnet-fan,팬 · Avnet 발간 이력 · Avnet Abacus,weeks,2024-Q3,true,latest,1,"[""avnet-2024-09-fan""]",avnet-2024-09-fan,2024-09,발간일,2024-09,2024-09,Avnet Abacus,Avnet Abacus 일반 유통시장 · 팬,range,19,52,false,,,바로 이전 분기 대표값 없음,,,전년 동기 대표값 없음 또는 제품 범위 변경,237.5,247.619048,2019-Q3,범위 하단끼리·상단끼리 비교. 변화율 구간이나 평균이 아님.,false,false,https://my.avnet.com/wcm/connect/e9d18ef4-6a53-4f76-b6cf-d63549a0694b/AVA-Lead-Time-Guide-September-2024-EN-Document-aba24037.pdf?MOD=AJPERES,PDF p.2,분기 내 마지막 확인값 · 원 자료 축 2024-09 (발간일). 분기 평균·분기말 확정값 아님.,2024-09 가이드의 팬 납기는 19–52주입니다. 일반 유통시장 보고값으로 AI 서버용 집계와 구분합니다.
팬,avnet-fan,팬 · Avnet 발간 이력 · Avnet Abacus,weeks,2024-Q4,false,missing,0,[],,,,,,,,missing,,,false,,,이 분기에 확인된 관측이 없습니다.,,,이 분기에 확인된 관측이 없습니다.,,,,이 분기에 확인된 관측이 없습니다.,false,false,,,이 분기에 확인된 관측이 없습니다.,이 분기에 확인된 관측이 없습니다.
팬,avnet-fan,팬 · Avnet 발간 이력 · Avnet Abacus,weeks,2025-Q1,false,missing,0,[],,,,,,,,missing,,,false,,,이 분기에 확인된 관측이 없습니다.,,,이 분기에 확인된 관측이 없습니다.,,,,이 분기에 확인된 관측이 없습니다.,false,false,,,이 분기에 확인된 관측이 없습니다.,이 분기에 확인된 관측이 없습니다.
팬,avnet-fan,팬 · Avnet 발간 이력 · Avnet Abacus,weeks,2025-Q2,false,missing,0,[],,,,,,,,missing,,,false,,,이 분기에 확인된 관측이 없습니다.,,,이 분기에 확인된 관측이 없습니다.,,,,이 분기에 확인된 관측이 없습니다.,false,false,,,이 분기에 확인된 관측이 없습니다.,이 분기에 확인된 관측이 없습니다.
팬,avnet-fan,팬 · Avnet 발간 이력 · Avnet Abacus,weeks,2025-Q3,true,latest,1,"[""avnet-2025-07-fan""]",avnet-2025-07-fan,2025-07,발간일,2025-07,2025-07,Avnet Abacus,Avnet Abacus 일반 유통시장 · 팬,range,19,52,false,,,바로 이전 분기 대표값 없음,0.0,0.0,범위 하단끼리·상단끼리 비교. 변화율 구간이나 평균이 아님.,237.5,247.619048,2019-Q3,범위 하단끼리·상단끼리 비교. 변화율 구간이나 평균이 아님.,false,false,https://my.avnet.com/wcm/connect/a3326d60-174d-4224-8e1d-f2f5595919a1/AVA-Lead-Time-Guide-July-2025-EN-Document.pdf?MOD=AJPERES,PDF p.2,분기 내 마지막 확인값 · 원 자료 축 2025-07 (발간일). 분기 평균·분기말 확정값 아님.,2025-07 가이드의 팬 납기는 19–52주입니다. 일반 유통시장 보고값으로 AI 서버용 집계와 구분합니다.
팬,avnet-fan,팬 · Avnet 발간 이력 · Avnet Abacus,weeks,2025-Q4,false,missing,0,[],,,,,,,,missing,,,false,,,이 분기에 확인된 관측이 없습니다.,,,이 분기에 확인된 관측이 없습니다.,,,,이 분기에 확인된 관측이 없습니다.,false,false,,,이 분기에 확인된 관측이 없습니다.,이 분기에 확인된 관측이 없습니다.
팬,avnet-fan,팬 · Avnet 발간 이력 · Avnet Abacus,weeks,2026-Q1,false,missing,0,[],,,,,,,,missing,,,false,,,이 분기에 확인된 관측이 없습니다.,,,이 분기에 확인된 관측이 없습니다.,,,,이 분기에 확인된 관측이 없습니다.,false,false,,,이 분기에 확인된 관측이 없습니다.,이 분기에 확인된 관측이 없습니다.
팬,avnet-fan,팬 · Avnet 발간 이력 · Avnet Abacus,weeks,2026-Q2,false,missing,0,[],,,,,,,,missing,,,false,,,이 분기에 확인된 관측이 없습니다.,,,이 분기에 확인된 관측이 없습니다.,,,,이 분기에 확인된 관측이 없습니다.,false,false,,,이 분기에 확인된 관측이 없습니다.,이 분기에 확인된 관측이 없습니다.
팬,avnet-fan,팬 · Avnet 발간 이력 · Avnet Abacus,weeks,2026-Q3,true,latest,1,"[""avnet-2026-08-fan""]",avnet-2026-08-fan,2026-08,발간일,2026-08,2026-08,Avnet Abacus,Avnet Abacus 일반 유통시장 · 팬,range,19,52,false,,,바로 이전 분기 대표값 없음,0.0,0.0,범위 하단끼리·상단끼리 비교. 변화율 구간이나 평균이 아님.,237.5,247.619048,2019-Q3,범위 하단끼리·상단끼리 비교. 변화율 구간이나 평균이 아님.,false,false,https://my.avnet.com/wcm/connect/2222f00c-e4dc-4143-899c-4a892756fcc7/AVA-Lead-Time-Guide-August-2026-EN-Document.pdf?MOD=AJPERES,PDF p.2,분기 내 마지막 확인값 · 원 자료 축 2026-08 (발간일). 분기 평균·분기말 확정값 아님.,2026-08 가이드의 팬 납기는 19–52주입니다. 일반 유통시장 보고값으로 AI 서버용 집계와 구분합니다.
방열판,avnet-heatsink,방열판 · Avnet 발간 이력 · Avnet Abacus,weeks,2019-Q3,true,latest,1,"[""avnet-2019-09-heatsink""]",avnet-2019-09-heatsink,2019-09,발간일,2019-09,2019-09,Avnet Abacus,Avnet Abacus 일반 유통시장 · 방열판,range,8,10,false,,,바로 이전 분기 대표값 없음,,,전년 동기 대표값 없음 또는 제품 범위 변경,100.0,100.0,2019-Q3,범위 하단끼리·상단끼리 비교. 변화율 구간이나 평균이 아님.,false,false,https://www.avnet.com/wcm/connect/b7202770-5e3f-4369-95f9-70bf9c04defe/AVA-Lead-Time-guide-September-2019-EN-Document.pdf?MOD=AJPERES&attachment=true&id=1568983700586&id=1568983700586%3FMOD%3DAJPERES,PDF p.1 · Heatsinks · Lead-time: weeks,분기 내 마지막 확인값 · 원 자료 축 2019-09 (발간일). 분기 평균·분기말 확정값 아님.,2019-09 Avnet Abacus의 방열판는 8–10주입니다. 원문 납기(주) 열의 같은 품목명을 연결했으며 일반 유통시장 집계입니다.
방열판,avnet-heatsink,방열판 · Avnet 발간 이력 · Avnet Abacus,weeks,2019-Q4,false,missing,0,[],,,,,,,,missing,,,false,,,이 분기에 확인된 관측이 없습니다.,,,이 분기에 확인된 관측이 없습니다.,,,,이 분기에 확인된 관측이 없습니다.,false,false,,,이 분기에 확인된 관측이 없습니다.,이 분기에 확인된 관측이 없습니다.
방열판,avnet-heatsink,방열판 · Avnet 발간 이력 · Avnet Abacus,weeks,2020-Q1,false,missing,0,[],,,,,,,,missing,,,false,,,이 분기에 확인된 관측이 없습니다.,,,이 분기에 확인된 관측이 없습니다.,,,,이 분기에 확인된 관측이 없습니다.,false,false,,,이 분기에 확인된 관측이 없습니다.,이 분기에 확인된 관측이 없습니다.
방열판,avnet-heatsink,방열판 · Avnet 발간 이력 · Avnet Abacus,weeks,2020-Q2,true,latest,1,"[""avnet-2020-04-heatsink""]",avnet-2020-04-heatsink,2020-04,발간일,2020-04,2020-04,Avnet Abacus,Avnet Abacus 일반 유통시장 · 방열판,range,8,10,false,,,바로 이전 분기 대표값 없음,,,전년 동기 대표값 없음 또는 제품 범위 변경,100.0,100.0,2019-Q3,범위 하단끼리·상단끼리 비교. 변화율 구간이나 평균이 아님.,false,false,https://www.avnet.com/wcm/connect/101b4984-151c-4e9e-8c42-e55a2da865af/AVA-Lead-Time-guide-March-2020-EN-Document.pdf?MOD=AJPERES,PDF p.1 · Heatsinks · Lead-time: weeks,분기 내 마지막 확인값 · 원 자료 축 2020-04 (발간일). 분기 평균·분기말 확정값 아님.,2020-04 Avnet Abacus의 방열판는 8–10주입니다. 원문 납기(주) 열의 같은 품목명을 연결했으며 일반 유통시장 집계입니다.
방열판,avnet-heatsink,방열판 · Avnet 발간 이력 · Avnet Abacus,weeks,2020-Q3,false,missing,0,[],,,,,,,,missing,,,false,,,이 분기에 확인된 관측이 없습니다.,,,이 분기에 확인된 관측이 없습니다.,,,,이 분기에 확인된 관측이 없습니다.,false,false,,,이 분기에 확인된 관측이 없습니다.,이 분기에 확인된 관측이 없습니다.
방열판,avnet-heatsink,방열판 · Avnet 발간 이력 · Avnet Abacus,weeks,2020-Q4,false,missing,0,[],,,,,,,,missing,,,false,,,이 분기에 확인된 관측이 없습니다.,,,이 분기에 확인된 관측이 없습니다.,,,,이 분기에 확인된 관측이 없습니다.,false,false,,,이 분기에 확인된 관측이 없습니다.,이 분기에 확인된 관측이 없습니다.
방열판,avnet-heatsink,방열판 · Avnet 발간 이력 · Avnet Abacus,weeks,2021-Q1,false,missing,0,[],,,,,,,,missing,,,false,,,이 분기에 확인된 관측이 없습니다.,,,이 분기에 확인된 관측이 없습니다.,,,,이 분기에 확인된 관측이 없습니다.,false,false,,,이 분기에 확인된 관측이 없습니다.,이 분기에 확인된 관측이 없습니다.
방열판,avnet-heatsink,방열판 · Avnet 발간 이력 · Avnet Abacus,weeks,2021-Q2,true,latest,1,"[""avnet-2021-04-heatsink""]",avnet-2021-04-heatsink,2021-04,발간일,2021-04,2021-04,Avnet Abacus,Avnet Abacus 일반 유통시장 · 방열판,range,8,10,false,,,바로 이전 분기 대표값 없음,0.0,0.0,범위 하단끼리·상단끼리 비교. 변화율 구간이나 평균이 아님.,100.0,100.0,2019-Q3,범위 하단끼리·상단끼리 비교. 변화율 구간이나 평균이 아님.,false,false,https://www.avnet.com/wcm/connect/6466625f-04e6-4164-bd2e-9acdd402fc9b/AVA-Lead-Time-Guide-April-2021-EN-Document.pdf?MOD=AJPERES,PDF p.2 · Heatsinks · Lead-time: weeks,분기 내 마지막 확인값 · 원 자료 축 2021-04 (발간일). 분기 평균·분기말 확정값 아님.,2021-04 Avnet Abacus의 방열판는 8–10주입니다. 원문 납기(주) 열의 같은 품목명을 연결했으며 일반 유통시장 집계입니다.
방열판,avnet-heatsink,방열판 · Avnet 발간 이력 · Avnet Abacus,weeks,2021-Q3,true,latest,1,"[""avnet-2021-07-heatsink""]",avnet-2021-07-heatsink,2021-07,발간일,2021-07,2021-07,Avnet Abacus,Avnet Abacus 일반 유통시장 · 방열판,range,8,10,false,0.0,0.0,범위 하단끼리·상단끼리 비교. 변화율 구간이나 평균이 아님.,,,전년 동기 대표값 없음 또는 제품 범위 변경,100.0,100.0,2019-Q3,범위 하단끼리·상단끼리 비교. 변화율 구간이나 평균이 아님.,false,false,https://www.avnet.com/wcm/connect/677978a9-b285-4a92-a841-00c85b0cefc5/AVA-Lead-Time-Guide-July-2021-EN-Document.pdf?MOD=AJPERES,PDF p.2 · Heatsinks · Lead-time: weeks,분기 내 마지막 확인값 · 원 자료 축 2021-07 (발간일). 분기 평균·분기말 확정값 아님.,2021-07 Avnet Abacus의 방열판는 8–10주입니다. 원문 납기(주) 열의 같은 품목명을 연결했으며 일반 유통시장 집계입니다.
방열판,avnet-heatsink,방열판 · Avnet 발간 이력 · Avnet Abacus,weeks,2021-Q4,false,missing,0,[],,,,,,,,missing,,,false,,,이 분기에 확인된 관측이 없습니다.,,,이 분기에 확인된 관측이 없습니다.,,,,이 분기에 확인된 관측이 없습니다.,false,false,,,이 분기에 확인된 관측이 없습니다.,이 분기에 확인된 관측이 없습니다.
방열판,avnet-heatsink,방열판 · Avnet 발간 이력 · Avnet Abacus,weeks,2022-Q1,false,missing,0,[],,,,,,,,missing,,,false,,,이 분기에 확인된 관측이 없습니다.,,,이 분기에 확인된 관측이 없습니다.,,,,이 분기에 확인된 관측이 없습니다.,false,false,,,이 분기에 확인된 관측이 없습니다.,이 분기에 확인된 관측이 없습니다.
방열판,avnet-heatsink,방열판 · Avnet 발간 이력 · Avnet Abacus,weeks,2022-Q2,false,missing,0,[],,,,,,,,missing,,,false,,,이 분기에 확인된 관측이 없습니다.,,,이 분기에 확인된 관측이 없습니다.,,,,이 분기에 확인된 관측이 없습니다.,false,false,,,이 분기에 확인된 관측이 없습니다.,이 분기에 확인된 관측이 없습니다.
방열판,avnet-heatsink,방열판 · Avnet 발간 이력 · Avnet Abacus,weeks,2022-Q3,false,missing,0,[],,,,,,,,missing,,,false,,,이 분기에 확인된 관측이 없습니다.,,,이 분기에 확인된 관측이 없습니다.,,,,이 분기에 확인된 관측이 없습니다.,false,false,,,이 분기에 확인된 관측이 없습니다.,이 분기에 확인된 관측이 없습니다.
방열판,avnet-heatsink,방열판 · Avnet 발간 이력 · Avnet Abacus,weeks,2022-Q4,true,latest,1,"[""avnet-2022-12-heatsink""]",avnet-2022-12-heatsink,2022-12,발간일,2022-12,2022-12,Avnet Abacus,Avnet Abacus 일반 유통시장 · 방열판,range,8,12,false,,,바로 이전 분기 대표값 없음,,,전년 동기 대표값 없음 또는 제품 범위 변경,100.0,120.0,2019-Q3,범위 하단끼리·상단끼리 비교. 변화율 구간이나 평균이 아님.,false,false,https://www.avnet.com/wcm/connect/b496febc-6ece-4ee2-a4ae-eae91a34d9d1/AVA-Lead-Time-Guide-December-2022-EN-Document.pdf?MOD=AJPERES,PDF p.2 · Heatsinks · Lead-time: weeks,분기 내 마지막 확인값 · 원 자료 축 2022-12 (발간일). 분기 평균·분기말 확정값 아님.,2022-12 Avnet Abacus의 방열판는 8–12주입니다. 원문 납기(주) 열의 같은 품목명을 연결했으며 일반 유통시장 집계입니다.
방열판,avnet-heatsink,방열판 · Avnet 발간 이력 · Avnet Abacus,weeks,2023-Q1,false,missing,0,[],,,,,,,,missing,,,false,,,이 분기에 확인된 관측이 없습니다.,,,이 분기에 확인된 관측이 없습니다.,,,,이 분기에 확인된 관측이 없습니다.,false,false,,,이 분기에 확인된 관측이 없습니다.,이 분기에 확인된 관측이 없습니다.
방열판,avnet-heatsink,방열판 · Avnet 발간 이력 · Avnet Abacus,weeks,2023-Q2,false,missing,0,[],,,,,,,,missing,,,false,,,이 분기에 확인된 관측이 없습니다.,,,이 분기에 확인된 관측이 없습니다.,,,,이 분기에 확인된 관측이 없습니다.,false,false,,,이 분기에 확인된 관측이 없습니다.,이 분기에 확인된 관측이 없습니다.
방열판,avnet-heatsink,방열판 · Avnet 발간 이력 · Avnet Abacus,weeks,2023-Q3,false,missing,0,[],,,,,,,,missing,,,false,,,이 분기에 확인된 관측이 없습니다.,,,이 분기에 확인된 관측이 없습니다.,,,,이 분기에 확인된 관측이 없습니다.,false,false,,,이 분기에 확인된 관측이 없습니다.,이 분기에 확인된 관측이 없습니다.
방열판,avnet-heatsink,방열판 · Avnet 발간 이력 · Avnet Abacus,weeks,2023-Q4,true,latest,1,"[""avnet-2023-11-heatsink""]",avnet-2023-11-heatsink,2023-11,발간일,2023-11,2023-11,Avnet Abacus,Avnet Abacus 일반 유통시장 · 방열판,range,8,12,false,,,바로 이전 분기 대표값 없음,0.0,0.0,범위 하단끼리·상단끼리 비교. 변화율 구간이나 평균이 아님.,100.0,120.0,2019-Q3,범위 하단끼리·상단끼리 비교. 변화율 구간이나 평균이 아님.,false,false,https://my.avnet.com/wcm/connect/affeb8c0-65e8-46cb-84bc-15fca9dae0bd/AVA-Lead-Time-Guide-November-2022-EN-Document.pdf?MOD=AJPERES,PDF p.2 · Heatsinks · Lead-time: weeks,분기 내 마지막 확인값 · 원 자료 축 2023-11 (발간일). 분기 평균·분기말 확정값 아님.,2023-11 Avnet Abacus의 방열판는 8–12주입니다. 원문 납기(주) 열의 같은 품목명을 연결했으며 일반 유통시장 집계입니다.
방열판,avnet-heatsink,방열판 · Avnet 발간 이력 · Avnet Abacus,weeks,2024-Q1,true,latest,2,"[""avnet-2024-01-heatsink"", ""avnet-2024-02-heatsink""]",avnet-2024-02-heatsink,2024-02,발간일,2024-02,2024-02,Avnet Abacus,Avnet Abacus 일반 유통시장 · 방열판,range,8,12,false,0.0,0.0,범위 하단끼리·상단끼리 비교. 변화율 구간이나 평균이 아님.,,,전년 동기 대표값 없음 또는 제품 범위 변경,100.0,120.0,2019-Q3,범위 하단끼리·상단끼리 비교. 변화율 구간이나 평균이 아님.,false,false,https://my.avnet.com/wcm/connect/1c3e37ed-e911-4561-b888-cbea8ac78f55/AVA-Lead-Time-Guide-February-2024-EN-Document.pdf?MOD=AJPERES,PDF p.2,분기 내 마지막 확인값 · 원 자료 축 2024-02 (발간일). 분기 평균·분기말 확정값 아님.,2024-02 가이드의 방열판 납기는 8–12주입니다. 일반 유통시장 보고값이며 AI 서버 전용 집계와 구분합니다.
방열판,avnet-heatsink,방열판 · Avnet 발간 이력 · Avnet Abacus,weeks,2024-Q2,false,missing,0,[],,,,,,,,missing,,,false,,,이 분기에 확인된 관측이 없습니다.,,,이 분기에 확인된 관측이 없습니다.,,,,이 분기에 확인된 관측이 없습니다.,false,false,,,이 분기에 확인된 관측이 없습니다.,이 분기에 확인된 관측이 없습니다.
방열판,avnet-heatsink,방열판 · Avnet 발간 이력 · Avnet Abacus,weeks,2024-Q3,true,latest,1,"[""avnet-2024-09-heatsink""]",avnet-2024-09-heatsink,2024-09,발간일,2024-09,2024-09,Avnet Abacus,Avnet Abacus 일반 유통시장 · 방열판,range,8,12,false,,,바로 이전 분기 대표값 없음,,,전년 동기 대표값 없음 또는 제품 범위 변경,100.0,120.0,2019-Q3,범위 하단끼리·상단끼리 비교. 변화율 구간이나 평균이 아님.,false,false,https://my.avnet.com/wcm/connect/e9d18ef4-6a53-4f76-b6cf-d63549a0694b/AVA-Lead-Time-Guide-September-2024-EN-Document-aba24037.pdf?MOD=AJPERES,PDF p.2,분기 내 마지막 확인값 · 원 자료 축 2024-09 (발간일). 분기 평균·분기말 확정값 아님.,2024-09 가이드의 방열판 납기는 8–12주입니다. 일반 유통시장 보고값으로 AI 서버용 집계와 구분합니다.
방열판,avnet-heatsink,방열판 · Avnet 발간 이력 · Avnet Abacus,weeks,2024-Q4,false,missing,0,[],,,,,,,,missing,,,false,,,이 분기에 확인된 관측이 없습니다.,,,이 분기에 확인된 관측이 없습니다.,,,,이 분기에 확인된 관측이 없습니다.,false,false,,,이 분기에 확인된 관측이 없습니다.,이 분기에 확인된 관측이 없습니다.
방열판,avnet-heatsink,방열판 · Avnet 발간 이력 · Avnet Abacus,weeks,2025-Q1,false,missing,0,[],,,,,,,,missing,,,false,,,이 분기에 확인된 관측이 없습니다.,,,이 분기에 확인된 관측이 없습니다.,,,,이 분기에 확인된 관측이 없습니다.,false,false,,,이 분기에 확인된 관측이 없습니다.,이 분기에 확인된 관측이 없습니다.
방열판,avnet-heatsink,방열판 · Avnet 발간 이력 · Avnet Abacus,weeks,2025-Q2,false,missing,0,[],,,,,,,,missing,,,false,,,이 분기에 확인된 관측이 없습니다.,,,이 분기에 확인된 관측이 없습니다.,,,,이 분기에 확인된 관측이 없습니다.,false,false,,,이 분기에 확인된 관측이 없습니다.,이 분기에 확인된 관측이 없습니다.
방열판,avnet-heatsink,방열판 · Avnet 발간 이력 · Avnet Abacus,weeks,2025-Q3,true,latest,1,"[""avnet-2025-07-heatsink""]",avnet-2025-07-heatsink,2025-07,발간일,2025-07,2025-07,Avnet Abacus,Avnet Abacus 일반 유통시장 · 방열판,range,8,12,false,,,바로 이전 분기 대표값 없음,0.0,0.0,범위 하단끼리·상단끼리 비교. 변화율 구간이나 평균이 아님.,100.0,120.0,2019-Q3,범위 하단끼리·상단끼리 비교. 변화율 구간이나 평균이 아님.,false,false,https://my.avnet.com/wcm/connect/a3326d60-174d-4224-8e1d-f2f5595919a1/AVA-Lead-Time-Guide-July-2025-EN-Document.pdf?MOD=AJPERES,PDF p.2,분기 내 마지막 확인값 · 원 자료 축 2025-07 (발간일). 분기 평균·분기말 확정값 아님.,2025-07 가이드의 방열판 납기는 8–12주입니다. 일반 유통시장 보고값으로 AI 서버용 집계와 구분합니다.
방열판,avnet-heatsink,방열판 · Avnet 발간 이력 · Avnet Abacus,weeks,2025-Q4,false,missing,0,[],,,,,,,,missing,,,false,,,이 분기에 확인된 관측이 없습니다.,,,이 분기에 확인된 관측이 없습니다.,,,,이 분기에 확인된 관측이 없습니다.,false,false,,,이 분기에 확인된 관측이 없습니다.,이 분기에 확인된 관측이 없습니다.
방열판,avnet-heatsink,방열판 · Avnet 발간 이력 · Avnet Abacus,weeks,2026-Q1,false,missing,0,[],,,,,,,,missing,,,false,,,이 분기에 확인된 관측이 없습니다.,,,이 분기에 확인된 관측이 없습니다.,,,,이 분기에 확인된 관측이 없습니다.,false,false,,,이 분기에 확인된 관측이 없습니다.,이 분기에 확인된 관측이 없습니다.
방열판,avnet-heatsink,방열판 · Avnet 발간 이력 · Avnet Abacus,weeks,2026-Q2,false,missing,0,[],,,,,,,,missing,,,false,,,이 분기에 확인된 관측이 없습니다.,,,이 분기에 확인된 관측이 없습니다.,,,,이 분기에 확인된 관측이 없습니다.,false,false,,,이 분기에 확인된 관측이 없습니다.,이 분기에 확인된 관측이 없습니다.
방열판,avnet-heatsink,방열판 · Avnet 발간 이력 · Avnet Abacus,weeks,2026-Q3,true,latest,1,"[""avnet-2026-08-heatsink""]",avnet-2026-08-heatsink,2026-08,발간일,2026-08,2026-08,Avnet Abacus,Avnet Abacus 일반 유통시장 · 방열판,range,8,12,false,,,바로 이전 분기 대표값 없음,0.0,0.0,범위 하단끼리·상단끼리 비교. 변화율 구간이나 평균이 아님.,100.0,120.0,2019-Q3,범위 하단끼리·상단끼리 비교. 변화율 구간이나 평균이 아님.,false,false,https://my.avnet.com/wcm/connect/2222f00c-e4dc-4143-899c-4a892756fcc7/AVA-Lead-Time-Guide-August-2026-EN-Document.pdf?MOD=AJPERES,PDF p.2,분기 내 마지막 확인값 · 원 자료 축 2026-08 (발간일). 분기 평균·분기말 확정값 아님.,2026-08 가이드의 방열판 납기는 8–12주입니다. 일반 유통시장 보고값으로 AI 서버용 집계와 구분합니다.
백플레인 커넥터,avnet-backplane_connector,백플레인 커넥터 · Avnet 발간 이력 · Avnet Abacus,weeks,2019-Q3,true,latest,1,"[""avnet-2019-09-backplane_connector""]",avnet-2019-09-backplane_connector,2019-09,발간일,2019-09,2019-09,Avnet Abacus,Avnet Abacus 일반 유통시장 · 백플레인 커넥터 (DIN 41612·2MM·고속·전력신호) · 평균 납기 열,exact,16,16,false,,,바로 이전 분기 대표값 없음,,,전년 동기 대표값 없음 또는 제품 범위 변경,100.0,100.0,2019-Q3,,false,false,https://www.avnet.com/wcm/connect/b7202770-5e3f-4369-95f9-70bf9c04defe/AVA-Lead-Time-guide-September-2019-EN-Document.pdf?MOD=AJPERES&attachment=true&id=1568983700586&id=1568983700586%3FMOD%3DAJPERES,PDF p.1 · Backplanes DIN 41612; 2MM; high speed; power signal; · Average lead-time,분기 내 마지막 확인값 · 원 자료 축 2019-09 (발간일). 분기 평균·분기말 확정값 아님.,2019-09 Avnet Abacus의 백플레인 커넥터는 16주입니다. 원문 평균 납기 열의 같은 품목명을 연결했으며 일반 유통시장 집계입니다.
백플레인 커넥터,avnet-backplane_connector,백플레인 커넥터 · Avnet 발간 이력 · Avnet Abacus,weeks,2019-Q4,false,missing,0,[],,,,,,,,missing,,,false,,,이 분기에 확인된 관측이 없습니다.,,,이 분기에 확인된 관측이 없습니다.,,,,이 분기에 확인된 관측이 없습니다.,false,false,,,이 분기에 확인된 관측이 없습니다.,이 분기에 확인된 관측이 없습니다.
백플레인 커넥터,avnet-backplane_connector,백플레인 커넥터 · Avnet 발간 이력 · Avnet Abacus,weeks,2020-Q1,false,missing,0,[],,,,,,,,missing,,,false,,,이 분기에 확인된 관측이 없습니다.,,,이 분기에 확인된 관측이 없습니다.,,,,이 분기에 확인된 관측이 없습니다.,false,false,,,이 분기에 확인된 관측이 없습니다.,이 분기에 확인된 관측이 없습니다.
백플레인 커넥터,avnet-backplane_connector,백플레인 커넥터 · Avnet 발간 이력 · Avnet Abacus,weeks,2020-Q2,true,latest,1,"[""avnet-2020-04-backplane_connector""]",avnet-2020-04-backplane_connector,2020-04,발간일,2020-04,2020-04,Avnet Abacus,Avnet Abacus 일반 유통시장 · 백플레인 커넥터 (DIN 41612·2MM·고속·전력신호) · 평균 납기 열,exact,16,16,false,,,바로 이전 분기 대표값 없음,,,전년 동기 대표값 없음 또는 제품 범위 변경,100.0,100.0,2019-Q3,,false,false,https://www.avnet.com/wcm/connect/101b4984-151c-4e9e-8c42-e55a2da865af/AVA-Lead-Time-guide-March-2020-EN-Document.pdf?MOD=AJPERES,PDF p.1 · Backplanes DIN 41612; 2MM; high speed; power signal; · Average lead-time,분기 내 마지막 확인값 · 원 자료 축 2020-04 (발간일). 분기 평균·분기말 확정값 아님.,2020-04 Avnet Abacus의 백플레인 커넥터는 16주입니다. 원문 평균 납기 열의 같은 품목명을 연결했으며 일반 유통시장 집계입니다.
백플레인 커넥터,avnet-backplane_connector,백플레인 커넥터 · Avnet 발간 이력 · Avnet Abacus,weeks,2020-Q3,false,missing,0,[],,,,,,,,missing,,,false,,,이 분기에 확인된 관측이 없습니다.,,,이 분기에 확인된 관측이 없습니다.,,,,이 분기에 확인된 관측이 없습니다.,false,false,,,이 분기에 확인된 관측이 없습니다.,이 분기에 확인된 관측이 없습니다.
백플레인 커넥터,avnet-backplane_connector,백플레인 커넥터 · Avnet 발간 이력 · Avnet Abacus,weeks,2020-Q4,false,missing,0,[],,,,,,,,missing,,,false,,,이 분기에 확인된 관측이 없습니다.,,,이 분기에 확인된 관측이 없습니다.,,,,이 분기에 확인된 관측이 없습니다.,false,false,,,이 분기에 확인된 관측이 없습니다.,이 분기에 확인된 관측이 없습니다.
백플레인 커넥터,avnet-backplane_connector,백플레인 커넥터 · Avnet 발간 이력 · Avnet Abacus,weeks,2021-Q1,false,missing,0,[],,,,,,,,missing,,,false,,,이 분기에 확인된 관측이 없습니다.,,,이 분기에 확인된 관측이 없습니다.,,,,이 분기에 확인된 관측이 없습니다.,false,false,,,이 분기에 확인된 관측이 없습니다.,이 분기에 확인된 관측이 없습니다.
백플레인 커넥터,avnet-backplane_connector,백플레인 커넥터 · Avnet 발간 이력 · Avnet Abacus,weeks,2021-Q2,true,latest,1,"[""avnet-2021-04-backplane_connector""]",avnet-2021-04-backplane_connector,2021-04,발간일,2021-04,2021-04,Avnet Abacus,Avnet Abacus 일반 유통시장 · 백플레인 커넥터 (DIN 41612·2MM·고속·전력신호) · 평균 납기 열,exact,14,14,false,,,바로 이전 분기 대표값 없음,-12.5,-12.5,,87.5,87.5,2019-Q3,,false,false,https://www.avnet.com/wcm/connect/6466625f-04e6-4164-bd2e-9acdd402fc9b/AVA-Lead-Time-Guide-April-2021-EN-Document.pdf?MOD=AJPERES,PDF p.2 · Backplanes DIN 41612; 2MM; high speed; power signal; · Average lead-time,분기 내 마지막 확인값 · 원 자료 축 2021-04 (발간일). 분기 평균·분기말 확정값 아님.,2021-04 Avnet Abacus의 백플레인 커넥터는 14주입니다. 원문 평균 납기 열의 같은 품목명을 연결했으며 일반 유통시장 집계입니다.
백플레인 커넥터,avnet-backplane_connector,백플레인 커넥터 · Avnet 발간 이력 · Avnet Abacus,weeks,2021-Q3,true,latest,1,"[""avnet-2021-07-backplane_connector""]",avnet-2021-07-backplane_connector,2021-07,발간일,2021-07,2021-07,Avnet Abacus,Avnet Abacus 일반 유통시장 · 백플레인 커넥터 (DIN 41612·2MM·고속·전력신호) · 평균 납기 열,exact,20,20,false,42.857143,42.857143,,,,전년 동기 대표값 없음 또는 제품 범위 변경,125.0,125.0,2019-Q3,,false,false,https://www.avnet.com/wcm/connect/677978a9-b285-4a92-a841-00c85b0cefc5/AVA-Lead-Time-Guide-July-2021-EN-Document.pdf?MOD=AJPERES,PDF p.2 · Backplanes DIN 41612; 2MM; high speed; power signal; · Average lead-time,분기 내 마지막 확인값 · 원 자료 축 2021-07 (발간일). 분기 평균·분기말 확정값 아님.,2021-07 Avnet Abacus의 백플레인 커넥터는 20주입니다. 원문 평균 납기 열의 같은 품목명을 연결했으며 일반 유통시장 집계입니다.
백플레인 커넥터,avnet-backplane_connector,백플레인 커넥터 · Avnet 발간 이력 · Avnet Abacus,weeks,2021-Q4,false,missing,0,[],,,,,,,,missing,,,false,,,이 분기에 확인된 관측이 없습니다.,,,이 분기에 확인된 관측이 없습니다.,,,,이 분기에 확인된 관측이 없습니다.,false,false,,,이 분기에 확인된 관측이 없습니다.,이 분기에 확인된 관측이 없습니다.
백플레인 커넥터,avnet-backplane_connector,백플레인 커넥터 · Avnet 발간 이력 · Avnet Abacus,weeks,2022-Q1,false,missing,0,[],,,,,,,,missing,,,false,,,이 분기에 확인된 관측이 없습니다.,,,이 분기에 확인된 관측이 없습니다.,,,,이 분기에 확인된 관측이 없습니다.,false,false,,,이 분기에 확인된 관측이 없습니다.,이 분기에 확인된 관측이 없습니다.
백플레인 커넥터,avnet-backplane_connector,백플레인 커넥터 · Avnet 발간 이력 · Avnet Abacus,weeks,2022-Q2,false,missing,0,[],,,,,,,,missing,,,false,,,이 분기에 확인된 관측이 없습니다.,,,이 분기에 확인된 관측이 없습니다.,,,,이 분기에 확인된 관측이 없습니다.,false,false,,,이 분기에 확인된 관측이 없습니다.,이 분기에 확인된 관측이 없습니다.
백플레인 커넥터,avnet-backplane_connector,백플레인 커넥터 · Avnet 발간 이력 · Avnet Abacus,weeks,2022-Q3,false,missing,0,[],,,,,,,,missing,,,false,,,이 분기에 확인된 관측이 없습니다.,,,이 분기에 확인된 관측이 없습니다.,,,,이 분기에 확인된 관측이 없습니다.,false,false,,,이 분기에 확인된 관측이 없습니다.,이 분기에 확인된 관측이 없습니다.
백플레인 커넥터,avnet-backplane_connector,백플레인 커넥터 · Avnet 발간 이력 · Avnet Abacus,weeks,2022-Q4,true,latest,1,"[""avnet-2022-12-backplane_connector""]",avnet-2022-12-backplane_connector,2022-12,발간일,2022-12,2022-12,Avnet Abacus,Avnet Abacus 일반 유통시장 · 백플레인 커넥터 (DIN 41612·2MM·고속·전력신호) · 평균 납기 열,exact,21,21,false,,,바로 이전 분기 대표값 없음,,,전년 동기 대표값 없음 또는 제품 범위 변경,131.25,131.25,2019-Q3,,false,false,https://www.avnet.com/wcm/connect/b496febc-6ece-4ee2-a4ae-eae91a34d9d1/AVA-Lead-Time-Guide-December-2022-EN-Document.pdf?MOD=AJPERES,PDF p.2 · Backplanes DIN 41612; 2MM; high speed; power signal; · Average lead-time,분기 내 마지막 확인값 · 원 자료 축 2022-12 (발간일). 분기 평균·분기말 확정값 아님.,2022-12 Avnet Abacus의 백플레인 커넥터는 21주입니다. 원문 평균 납기 열의 같은 품목명을 연결했으며 일반 유통시장 집계입니다.
백플레인 커넥터,avnet-backplane_connector,백플레인 커넥터 · Avnet 발간 이력 · Avnet Abacus,weeks,2023-Q1,false,missing,0,[],,,,,,,,missing,,,false,,,이 분기에 확인된 관측이 없습니다.,,,이 분기에 확인된 관측이 없습니다.,,,,이 분기에 확인된 관측이 없습니다.,false,false,,,이 분기에 확인된 관측이 없습니다.,이 분기에 확인된 관측이 없습니다.
백플레인 커넥터,avnet-backplane_connector,백플레인 커넥터 · Avnet 발간 이력 · Avnet Abacus,weeks,2023-Q2,false,missing,0,[],,,,,,,,missing,,,false,,,이 분기에 확인된 관측이 없습니다.,,,이 분기에 확인된 관측이 없습니다.,,,,이 분기에 확인된 관측이 없습니다.,false,false,,,이 분기에 확인된 관측이 없습니다.,이 분기에 확인된 관측이 없습니다.
백플레인 커넥터,avnet-backplane_connector,백플레인 커넥터 · Avnet 발간 이력 · Avnet Abacus,weeks,2023-Q3,false,missing,0,[],,,,,,,,missing,,,false,,,이 분기에 확인된 관측이 없습니다.,,,이 분기에 확인된 관측이 없습니다.,,,,이 분기에 확인된 관측이 없습니다.,false,false,,,이 분기에 확인된 관측이 없습니다.,이 분기에 확인된 관측이 없습니다.
백플레인 커넥터,avnet-backplane_connector,백플레인 커넥터 · Avnet 발간 이력 · Avnet Abacus,weeks,2023-Q4,true,latest,1,"[""avnet-2023-11-backplane_connector""]",avnet-2023-11-backplane_connector,2023-11,발간일,2023-11,2023-11,Avnet Abacus,Avnet Abacus 일반 유통시장 · 백플레인 커넥터 (DIN 41612·2MM·고속·전력신호) · 평균 납기 열,exact,14,14,false,,,바로 이전 분기 대표값 없음,-33.333333,-33.333333,,87.5,87.5,2019-Q3,,false,false,https://my.avnet.com/wcm/connect/affeb8c0-65e8-46cb-84bc-15fca9dae0bd/AVA-Lead-Time-Guide-November-2022-EN-Document.pdf?MOD=AJPERES,PDF p.2 · Backplanes DIN 41612; 2MM; high speed; power signal; · Average lead-time,분기 내 마지막 확인값 · 원 자료 축 2023-11 (발간일). 분기 평균·분기말 확정값 아님.,2023-11 Avnet Abacus의 백플레인 커넥터는 14주입니다. 원문 평균 납기 열의 같은 품목명을 연결했으며 일반 유통시장 집계입니다.
백플레인 커넥터,avnet-backplane_connector,백플레인 커넥터 · Avnet 발간 이력 · Avnet Abacus,weeks,2024-Q1,true,latest,2,"[""avnet-2024-01-backplane_connector"", ""avnet-2024-02-backplane_connector""]",avnet-2024-02-backplane_connector,2024-02,발간일,2024-02,2024-02,Avnet Abacus,Avnet Abacus 일반 유통시장 · 백플레인 커넥터 (DIN 41612·2MM·고속·전력신호) · 평균 납기 열,exact,14,14,false,0.0,0.0,,,,전년 동기 대표값 없음 또는 제품 범위 변경,87.5,87.5,2019-Q3,,false,false,https://my.avnet.com/wcm/connect/1c3e37ed-e911-4561-b888-cbea8ac78f55/AVA-Lead-Time-Guide-February-2024-EN-Document.pdf?MOD=AJPERES,PDF p.2,분기 내 마지막 확인값 · 원 자료 축 2024-02 (발간일). 분기 평균·분기말 확정값 아님.,2024-02 가이드의 백플레인 커넥터 납기는 14주입니다. 일반 유통시장 보고값이며 AI 서버 전용 집계와 구분합니다.
백플레인 커넥터,avnet-backplane_connector,백플레인 커넥터 · Avnet 발간 이력 · Avnet Abacus,weeks,2024-Q2,false,missing,0,[],,,,,,,,missing,,,false,,,이 분기에 확인된 관측이 없습니다.,,,이 분기에 확인된 관측이 없습니다.,,,,이 분기에 확인된 관측이 없습니다.,false,false,,,이 분기에 확인된 관측이 없습니다.,이 분기에 확인된 관측이 없습니다.
백플레인 커넥터,avnet-backplane_connector,백플레인 커넥터 · Avnet 발간 이력 · Avnet Abacus,weeks,2024-Q3,true,latest,1,"[""avnet-2024-09-backplane_connector""]",avnet-2024-09-backplane_connector,2024-09,발간일,2024-09,2024-09,Avnet Abacus,Avnet Abacus 일반 유통시장 · 백플레인 커넥터 (DIN 41612·2MM·고속·전력신호) · 평균 납기 열,exact,14,14,false,,,바로 이전 분기 대표값 없음,,,전년 동기 대표값 없음 또는 제품 범위 변경,87.5,87.5,2019-Q3,,false,false,https://my.avnet.com/wcm/connect/e9d18ef4-6a53-4f76-b6cf-d63549a0694b/AVA-Lead-Time-Guide-September-2024-EN-Document-aba24037.pdf?MOD=AJPERES,PDF p.2,분기 내 마지막 확인값 · 원 자료 축 2024-09 (발간일). 분기 평균·분기말 확정값 아님.,2024-09 가이드의 백플레인 커넥터 납기는 14주입니다. 일반 유통시장 보고값으로 AI 서버용 집계와 구분합니다.
백플레인 커넥터,avnet-backplane_connector,백플레인 커넥터 · Avnet 발간 이력 · Avnet Abacus,weeks,2024-Q4,false,missing,0,[],,,,,,,,missing,,,false,,,이 분기에 확인된 관측이 없습니다.,,,이 분기에 확인된 관측이 없습니다.,,,,이 분기에 확인된 관측이 없습니다.,false,false,,,이 분기에 확인된 관측이 없습니다.,이 분기에 확인된 관측이 없습니다.
백플레인 커넥터,avnet-backplane_connector,백플레인 커넥터 · Avnet 발간 이력 · Avnet Abacus,weeks,2025-Q1,false,missing,0,[],,,,,,,,missing,,,false,,,이 분기에 확인된 관측이 없습니다.,,,이 분기에 확인된 관측이 없습니다.,,,,이 분기에 확인된 관측이 없습니다.,false,false,,,이 분기에 확인된 관측이 없습니다.,이 분기에 확인된 관측이 없습니다.
백플레인 커넥터,avnet-backplane_connector,백플레인 커넥터 · Avnet 발간 이력 · Avnet Abacus,weeks,2025-Q2,false,missing,0,[],,,,,,,,missing,,,false,,,이 분기에 확인된 관측이 없습니다.,,,이 분기에 확인된 관측이 없습니다.,,,,이 분기에 확인된 관측이 없습니다.,false,false,,,이 분기에 확인된 관측이 없습니다.,이 분기에 확인된 관측이 없습니다.
백플레인 커넥터,avnet-backplane_connector,백플레인 커넥터 · Avnet 발간 이력 · Avnet Abacus,weeks,2025-Q3,true,latest,1,"[""avnet-2025-07-backplane_connector""]",avnet-2025-07-backplane_connector,2025-07,발간일,2025-07,2025-07,Avnet Abacus,Avnet Abacus 일반 유통시장 · 백플레인 커넥터 (DIN 41612·2MM·고속·전력신호) · 평균 납기 열,exact,16,16,false,,,바로 이전 분기 대표값 없음,14.285714,14.285714,,100.0,100.0,2019-Q3,,false,false,https://my.avnet.com/wcm/connect/a3326d60-174d-4224-8e1d-f2f5595919a1/AVA-Lead-Time-Guide-July-2025-EN-Document.pdf?MOD=AJPERES,PDF p.2,분기 내 마지막 확인값 · 원 자료 축 2025-07 (발간일). 분기 평균·분기말 확정값 아님.,2025-07 가이드의 백플레인 커넥터 납기는 16주입니다. 일반 유통시장 보고값으로 AI 서버용 집계와 구분합니다.
백플레인 커넥터,avnet-backplane_connector,백플레인 커넥터 · Avnet 발간 이력 · Avnet Abacus,weeks,2025-Q4,false,missing,0,[],,,,,,,,missing,,,false,,,이 분기에 확인된 관측이 없습니다.,,,이 분기에 확인된 관측이 없습니다.,,,,이 분기에 확인된 관측이 없습니다.,false,false,,,이 분기에 확인된 관측이 없습니다.,이 분기에 확인된 관측이 없습니다.
백플레인 커넥터,avnet-backplane_connector,백플레인 커넥터 · Avnet 발간 이력 · Avnet Abacus,weeks,2026-Q1,false,missing,0,[],,,,,,,,missing,,,false,,,이 분기에 확인된 관측이 없습니다.,,,이 분기에 확인된 관측이 없습니다.,,,,이 분기에 확인된 관측이 없습니다.,false,false,,,이 분기에 확인된 관측이 없습니다.,이 분기에 확인된 관측이 없습니다.
백플레인 커넥터,avnet-backplane_connector,백플레인 커넥터 · Avnet 발간 이력 · Avnet Abacus,weeks,2026-Q2,false,missing,0,[],,,,,,,,missing,,,false,,,이 분기에 확인된 관측이 없습니다.,,,이 분기에 확인된 관측이 없습니다.,,,,이 분기에 확인된 관측이 없습니다.,false,false,,,이 분기에 확인된 관측이 없습니다.,이 분기에 확인된 관측이 없습니다.
백플레인 커넥터,avnet-backplane_connector,백플레인 커넥터 · Avnet 발간 이력 · Avnet Abacus,weeks,2026-Q3,true,latest,1,"[""avnet-2026-08-backplane_connector""]",avnet-2026-08-backplane_connector,2026-08,발간일,2026-08,2026-08,Avnet Abacus,Avnet Abacus 일반 유통시장 · 백플레인 커넥터 (DIN 41612·2MM·고속·전력신호) · 평균 납기 열,exact,16,16,false,,,바로 이전 분기 대표값 없음,0.0,0.0,,100.0,100.0,2019-Q3,,false,false,https://my.avnet.com/wcm/connect/2222f00c-e4dc-4143-899c-4a892756fcc7/AVA-Lead-Time-Guide-August-2026-EN-Document.pdf?MOD=AJPERES,PDF p.2,분기 내 마지막 확인값 · 원 자료 축 2026-08 (발간일). 분기 평균·분기말 확정값 아님.,2026-08 가이드의 백플레인 커넥터 납기는 16주입니다. 일반 유통시장 보고값으로 AI 서버용 집계와 구분합니다.
보드 간 커넥터,avnet-board_to_board_connector,보드 간 커넥터 · Avnet 발간 이력 · Avnet Abacus,weeks,2019-Q3,true,latest,1,"[""avnet-2019-09-board_to_board_connector""]",avnet-2019-09-board_to_board_connector,2019-09,발간일,2019-09,2019-09,Avnet Abacus,Avnet Abacus 일반 유통시장 · 보드 간 커넥터 · 평균 납기 열,exact,11,11,false,,,바로 이전 분기 대표값 없음,,,전년 동기 대표값 없음 또는 제품 범위 변경,100.0,100.0,2019-Q3,,false,false,https://www.avnet.com/wcm/connect/b7202770-5e3f-4369-95f9-70bf9c04defe/AVA-Lead-Time-guide-September-2019-EN-Document.pdf?MOD=AJPERES&attachment=true&id=1568983700586&id=1568983700586%3FMOD%3DAJPERES,PDF p.1 · Board to board · Average lead-time,분기 내 마지막 확인값 · 원 자료 축 2019-09 (발간일). 분기 평균·분기말 확정값 아님.,2019-09 Avnet Abacus의 보드 간 커넥터는 11주입니다. 원문 평균 납기 열의 같은 품목명을 연결했으며 일반 유통시장 집계입니다.
보드 간 커넥터,avnet-board_to_board_connector,보드 간 커넥터 · Avnet 발간 이력 · Avnet Abacus,weeks,2019-Q4,false,missing,0,[],,,,,,,,missing,,,false,,,이 분기에 확인된 관측이 없습니다.,,,이 분기에 확인된 관측이 없습니다.,,,,이 분기에 확인된 관측이 없습니다.,false,false,,,이 분기에 확인된 관측이 없습니다.,이 분기에 확인된 관측이 없습니다.
보드 간 커넥터,avnet-board_to_board_connector,보드 간 커넥터 · Avnet 발간 이력 · Avnet Abacus,weeks,2020-Q1,false,missing,0,[],,,,,,,,missing,,,false,,,이 분기에 확인된 관측이 없습니다.,,,이 분기에 확인된 관측이 없습니다.,,,,이 분기에 확인된 관측이 없습니다.,false,false,,,이 분기에 확인된 관측이 없습니다.,이 분기에 확인된 관측이 없습니다.
보드 간 커넥터,avnet-board_to_board_connector,보드 간 커넥터 · Avnet 발간 이력 · Avnet Abacus,weeks,2020-Q2,true,latest,1,"[""avnet-2020-04-board_to_board_connector""]",avnet-2020-04-board_to_board_connector,2020-04,발간일,2020-04,2020-04,Avnet Abacus,Avnet Abacus 일반 유통시장 · 보드 간 커넥터 · 평균 납기 열,exact,14,14,false,,,바로 이전 분기 대표값 없음,,,전년 동기 대표값 없음 또는 제품 범위 변경,127.272727,127.272727,2019-Q3,,false,false,https://www.avnet.com/wcm/connect/101b4984-151c-4e9e-8c42-e55a2da865af/AVA-Lead-Time-guide-March-2020-EN-Document.pdf?MOD=AJPERES,PDF p.1 · Board to board · Average lead-time,분기 내 마지막 확인값 · 원 자료 축 2020-04 (발간일). 분기 평균·분기말 확정값 아님.,2020-04 Avnet Abacus의 보드 간 커넥터는 14주입니다. 원문 평균 납기 열의 같은 품목명을 연결했으며 일반 유통시장 집계입니다.
보드 간 커넥터,avnet-board_to_board_connector,보드 간 커넥터 · Avnet 발간 이력 · Avnet Abacus,weeks,2020-Q3,false,missing,0,[],,,,,,,,missing,,,false,,,이 분기에 확인된 관측이 없습니다.,,,이 분기에 확인된 관측이 없습니다.,,,,이 분기에 확인된 관측이 없습니다.,false,false,,,이 분기에 확인된 관측이 없습니다.,이 분기에 확인된 관측이 없습니다.
보드 간 커넥터,avnet-board_to_board_connector,보드 간 커넥터 · Avnet 발간 이력 · Avnet Abacus,weeks,2020-Q4,false,missing,0,[],,,,,,,,missing,,,false,,,이 분기에 확인된 관측이 없습니다.,,,이 분기에 확인된 관측이 없습니다.,,,,이 분기에 확인된 관측이 없습니다.,false,false,,,이 분기에 확인된 관측이 없습니다.,이 분기에 확인된 관측이 없습니다.
보드 간 커넥터,avnet-board_to_board_connector,보드 간 커넥터 · Avnet 발간 이력 · Avnet Abacus,weeks,2021-Q1,false,missing,0,[],,,,,,,,missing,,,false,,,이 분기에 확인된 관측이 없습니다.,,,이 분기에 확인된 관측이 없습니다.,,,,이 분기에 확인된 관측이 없습니다.,false,false,,,이 분기에 확인된 관측이 없습니다.,이 분기에 확인된 관측이 없습니다.
보드 간 커넥터,avnet-board_to_board_connector,보드 간 커넥터 · Avnet 발간 이력 · Avnet Abacus,weeks,2021-Q2,true,latest,1,"[""avnet-2021-04-board_to_board_connector""]",avnet-2021-04-board_to_board_connector,2021-04,발간일,2021-04,2021-04,Avnet Abacus,Avnet Abacus 일반 유통시장 · 보드 간 커넥터 · 평균 납기 열,exact,17,17,false,,,바로 이전 분기 대표값 없음,21.428571,21.428571,,154.545455,154.545455,2019-Q3,,false,false,https://www.avnet.com/wcm/connect/6466625f-04e6-4164-bd2e-9acdd402fc9b/AVA-Lead-Time-Guide-April-2021-EN-Document.pdf?MOD=AJPERES,PDF p.2 · Board to board · Average lead-time,분기 내 마지막 확인값 · 원 자료 축 2021-04 (발간일). 분기 평균·분기말 확정값 아님.,2021-04 Avnet Abacus의 보드 간 커넥터는 17주입니다. 원문 평균 납기 열의 같은 품목명을 연결했으며 일반 유통시장 집계입니다.
보드 간 커넥터,avnet-board_to_board_connector,보드 간 커넥터 · Avnet 발간 이력 · Avnet Abacus,weeks,2021-Q3,true,latest,1,"[""avnet-2021-07-board_to_board_connector""]",avnet-2021-07-board_to_board_connector,2021-07,발간일,2021-07,2021-07,Avnet Abacus,Avnet Abacus 일반 유통시장 · 보드 간 커넥터 · 평균 납기 열,exact,20,20,false,17.647059,17.647059,,,,전년 동기 대표값 없음 또는 제품 범위 변경,181.818182,181.818182,2019-Q3,,false,false,https://www.avnet.com/wcm/connect/677978a9-b285-4a92-a841-00c85b0cefc5/AVA-Lead-Time-Guide-July-2021-EN-Document.pdf?MOD=AJPERES,PDF p.2 · Board to board · Average lead-time,분기 내 마지막 확인값 · 원 자료 축 2021-07 (발간일). 분기 평균·분기말 확정값 아님.,2021-07 Avnet Abacus의 보드 간 커넥터는 20주입니다. 원문 평균 납기 열의 같은 품목명을 연결했으며 일반 유통시장 집계입니다.
보드 간 커넥터,avnet-board_to_board_connector,보드 간 커넥터 · Avnet 발간 이력 · Avnet Abacus,weeks,2021-Q4,false,missing,0,[],,,,,,,,missing,,,false,,,이 분기에 확인된 관측이 없습니다.,,,이 분기에 확인된 관측이 없습니다.,,,,이 분기에 확인된 관측이 없습니다.,false,false,,,이 분기에 확인된 관측이 없습니다.,이 분기에 확인된 관측이 없습니다.
보드 간 커넥터,avnet-board_to_board_connector,보드 간 커넥터 · Avnet 발간 이력 · Avnet Abacus,weeks,2022-Q1,false,missing,0,[],,,,,,,,missing,,,false,,,이 분기에 확인된 관측이 없습니다.,,,이 분기에 확인된 관측이 없습니다.,,,,이 분기에 확인된 관측이 없습니다.,false,false,,,이 분기에 확인된 관측이 없습니다.,이 분기에 확인된 관측이 없습니다.
보드 간 커넥터,avnet-board_to_board_connector,보드 간 커넥터 · Avnet 발간 이력 · Avnet Abacus,weeks,2022-Q2,false,missing,0,[],,,,,,,,missing,,,false,,,이 분기에 확인된 관측이 없습니다.,,,이 분기에 확인된 관측이 없습니다.,,,,이 분기에 확인된 관측이 없습니다.,false,false,,,이 분기에 확인된 관측이 없습니다.,이 분기에 확인된 관측이 없습니다.
보드 간 커넥터,avnet-board_to_board_connector,보드 간 커넥터 · Avnet 발간 이력 · Avnet Abacus,weeks,2022-Q3,false,missing,0,[],,,,,,,,missing,,,false,,,이 분기에 확인된 관측이 없습니다.,,,이 분기에 확인된 관측이 없습니다.,,,,이 분기에 확인된 관측이 없습니다.,false,false,,,이 분기에 확인된 관측이 없습니다.,이 분기에 확인된 관측이 없습니다.
보드 간 커넥터,avnet-board_to_board_connector,보드 간 커넥터 · Avnet 발간 이력 · Avnet Abacus,weeks,2022-Q4,true,latest,1,"[""avnet-2022-12-board_to_board_connector""]",avnet-2022-12-board_to_board_connector,2022-12,발간일,2022-12,2022-12,Avnet Abacus,Avnet Abacus 일반 유통시장 · 보드 간 커넥터 · 평균 납기 열,exact,21,21,false,,,바로 이전 분기 대표값 없음,,,전년 동기 대표값 없음 또는 제품 범위 변경,190.909091,190.909091,2019-Q3,,false,false,https://www.avnet.com/wcm/connect/b496febc-6ece-4ee2-a4ae-eae91a34d9d1/AVA-Lead-Time-Guide-December-2022-EN-Document.pdf?MOD=AJPERES,PDF p.2 · Board to board · Average lead-time,분기 내 마지막 확인값 · 원 자료 축 2022-12 (발간일). 분기 평균·분기말 확정값 아님.,2022-12 Avnet Abacus의 보드 간 커넥터는 21주입니다. 원문 평균 납기 열의 같은 품목명을 연결했으며 일반 유통시장 집계입니다.
보드 간 커넥터,avnet-board_to_board_connector,보드 간 커넥터 · Avnet 발간 이력 · Avnet Abacus,weeks,2023-Q1,false,missing,0,[],,,,,,,,missing,,,false,,,이 분기에 확인된 관측이 없습니다.,,,이 분기에 확인된 관측이 없습니다.,,,,이 분기에 확인된 관측이 없습니다.,false,false,,,이 분기에 확인된 관측이 없습니다.,이 분기에 확인된 관측이 없습니다.
보드 간 커넥터,avnet-board_to_board_connector,보드 간 커넥터 · Avnet 발간 이력 · Avnet Abacus,weeks,2023-Q2,false,missing,0,[],,,,,,,,missing,,,false,,,이 분기에 확인된 관측이 없습니다.,,,이 분기에 확인된 관측이 없습니다.,,,,이 분기에 확인된 관측이 없습니다.,false,false,,,이 분기에 확인된 관측이 없습니다.,이 분기에 확인된 관측이 없습니다.
보드 간 커넥터,avnet-board_to_board_connector,보드 간 커넥터 · Avnet 발간 이력 · Avnet Abacus,weeks,2023-Q3,false,missing,0,[],,,,,,,,missing,,,false,,,이 분기에 확인된 관측이 없습니다.,,,이 분기에 확인된 관측이 없습니다.,,,,이 분기에 확인된 관측이 없습니다.,false,false,,,이 분기에 확인된 관측이 없습니다.,이 분기에 확인된 관측이 없습니다.
보드 간 커넥터,avnet-board_to_board_connector,보드 간 커넥터 · Avnet 발간 이력 · Avnet Abacus,weeks,2023-Q4,true,latest,1,"[""avnet-2023-11-board_to_board_connector""]",avnet-2023-11-board_to_board_connector,2023-11,발간일,2023-11,2023-11,Avnet Abacus,Avnet Abacus 일반 유통시장 · 보드 간 커넥터 · 평균 납기 열,exact,15,15,false,,,바로 이전 분기 대표값 없음,-28.571429,-28.571429,,136.363636,136.363636,2019-Q3,,false,false,https://my.avnet.com/wcm/connect/affeb8c0-65e8-46cb-84bc-15fca9dae0bd/AVA-Lead-Time-Guide-November-2022-EN-Document.pdf?MOD=AJPERES,PDF p.2 · Board to board · Average lead-time,분기 내 마지막 확인값 · 원 자료 축 2023-11 (발간일). 분기 평균·분기말 확정값 아님.,2023-11 Avnet Abacus의 보드 간 커넥터는 15주입니다. 원문 평균 납기 열의 같은 품목명을 연결했으며 일반 유통시장 집계입니다.
보드 간 커넥터,avnet-board_to_board_connector,보드 간 커넥터 · Avnet 발간 이력 · Avnet Abacus,weeks,2024-Q1,true,latest,2,"[""avnet-2024-01-board_to_board_connector"", ""avnet-2024-02-board_to_board_connector""]",avnet-2024-02-board_to_board_connector,2024-02,발간일,2024-02,2024-02,Avnet Abacus,Avnet Abacus 일반 유통시장 · 보드 간 커넥터 · 평균 납기 열,exact,15,15,false,0.0,0.0,,,,전년 동기 대표값 없음 또는 제품 범위 변경,136.363636,136.363636,2019-Q3,,false,false,https://my.avnet.com/wcm/connect/1c3e37ed-e911-4561-b888-cbea8ac78f55/AVA-Lead-Time-Guide-February-2024-EN-Document.pdf?MOD=AJPERES,PDF p.2,분기 내 마지막 확인값 · 원 자료 축 2024-02 (발간일). 분기 평균·분기말 확정값 아님.,2024-02 가이드의 보드 간 커넥터 납기는 15주입니다. 일반 유통시장 보고값이며 AI 서버 전용 집계와 구분합니다.
보드 간 커넥터,avnet-board_to_board_connector,보드 간 커넥터 · Avnet 발간 이력 · Avnet Abacus,weeks,2024-Q2,false,missing,0,[],,,,,,,,missing,,,false,,,이 분기에 확인된 관측이 없습니다.,,,이 분기에 확인된 관측이 없습니다.,,,,이 분기에 확인된 관측이 없습니다.,false,false,,,이 분기에 확인된 관측이 없습니다.,이 분기에 확인된 관측이 없습니다.
보드 간 커넥터,avnet-board_to_board_connector,보드 간 커넥터 · Avnet 발간 이력 · Avnet Abacus,weeks,2024-Q3,true,latest,1,"[""avnet-2024-09-board_to_board_connector""]",avnet-2024-09-board_to_board_connector,2024-09,발간일,2024-09,2024-09,Avnet Abacus,Avnet Abacus 일반 유통시장 · 보드 간 커넥터 · 평균 납기 열,exact,15,15,false,,,바로 이전 분기 대표값 없음,,,전년 동기 대표값 없음 또는 제품 범위 변경,136.363636,136.363636,2019-Q3,,false,false,https://my.avnet.com/wcm/connect/e9d18ef4-6a53-4f76-b6cf-d63549a0694b/AVA-Lead-Time-Guide-September-2024-EN-Document-aba24037.pdf?MOD=AJPERES,PDF p.2,분기 내 마지막 확인값 · 원 자료 축 2024-09 (발간일). 분기 평균·분기말 확정값 아님.,2024-09 가이드의 보드 간 커넥터 납기는 15주입니다. 일반 유통시장 보고값으로 AI 서버용 집계와 구분합니다.
보드 간 커넥터,avnet-board_to_board_connector,보드 간 커넥터 · Avnet 발간 이력 · Avnet Abacus,weeks,2024-Q4,false,missing,0,[],,,,,,,,missing,,,false,,,이 분기에 확인된 관측이 없습니다.,,,이 분기에 확인된 관측이 없습니다.,,,,이 분기에 확인된 관측이 없습니다.,false,false,,,이 분기에 확인된 관측이 없습니다.,이 분기에 확인된 관측이 없습니다.
보드 간 커넥터,avnet-board_to_board_connector,보드 간 커넥터 · Avnet 발간 이력 · Avnet Abacus,weeks,2025-Q1,false,missing,0,[],,,,,,,,missing,,,false,,,이 분기에 확인된 관측이 없습니다.,,,이 분기에 확인된 관측이 없습니다.,,,,이 분기에 확인된 관측이 없습니다.,false,false,,,이 분기에 확인된 관측이 없습니다.,이 분기에 확인된 관측이 없습니다.
보드 간 커넥터,avnet-board_to_board_connector,보드 간 커넥터 · Avnet 발간 이력 · Avnet Abacus,weeks,2025-Q2,false,missing,0,[],,,,,,,,missing,,,false,,,이 분기에 확인된 관측이 없습니다.,,,이 분기에 확인된 관측이 없습니다.,,,,이 분기에 확인된 관측이 없습니다.,false,false,,,이 분기에 확인된 관측이 없습니다.,이 분기에 확인된 관측이 없습니다.
보드 간 커넥터,avnet-board_to_board_connector,보드 간 커넥터 · Avnet 발간 이력 · Avnet Abacus,weeks,2025-Q3,true,latest,1,"[""avnet-2025-07-board_to_board_connector""]",avnet-2025-07-board_to_board_connector,2025-07,발간일,2025-07,2025-07,Avnet Abacus,Avnet Abacus 일반 유통시장 · 보드 간 커넥터 · 평균 납기 열,exact,15,15,false,,,바로 이전 분기 대표값 없음,0.0,0.0,,136.363636,136.363636,2019-Q3,,false,false,https://my.avnet.com/wcm/connect/a3326d60-174d-4224-8e1d-f2f5595919a1/AVA-Lead-Time-Guide-July-2025-EN-Document.pdf?MOD=AJPERES,PDF p.2,분기 내 마지막 확인값 · 원 자료 축 2025-07 (발간일). 분기 평균·분기말 확정값 아님.,2025-07 가이드의 보드 간 커넥터 납기는 15주입니다. 일반 유통시장 보고값으로 AI 서버용 집계와 구분합니다.
보드 간 커넥터,avnet-board_to_board_connector,보드 간 커넥터 · Avnet 발간 이력 · Avnet Abacus,weeks,2025-Q4,false,missing,0,[],,,,,,,,missing,,,false,,,이 분기에 확인된 관측이 없습니다.,,,이 분기에 확인된 관측이 없습니다.,,,,이 분기에 확인된 관측이 없습니다.,false,false,,,이 분기에 확인된 관측이 없습니다.,이 분기에 확인된 관측이 없습니다.
보드 간 커넥터,avnet-board_to_board_connector,보드 간 커넥터 · Avnet 발간 이력 · Avnet Abacus,weeks,2026-Q1,false,missing,0,[],,,,,,,,missing,,,false,,,이 분기에 확인된 관측이 없습니다.,,,이 분기에 확인된 관측이 없습니다.,,,,이 분기에 확인된 관측이 없습니다.,false,false,,,이 분기에 확인된 관측이 없습니다.,이 분기에 확인된 관측이 없습니다.
보드 간 커넥터,avnet-board_to_board_connector,보드 간 커넥터 · Avnet 발간 이력 · Avnet Abacus,weeks,2026-Q2,false,missing,0,[],,,,,,,,missing,,,false,,,이 분기에 확인된 관측이 없습니다.,,,이 분기에 확인된 관측이 없습니다.,,,,이 분기에 확인된 관측이 없습니다.,false,false,,,이 분기에 확인된 관측이 없습니다.,이 분기에 확인된 관측이 없습니다.
보드 간 커넥터,avnet-board_to_board_connector,보드 간 커넥터 · Avnet 발간 이력 · Avnet Abacus,weeks,2026-Q3,true,latest,1,"[""avnet-2026-08-board_to_board_connector""]",avnet-2026-08-board_to_board_connector,2026-08,발간일,2026-08,2026-08,Avnet Abacus,Avnet Abacus 일반 유통시장 · 보드 간 커넥터 · 평균 납기 열,exact,15,15,false,,,바로 이전 분기 대표값 없음,0.0,0.0,,136.363636,136.363636,2019-Q3,,false,false,https://my.avnet.com/wcm/connect/2222f00c-e4dc-4143-899c-4a892756fcc7/AVA-Lead-Time-Guide-August-2026-EN-Document.pdf?MOD=AJPERES,PDF p.2,분기 내 마지막 확인값 · 원 자료 축 2026-08 (발간일). 분기 평균·분기말 확정값 아님.,2026-08 가이드의 보드 간 커넥터 납기는 15주입니다. 일반 유통시장 보고값으로 AI 서버용 집계와 구분합니다.
전원 커넥터,avnet-power_connector,전원 커넥터 · Avnet 발간 이력 · Avnet Abacus,weeks,2019-Q3,true,latest,1,"[""avnet-2019-09-power_connector""]",avnet-2019-09-power_connector,2019-09,발간일,2019-09,2019-09,Avnet Abacus,Avnet Abacus 일반 유통시장 · 전원 커넥터 · 평균 납기 열,exact,12,12,false,,,바로 이전 분기 대표값 없음,,,전년 동기 대표값 없음 또는 제품 범위 변경,100.0,100.0,2019-Q3,,false,false,https://www.avnet.com/wcm/connect/b7202770-5e3f-4369-95f9-70bf9c04defe/AVA-Lead-Time-guide-September-2019-EN-Document.pdf?MOD=AJPERES&attachment=true&id=1568983700586&id=1568983700586%3FMOD%3DAJPERES,PDF p.1 · Power - connector systems · Average lead-time,분기 내 마지막 확인값 · 원 자료 축 2019-09 (발간일). 분기 평균·분기말 확정값 아님.,2019-09 Avnet Abacus의 전원 커넥터는 12주입니다. 원문 평균 납기 열의 같은 품목명을 연결했으며 일반 유통시장 집계입니다.
전원 커넥터,avnet-power_connector,전원 커넥터 · Avnet 발간 이력 · Avnet Abacus,weeks,2019-Q4,false,missing,0,[],,,,,,,,missing,,,false,,,이 분기에 확인된 관측이 없습니다.,,,이 분기에 확인된 관측이 없습니다.,,,,이 분기에 확인된 관측이 없습니다.,false,false,,,이 분기에 확인된 관측이 없습니다.,이 분기에 확인된 관측이 없습니다.
전원 커넥터,avnet-power_connector,전원 커넥터 · Avnet 발간 이력 · Avnet Abacus,weeks,2020-Q1,false,missing,0,[],,,,,,,,missing,,,false,,,이 분기에 확인된 관측이 없습니다.,,,이 분기에 확인된 관측이 없습니다.,,,,이 분기에 확인된 관측이 없습니다.,false,false,,,이 분기에 확인된 관측이 없습니다.,이 분기에 확인된 관측이 없습니다.
전원 커넥터,avnet-power_connector,전원 커넥터 · Avnet 발간 이력 · Avnet Abacus,weeks,2020-Q2,true,latest,1,"[""avnet-2020-04-power_connector""]",avnet-2020-04-power_connector,2020-04,발간일,2020-04,2020-04,Avnet Abacus,Avnet Abacus 일반 유통시장 · 전원 커넥터 · 평균 납기 열,exact,12,12,false,,,바로 이전 분기 대표값 없음,,,전년 동기 대표값 없음 또는 제품 범위 변경,100.0,100.0,2019-Q3,,false,false,https://www.avnet.com/wcm/connect/101b4984-151c-4e9e-8c42-e55a2da865af/AVA-Lead-Time-guide-March-2020-EN-Document.pdf?MOD=AJPERES,PDF p.1 · Power - connector systems · Average lead-time,분기 내 마지막 확인값 · 원 자료 축 2020-04 (발간일). 분기 평균·분기말 확정값 아님.,2020-04 Avnet Abacus의 전원 커넥터는 12주입니다. 원문 평균 납기 열의 같은 품목명을 연결했으며 일반 유통시장 집계입니다.
전원 커넥터,avnet-power_connector,전원 커넥터 · Avnet 발간 이력 · Avnet Abacus,weeks,2020-Q3,false,missing,0,[],,,,,,,,missing,,,false,,,이 분기에 확인된 관측이 없습니다.,,,이 분기에 확인된 관측이 없습니다.,,,,이 분기에 확인된 관측이 없습니다.,false,false,,,이 분기에 확인된 관측이 없습니다.,이 분기에 확인된 관측이 없습니다.
전원 커넥터,avnet-power_connector,전원 커넥터 · Avnet 발간 이력 · Avnet Abacus,weeks,2020-Q4,false,missing,0,[],,,,,,,,missing,,,false,,,이 분기에 확인된 관측이 없습니다.,,,이 분기에 확인된 관측이 없습니다.,,,,이 분기에 확인된 관측이 없습니다.,false,false,,,이 분기에 확인된 관측이 없습니다.,이 분기에 확인된 관측이 없습니다.
전원 커넥터,avnet-power_connector,전원 커넥터 · Avnet 발간 이력 · Avnet Abacus,weeks,2021-Q1,false,missing,0,[],,,,,,,,missing,,,false,,,이 분기에 확인된 관측이 없습니다.,,,이 분기에 확인된 관측이 없습니다.,,,,이 분기에 확인된 관측이 없습니다.,false,false,,,이 분기에 확인된 관측이 없습니다.,이 분기에 확인된 관측이 없습니다.
전원 커넥터,avnet-power_connector,전원 커넥터 · Avnet 발간 이력 · Avnet Abacus,weeks,2021-Q2,true,latest,1,"[""avnet-2021-04-power_connector""]",avnet-2021-04-power_connector,2021-04,발간일,2021-04,2021-04,Avnet Abacus,Avnet Abacus 일반 유통시장 · 전원 커넥터 · 평균 납기 열,exact,15,15,false,,,바로 이전 분기 대표값 없음,25.0,25.0,,125.0,125.0,2019-Q3,,false,false,https://www.avnet.com/wcm/connect/6466625f-04e6-4164-bd2e-9acdd402fc9b/AVA-Lead-Time-Guide-April-2021-EN-Document.pdf?MOD=AJPERES,PDF p.2 · Power - connector systems · Average lead-time,분기 내 마지막 확인값 · 원 자료 축 2021-04 (발간일). 분기 평균·분기말 확정값 아님.,2021-04 Avnet Abacus의 전원 커넥터는 15주입니다. 원문 평균 납기 열의 같은 품목명을 연결했으며 일반 유통시장 집계입니다.
전원 커넥터,avnet-power_connector,전원 커넥터 · Avnet 발간 이력 · Avnet Abacus,weeks,2021-Q3,true,latest,1,"[""avnet-2021-07-power_connector""]",avnet-2021-07-power_connector,2021-07,발간일,2021-07,2021-07,Avnet Abacus,Avnet Abacus 일반 유통시장 · 전원 커넥터 · 평균 납기 열,exact,18,18,false,20.0,20.0,,,,전년 동기 대표값 없음 또는 제품 범위 변경,150.0,150.0,2019-Q3,,false,false,https://www.avnet.com/wcm/connect/677978a9-b285-4a92-a841-00c85b0cefc5/AVA-Lead-Time-Guide-July-2021-EN-Document.pdf?MOD=AJPERES,PDF p.2 · Power - connector systems · Average lead-time,분기 내 마지막 확인값 · 원 자료 축 2021-07 (발간일). 분기 평균·분기말 확정값 아님.,2021-07 Avnet Abacus의 전원 커넥터는 18주입니다. 원문 평균 납기 열의 같은 품목명을 연결했으며 일반 유통시장 집계입니다.
전원 커넥터,avnet-power_connector,전원 커넥터 · Avnet 발간 이력 · Avnet Abacus,weeks,2021-Q4,false,missing,0,[],,,,,,,,missing,,,false,,,이 분기에 확인된 관측이 없습니다.,,,이 분기에 확인된 관측이 없습니다.,,,,이 분기에 확인된 관측이 없습니다.,false,false,,,이 분기에 확인된 관측이 없습니다.,이 분기에 확인된 관측이 없습니다.
전원 커넥터,avnet-power_connector,전원 커넥터 · Avnet 발간 이력 · Avnet Abacus,weeks,2022-Q1,false,missing,0,[],,,,,,,,missing,,,false,,,이 분기에 확인된 관측이 없습니다.,,,이 분기에 확인된 관측이 없습니다.,,,,이 분기에 확인된 관측이 없습니다.,false,false,,,이 분기에 확인된 관측이 없습니다.,이 분기에 확인된 관측이 없습니다.
전원 커넥터,avnet-power_connector,전원 커넥터 · Avnet 발간 이력 · Avnet Abacus,weeks,2022-Q2,false,missing,0,[],,,,,,,,missing,,,false,,,이 분기에 확인된 관측이 없습니다.,,,이 분기에 확인된 관측이 없습니다.,,,,이 분기에 확인된 관측이 없습니다.,false,false,,,이 분기에 확인된 관측이 없습니다.,이 분기에 확인된 관측이 없습니다.
전원 커넥터,avnet-power_connector,전원 커넥터 · Avnet 발간 이력 · Avnet Abacus,weeks,2022-Q3,false,missing,0,[],,,,,,,,missing,,,false,,,이 분기에 확인된 관측이 없습니다.,,,이 분기에 확인된 관측이 없습니다.,,,,이 분기에 확인된 관측이 없습니다.,false,false,,,이 분기에 확인된 관측이 없습니다.,이 분기에 확인된 관측이 없습니다.
전원 커넥터,avnet-power_connector,전원 커넥터 · Avnet 발간 이력 · Avnet Abacus,weeks,2022-Q4,true,latest,1,"[""avnet-2022-12-power_connector""]",avnet-2022-12-power_connector,2022-12,발간일,2022-12,2022-12,Avnet Abacus,Avnet Abacus 일반 유통시장 · 전원 커넥터 · 평균 납기 열,exact,19,19,false,,,바로 이전 분기 대표값 없음,,,전년 동기 대표값 없음 또는 제품 범위 변경,158.333333,158.333333,2019-Q3,,false,false,https://www.avnet.com/wcm/connect/b496febc-6ece-4ee2-a4ae-eae91a34d9d1/AVA-Lead-Time-Guide-December-2022-EN-Document.pdf?MOD=AJPERES,PDF p.2 · Power - connector systems · Average lead-time,분기 내 마지막 확인값 · 원 자료 축 2022-12 (발간일). 분기 평균·분기말 확정값 아님.,2022-12 Avnet Abacus의 전원 커넥터는 19주입니다. 원문 평균 납기 열의 같은 품목명을 연결했으며 일반 유통시장 집계입니다.
전원 커넥터,avnet-power_connector,전원 커넥터 · Avnet 발간 이력 · Avnet Abacus,weeks,2023-Q1,false,missing,0,[],,,,,,,,missing,,,false,,,이 분기에 확인된 관측이 없습니다.,,,이 분기에 확인된 관측이 없습니다.,,,,이 분기에 확인된 관측이 없습니다.,false,false,,,이 분기에 확인된 관측이 없습니다.,이 분기에 확인된 관측이 없습니다.
전원 커넥터,avnet-power_connector,전원 커넥터 · Avnet 발간 이력 · Avnet Abacus,weeks,2023-Q2,false,missing,0,[],,,,,,,,missing,,,false,,,이 분기에 확인된 관측이 없습니다.,,,이 분기에 확인된 관측이 없습니다.,,,,이 분기에 확인된 관측이 없습니다.,false,false,,,이 분기에 확인된 관측이 없습니다.,이 분기에 확인된 관측이 없습니다.
전원 커넥터,avnet-power_connector,전원 커넥터 · Avnet 발간 이력 · Avnet Abacus,weeks,2023-Q3,false,missing,0,[],,,,,,,,missing,,,false,,,이 분기에 확인된 관측이 없습니다.,,,이 분기에 확인된 관측이 없습니다.,,,,이 분기에 확인된 관측이 없습니다.,false,false,,,이 분기에 확인된 관측이 없습니다.,이 분기에 확인된 관측이 없습니다.
전원 커넥터,avnet-power_connector,전원 커넥터 · Avnet 발간 이력 · Avnet Abacus,weeks,2023-Q4,true,latest,1,"[""avnet-2023-11-power_connector""]",avnet-2023-11-power_connector,2023-11,발간일,2023-11,2023-11,Avnet Abacus,Avnet Abacus 일반 유통시장 · 전원 커넥터 · 평균 납기 열,exact,19,19,false,,,바로 이전 분기 대표값 없음,0.0,0.0,,158.333333,158.333333,2019-Q3,,false,false,https://my.avnet.com/wcm/connect/affeb8c0-65e8-46cb-84bc-15fca9dae0bd/AVA-Lead-Time-Guide-November-2022-EN-Document.pdf?MOD=AJPERES,PDF p.2 · Power - connector systems · Average lead-time,분기 내 마지막 확인값 · 원 자료 축 2023-11 (발간일). 분기 평균·분기말 확정값 아님.,2023-11 Avnet Abacus의 전원 커넥터는 19주입니다. 원문 평균 납기 열의 같은 품목명을 연결했으며 일반 유통시장 집계입니다.
전원 커넥터,avnet-power_connector,전원 커넥터 · Avnet 발간 이력 · Avnet Abacus,weeks,2024-Q1,true,latest,2,"[""avnet-2024-01-power_connector"", ""avnet-2024-02-power_connector""]",avnet-2024-02-power_connector,2024-02,발간일,2024-02,2024-02,Avnet Abacus,Avnet Abacus 일반 유통시장 · 전원 커넥터 · 평균 납기 열,exact,19,19,false,0.0,0.0,,,,전년 동기 대표값 없음 또는 제품 범위 변경,158.333333,158.333333,2019-Q3,,false,false,https://my.avnet.com/wcm/connect/1c3e37ed-e911-4561-b888-cbea8ac78f55/AVA-Lead-Time-Guide-February-2024-EN-Document.pdf?MOD=AJPERES,PDF p.2,분기 내 마지막 확인값 · 원 자료 축 2024-02 (발간일). 분기 평균·분기말 확정값 아님.,2024-02 가이드의 전원 커넥터 납기는 19주입니다. 일반 유통시장 보고값이며 AI 서버 전용 집계와 구분합니다.
전원 커넥터,avnet-power_connector,전원 커넥터 · Avnet 발간 이력 · Avnet Abacus,weeks,2024-Q2,false,missing,0,[],,,,,,,,missing,,,false,,,이 분기에 확인된 관측이 없습니다.,,,이 분기에 확인된 관측이 없습니다.,,,,이 분기에 확인된 관측이 없습니다.,false,false,,,이 분기에 확인된 관측이 없습니다.,이 분기에 확인된 관측이 없습니다.
전원 커넥터,avnet-power_connector,전원 커넥터 · Avnet 발간 이력 · Avnet Abacus,weeks,2024-Q3,true,latest,1,"[""avnet-2024-09-power_connector""]",avnet-2024-09-power_connector,2024-09,발간일,2024-09,2024-09,Avnet Abacus,Avnet Abacus 일반 유통시장 · 전원 커넥터 · 평균 납기 열,exact,19,19,false,,,바로 이전 분기 대표값 없음,,,전년 동기 대표값 없음 또는 제품 범위 변경,158.333333,158.333333,2019-Q3,,false,false,https://my.avnet.com/wcm/connect/e9d18ef4-6a53-4f76-b6cf-d63549a0694b/AVA-Lead-Time-Guide-September-2024-EN-Document-aba24037.pdf?MOD=AJPERES,PDF p.2,분기 내 마지막 확인값 · 원 자료 축 2024-09 (발간일). 분기 평균·분기말 확정값 아님.,2024-09 가이드의 전원 커넥터 납기는 19주입니다. 일반 유통시장 보고값으로 AI 서버용 집계와 구분합니다.
전원 커넥터,avnet-power_connector,전원 커넥터 · Avnet 발간 이력 · Avnet Abacus,weeks,2024-Q4,false,missing,0,[],,,,,,,,missing,,,false,,,이 분기에 확인된 관측이 없습니다.,,,이 분기에 확인된 관측이 없습니다.,,,,이 분기에 확인된 관측이 없습니다.,false,false,,,이 분기에 확인된 관측이 없습니다.,이 분기에 확인된 관측이 없습니다.
전원 커넥터,avnet-power_connector,전원 커넥터 · Avnet 발간 이력 · Avnet Abacus,weeks,2025-Q1,false,missing,0,[],,,,,,,,missing,,,false,,,이 분기에 확인된 관측이 없습니다.,,,이 분기에 확인된 관측이 없습니다.,,,,이 분기에 확인된 관측이 없습니다.,false,false,,,이 분기에 확인된 관측이 없습니다.,이 분기에 확인된 관측이 없습니다.
전원 커넥터,avnet-power_connector,전원 커넥터 · Avnet 발간 이력 · Avnet Abacus,weeks,2025-Q2,false,missing,0,[],,,,,,,,missing,,,false,,,이 분기에 확인된 관측이 없습니다.,,,이 분기에 확인된 관측이 없습니다.,,,,이 분기에 확인된 관측이 없습니다.,false,false,,,이 분기에 확인된 관측이 없습니다.,이 분기에 확인된 관측이 없습니다.
전원 커넥터,avnet-power_connector,전원 커넥터 · Avnet 발간 이력 · Avnet Abacus,weeks,2025-Q3,true,latest,1,"[""avnet-2025-07-power_connector""]",avnet-2025-07-power_connector,2025-07,발간일,2025-07,2025-07,Avnet Abacus,Avnet Abacus 일반 유통시장 · 전원 커넥터 · 평균 납기 열,exact,19,19,false,,,바로 이전 분기 대표값 없음,0.0,0.0,,158.333333,158.333333,2019-Q3,,false,false,https://my.avnet.com/wcm/connect/a3326d60-174d-4224-8e1d-f2f5595919a1/AVA-Lead-Time-Guide-July-2025-EN-Document.pdf?MOD=AJPERES,PDF p.2,분기 내 마지막 확인값 · 원 자료 축 2025-07 (발간일). 분기 평균·분기말 확정값 아님.,2025-07 가이드의 전원 커넥터 납기는 19주입니다. 일반 유통시장 보고값으로 AI 서버용 집계와 구분합니다.
전원 커넥터,avnet-power_connector,전원 커넥터 · Avnet 발간 이력 · Avnet Abacus,weeks,2025-Q4,false,missing,0,[],,,,,,,,missing,,,false,,,이 분기에 확인된 관측이 없습니다.,,,이 분기에 확인된 관측이 없습니다.,,,,이 분기에 확인된 관측이 없습니다.,false,false,,,이 분기에 확인된 관측이 없습니다.,이 분기에 확인된 관측이 없습니다.
전원 커넥터,avnet-power_connector,전원 커넥터 · Avnet 발간 이력 · Avnet Abacus,weeks,2026-Q1,false,missing,0,[],,,,,,,,missing,,,false,,,이 분기에 확인된 관측이 없습니다.,,,이 분기에 확인된 관측이 없습니다.,,,,이 분기에 확인된 관측이 없습니다.,false,false,,,이 분기에 확인된 관측이 없습니다.,이 분기에 확인된 관측이 없습니다.
전원 커넥터,avnet-power_connector,전원 커넥터 · Avnet 발간 이력 · Avnet Abacus,weeks,2026-Q2,false,missing,0,[],,,,,,,,missing,,,false,,,이 분기에 확인된 관측이 없습니다.,,,이 분기에 확인된 관측이 없습니다.,,,,이 분기에 확인된 관측이 없습니다.,false,false,,,이 분기에 확인된 관측이 없습니다.,이 분기에 확인된 관측이 없습니다.
전원 커넥터,avnet-power_connector,전원 커넥터 · Avnet 발간 이력 · Avnet Abacus,weeks,2026-Q3,true,latest,1,"[""avnet-2026-08-power_connector""]",avnet-2026-08-power_connector,2026-08,발간일,2026-08,2026-08,Avnet Abacus,Avnet Abacus 일반 유통시장 · 전원 커넥터 · 평균 납기 열,exact,19,19,false,,,바로 이전 분기 대표값 없음,0.0,0.0,,158.333333,158.333333,2019-Q3,,false,false,https://my.avnet.com/wcm/connect/2222f00c-e4dc-4143-899c-4a892756fcc7/AVA-Lead-Time-Guide-August-2026-EN-Document.pdf?MOD=AJPERES,PDF p.2,분기 내 마지막 확인값 · 원 자료 축 2026-08 (발간일). 분기 평균·분기말 확정값 아님.,2026-08 가이드의 전원 커넥터 납기는 19주입니다. 일반 유통시장 보고값으로 AI 서버용 집계와 구분합니다.
BMC,tf-bmc-20260415-bmc,BMC · TrendForce · TrendForce,weeks,2026-Q2,true,latest,1,"[""tf-bmc-20260415-bmc-obs""]",tf-bmc-20260415-bmc-obs,2026-04-15,발간일,2026-04-15,2026-04-15,TrendForce,일반 서버용 BMC · AI 서버 전용칩과 구분,range,21,26,false,,,바로 이전 분기 대표값 없음,,,전년 동기 대표값 없음 또는 제품 범위 변경,100.0,100.0,2026-Q2,범위 하단끼리·상단끼리 비교. 변화율 구간이나 평균이 아님.,false,false,https://www.trendforce.com/presscenter/news/20260415-13013.html,BMC chips manufactured on mature nodes paragraph,분기 내 마지막 확인값 · 원 자료 축 2026-04-15 (발간일). 분기 평균·분기말 확정값 아님.,일반 서버 BMC는 현재 21–26주로 늘었습니다. 이전 11–16주는 관측일이 없어 그래프에 추가하지 않았습니다.
Hot-swap MOSFET,aos-20250501-mosfet,Hot-swap MOSFET · Alpha and Omega Semiconductor · Alpha and Omega Semiconductor,weeks,2025-Q2,true,latest,1,"[""aos-20250501-mosfet-obs""]",aos-20250501-mosfet-obs,2025-05-01,발간일,2025-05-01,2025-05-01,Alpha and Omega Semiconductor,AOTL66935 · 100V MOSFET · AI 서버·통신 48V hot-swap용 생산물량,range,14,16,false,,,바로 이전 분기 대표값 없음,,,전년 동기 대표값 없음 또는 제품 범위 변경,100.0,100.0,2025-Q2,범위 하단끼리·상단끼리 비교. 변화율 구간이나 평균이 아님.,false,false,https://www.aosmd.com/sites/default/files/2025-05/AOS_66935_HotSwap_MOSFET_PR.pdf,"PDF physical p.1, Pricing and Availability",분기 내 마지막 확인값 · 원 자료 축 2025-05-01 (발간일). 분기 평균·분기말 확정값 아님.,제조사가 해당 MOSFET의 생산물량 납기를 14–16주로 공개했습니다. 특정 제품의 출시 당시 조건이며 시장 평균이 아닙니다.
800G·1.6T 광모듈,fusion-nic-20260713-optics,800G·1.6T 광모듈 · Fusion Worldwide · Fusion Worldwide,weeks,2026-Q3,true,latest,1,"[""fusion-nic-20260713-optics-obs""]",fusion-nic-20260713-optics-obs,2026-07-13,발간일,2026-07-13,2026-07-13,Fusion Worldwide,800G 및 1.6T transceivers,range,20,26,true,,,바로 이전 분기 대표값 없음,,,전년 동기 대표값 없음 또는 제품 범위 변경,100.0,,2026-Q3,범위 하단끼리·상단끼리 비교. 변화율 구간이나 평균이 아님.,false,false,https://info.fusionww.com/blog/nic-lead-times-just-hit-52-weeks.-what-chinas-h200-move-means-for-whats-next,current lead time paragraphs and product table,분기 내 마지막 확인값 · 원 자료 축 2026-07-13 (발간일). 분기 평균·분기말 확정값 아님.,800G·1.6T 광모듈은 20–26주 이상입니다. 상한이 열린 범위이며 속도·제품 범위가 다른 광모듈과 직접 비교하지 않습니다.
PMIC,fusion-q2-2026-pmic,PMIC · Fusion Worldwide · Fusion Worldwide,weeks,2026-Q3,true,latest,1,"[""fusion-q2-2026-pmic-obs""]",fusion-q2-2026-pmic-obs,2026-08-18,발간일,2026-08-18,2026-Q2,Fusion Worldwide,지능형 PDU용 PMIC 계열 · Q2 보고서 BOM 표,range,20,40,false,,,바로 이전 분기 대표값 없음,,,전년 동기 대표값 없음 또는 제품 범위 변경,100.0,100.0,2026-Q3,범위 하단끼리·상단끼리 비교. 변화율 구간이나 평균이 아님.,false,false,https://info.fusionww.com/blog/state-of-the-industry-q2-2026-the-ai-power-shortage,"PDF physical p.5 / printed p.03, current BOM; scenario p.8 excluded",분기 내 마지막 확인값 · 원 자료 축 2026-08-18 (발간일). 분기 평균·분기말 확정값 아님.,Q2 보고서에서 PMIC를 20–40주로 제시했습니다. 대상 분기는 2026년 2분기이며 개별 측정일은 미기재입니다.
SiC MOSFET,fusion-q2-2026-sic,SiC MOSFET · Fusion Worldwide · Fusion Worldwide,weeks,2026-Q3,true,latest,1,"[""fusion-q2-2026-sic-obs""]",fusion-q2-2026-sic-obs,2026-08-18,발간일,2026-08-18,2026-Q2,Fusion Worldwide,Q2 보고서 PDU BOM의 SiC MOSFET,range,26,52,false,,,바로 이전 분기 대표값 없음,,,전년 동기 대표값 없음 또는 제품 범위 변경,100.0,100.0,2026-Q3,범위 하단끼리·상단끼리 비교. 변화율 구간이나 평균이 아님.,false,false,https://info.fusionww.com/blog/state-of-the-industry-q2-2026-the-ai-power-shortage,"PDF physical p.5 / printed p.03, current BOM; scenario p.8 excluded",분기 내 마지막 확인값 · 원 자료 축 2026-08-18 (발간일). 분기 평균·분기말 확정값 아님.,SiC MOSFET은 26–52주입니다. 자동차·AI 인프라가 생산능력을 공유하는 맥락이며 개별 측정일은 미기재입니다.
32-bit MCU,fusion-q2-2026-mcu,32-bit MCU · Fusion Worldwide · Fusion Worldwide,weeks,2026-Q3,true,latest,1,"[""fusion-q2-2026-mcu-obs""]",fusion-q2-2026-mcu-obs,2026-08-18,발간일,2026-08-18,2026-Q2,Fusion Worldwide,Q2 보고서 PDU BOM의 32-bit MCU,range,20,45,false,,,바로 이전 분기 대표값 없음,,,전년 동기 대표값 없음 또는 제품 범위 변경,100.0,100.0,2026-Q3,범위 하단끼리·상단끼리 비교. 변화율 구간이나 평균이 아님.,false,false,https://info.fusionww.com/blog/state-of-the-industry-q2-2026-the-ai-power-shortage,"PDF physical p.5 / printed p.03, current BOM; scenario p.8 excluded",분기 내 마지막 확인값 · 원 자료 축 2026-08-18 (발간일). 분기 평균·분기말 확정값 아님.,32비트 MCU의 보고 납기는 20–45주입니다. 특정 보고서 범위의 값이며 전체 MCU 평균으로 확대하지 않습니다.
차량급 인덕터·고전류 커넥터,fusion-q2-2026-passive-connectors,차량급 인덕터·고전류 커넥터 · Fusion Worldwide · Fusion Worldwide,weeks,2026-Q3,true,latest,1,"[""fusion-q2-2026-passive-connectors-obs""]",fusion-q2-2026-passive-connectors-obs,2026-08-18,발간일,2026-08-18,2026-Q2,Fusion Worldwide,Q2 보고서 Passives & Connectors 복합 품목,range,12,24,false,,,바로 이전 분기 대표값 없음,,,전년 동기 대표값 없음 또는 제품 범위 변경,100.0,100.0,2026-Q3,범위 하단끼리·상단끼리 비교. 변화율 구간이나 평균이 아님.,false,false,https://info.fusionww.com/blog/state-of-the-industry-q2-2026-the-ai-power-shortage,"PDF physical p.5 / printed p.03, current BOM; scenario p.8 excluded",분기 내 마지막 확인값 · 원 자료 축 2026-08-18 (발간일). 분기 평균·분기말 확정값 아님.,차량급 인덕터와 고전류 커넥터를 묶은 보고 범위의 납기는 12–24주입니다. 개별 품목의 독립 납기라고 해석하지 않습니다.
CDU,nautilus-cdu-20251008-cdu,CDU · Nautilus Data Technologies · Nautilus Data Technologies,weeks,2025-Q4,true,latest,1,"[""nautilus-cdu-20251008-cdu-obs""]",nautilus-cdu-20251008-cdu-obs,2025-10-08,발간일,2025-10-08,2025-10-08,Nautilus Data Technologies,EcoCore FCD · 2–4 MW per unit,range,12,16,false,,,바로 이전 분기 대표값 없음,,,전년 동기 대표값 없음 또는 제품 범위 변경,100.0,100.0,2025-Q4,범위 하단끼리·상단끼리 비교. 변화율 구간이나 평균이 아님.,false,false,https://nautilusdt.com/in-the-news/all-news/blog/cdu-comparison-rcd-vs-fcd-which-ecocore-cdu-is-right-for-you/,official FCD vs RCD comparison table,분기 내 마지막 확인값 · 원 자료 축 2025-10-08 (발간일). 분기 평균·분기말 확정값 아님.,EcoCore FCD CDU의 제조사 납기는 12–16주였습니다. 특정 제품 조건이며 RCD의 출하 가능 분기는 납기 주수로 변환하지 않았습니다.
STM32 MCU·센서,fusion-greensheet-20260826-st-mcu-sensor,STM32 MCU·센서 · Fusion Worldwide · Fusion Worldwide,weeks,2026-Q3,true,latest,1,"[""fusion-greensheet-20260826-st-mcu-sensor-obs""]",fusion-greensheet-20260826-st-mcu-sensor-obs,2026-08-26,발간일,2026-08-26,2026-08,Fusion Worldwide,STMicroelectronics STM32 MCU 및 센서 묶음,range,40,50,false,,,바로 이전 분기 대표값 없음,,,전년 동기 대표값 없음 또는 제품 범위 변경,100.0,100.0,2026-Q3,범위 하단끼리·상단끼리 비교. 변화율 구간이나 평균이 아님.,false,false,https://info.fusionww.com/blog/the-greensheet-august-2026,ICs item 3,분기 내 마지막 확인값 · 원 자료 축 2026-08-26 (발간일). 분기 평균·분기말 확정값 아님.,STM32·센서 묶음 보고값 40–50주이며 제품별로 임의 분리하지 않습니다.
차량용 전력소자·MCU,fusion-greensheet-20260826-infineon-power-mcu,차량용 전력소자·MCU · Fusion Worldwide · Fusion Worldwide,weeks,2026-Q3,true,latest,1,"[""fusion-greensheet-20260826-infineon-power-mcu-obs""]",fusion-greensheet-20260826-infineon-power-mcu-obs,2026-08-26,발간일,2026-08-26,2026-08,Fusion Worldwide,Infineon automotive power devices and MCUs; example SAK-TC277TP,at_least,52,,false,,,바로 이전 분기 대표값 없음,,,전년 동기 대표값 없음 또는 제품 범위 변경,,,2026-Q3,미만·이상 등 경계값은 실제 관측값이 아님,false,false,https://info.fusionww.com/blog/the-greensheet-august-2026,ICs item 4,분기 내 마지막 확인값 · 원 자료 축 2026-08-26 (발간일). 분기 평균·분기말 확정값 아님.,차량용 전력소자·MCU 납기는 원문 52+주입니다. 정확한 상한은 제시되지 않았습니다.
PIC·MCP IC,fusion-greensheet-20260826-microchip-pic-mcp,PIC·MCP IC · Fusion Worldwide · Fusion Worldwide,weeks,2026-Q3,true,latest,1,"[""fusion-greensheet-20260826-microchip-pic-mcp-obs""]",fusion-greensheet-20260826-microchip-pic-mcp-obs,2026-08-26,발간일,2026-08-26,2026-08,Fusion Worldwide,Microchip PIC and MCP series,range,20,30,false,,,바로 이전 분기 대표값 없음,,,전년 동기 대표값 없음 또는 제품 범위 변경,100.0,100.0,2026-Q3,범위 하단끼리·상단끼리 비교. 변화율 구간이나 평균이 아님.,false,false,https://info.fusionww.com/blog/the-greensheet-august-2026,ICs item 6,분기 내 마지막 확인값 · 원 자료 축 2026-08-26 (발간일). 분기 평균·분기말 확정값 아님.,PIC·MCP 계열 납기 20–30주를 보고합니다.
FPGA XC7·Max 10,fusion-greensheet-20260826-fpga,FPGA XC7·Max 10 · Fusion Worldwide · Fusion Worldwide,weeks,2026-Q3,true,latest,1,"[""fusion-greensheet-20260826-fpga-obs""]",fusion-greensheet-20260826-fpga-obs,2026-08-26,발간일,2026-08-26,2026-08,Fusion Worldwide,Xilinx/Altera XC7 and Max 10; networking and industrial,at_least,52,,false,,,바로 이전 분기 대표값 없음,,,전년 동기 대표값 없음 또는 제품 범위 변경,,,2026-Q3,미만·이상 등 경계값은 실제 관측값이 아님,false,false,https://info.fusionww.com/blog/the-greensheet-august-2026,ICs item 7,분기 내 마지막 확인값 · 원 자료 축 2026-08-26 (발간일). 분기 평균·분기말 확정값 아님.,XC7·Max 10 묶음의 납기는 원문 52+주입니다. 별도의 4개월 출하 연기를 납기에 더하지 않습니다.
임베디드 CPU,fusion-greensheet-20260826-intel-embedded,임베디드 CPU · Fusion Worldwide · Fusion Worldwide,weeks,2026-Q3,true,latest,1,"[""fusion-greensheet-20260826-intel-embedded-obs""]",fusion-greensheet-20260826-intel-embedded-obs,2026-08-26,발간일,2026-08-26,2026-08,Fusion Worldwide,Intel embedded 10nm parts; not server Xeon aggregate,at_least,52,,false,,,바로 이전 분기 대표값 없음,,,전년 동기 대표값 없음 또는 제품 범위 변경,,,2026-Q3,미만·이상 등 경계값은 실제 관측값이 아님,false,false,https://info.fusionww.com/blog/the-greensheet-august-2026,CPUs item 2,분기 내 마지막 확인값 · 원 자료 축 2026-08-26 (발간일). 분기 평균·분기말 확정값 아님.,임베디드 10nm 부품은 원문 52+주입니다. 서버 Xeon 전체의 납기로 대체하지 않습니다.
NOR Flash,fusion-greensheet-20260826-nor,NOR Flash · Fusion Worldwide · Fusion Worldwide,weeks,2026-Q3,true,latest,1,"[""fusion-greensheet-20260826-nor-obs""]",fusion-greensheet-20260826-nor-obs,2026-08-26,발간일,2026-08-26,2026-08,Fusion Worldwide,Macronix and Micron NOR Flash aggregate,more_than,40,,false,,,바로 이전 분기 대표값 없음,,,전년 동기 대표값 없음 또는 제품 범위 변경,,,2026-Q3,미만·이상 등 경계값은 실제 관측값이 아님,false,false,https://info.fusionww.com/blog/the-greensheet-august-2026,Memory item 3,분기 내 마지막 확인값 · 원 자료 축 2026-08-26 (발간일). 분기 평균·분기말 확정값 아님.,Macronix·Micron NOR Flash는 40주 초과입니다. 두 제조사의 개별 수치로 분리하지 않습니다.
네트워크·PCIe 스위치,fusion-greensheet-20260826-network-switches,네트워크·PCIe 스위치 · Fusion Worldwide · Fusion Worldwide,weeks,2026-Q3,true,latest,1,"[""fusion-greensheet-20260826-network-switches-obs""]",fusion-greensheet-20260826-network-switches-obs,2026-08-26,발간일,2026-08-26,2026-08,Fusion Worldwide,Broadcom Tomahawk/Trident networking and PCIe Gen5/Gen6 switches,at_least,52,,false,,,바로 이전 분기 대표값 없음,,,전년 동기 대표값 없음 또는 제품 범위 변경,,,2026-Q3,미만·이상 등 경계값은 실제 관측값이 아님,false,false,https://info.fusionww.com/blog/the-greensheet-august-2026,Networking item 1,분기 내 마지막 확인값 · 원 자료 축 2026-08-26 (발간일). 분기 평균·분기말 확정값 아님.,원문의 네트워크·PCIe 스위치 묶음 납기는 52+주입니다. 특정 단일 칩 계열과 연결하지 않습니다.
PCB,fusion-greensheet-20260826-pcb,PCB · Fusion Worldwide · Fusion Worldwide,weeks,2026-Q3,true,latest,1,"[""fusion-greensheet-20260826-pcb-obs""]",fusion-greensheet-20260826-pcb-obs,2026-08-26,발간일,2026-08-26,2026-08,Fusion Worldwide,PCB aggregate; detailed specification not disclosed,range,20,30,false,,,바로 이전 분기 대표값 없음,,,전년 동기 대표값 없음 또는 제품 범위 변경,100.0,100.0,2026-Q3,범위 하단끼리·상단끼리 비교. 변화율 구간이나 평균이 아님.,false,false,https://info.fusionww.com/blog/the-greensheet-august-2026,Passives item 2,분기 내 마지막 확인값 · 원 자료 축 2026-08-26 (발간일). 분기 평균·분기말 확정값 아님.,원문은 PPE 수지 공급 차질과 함께 PCB 납기 20–30주를 보고합니다. AI 서버 전용 PCB 사양은 명시하지 않았습니다.
AD5545BRUZ,fusion-greensheet-20260826-ad5545bruz,AD5545BRUZ · Fusion Worldwide · Fusion Worldwide,days,2026-Q3,true,latest,1,"[""fusion-greensheet-20260826-ad5545bruz-obs""]",fusion-greensheet-20260826-ad5545bruz-obs,2026-08-26,발간일,2026-08-26,2026-08,Fusion Worldwide,Analog Devices AD5545BRUZ; exact MPN example,exact,476,476,false,,,바로 이전 분기 대표값 없음,,,전년 동기 대표값 없음 또는 제품 범위 변경,100.0,100.0,2026-Q3,,false,false,https://info.fusionww.com/blog/the-greensheet-august-2026,ICs item 2,분기 내 마지막 확인값 · 원 자료 축 2026-08-26 (발간일). 분기 평균·분기말 확정값 아님.,특정 부품 AD5545BRUZ는 476일로 보고됐습니다. 원문 단위 일(day)을 그대로 보존하며 주수 계열과 합치지 않습니다. 원문은 이 사례를 op-amp 문단에 배치했으나 여기서는 품번만 식별합니다.
리본 광섬유,fusion-q1-2026-ribbon-fiber,리본 광섬유 · Fusion Worldwide · Fusion Worldwide,weeks,2026-Q2,true,latest,1,"[""fusion-q1-2026-ribbon-fiber-obs""]",fusion-q1-2026-ribbon-fiber-obs,2026-04-15,발간일,2026-04-15,2026-Q1,Fusion Worldwide,Data center grade ribbon fiber; Q1 category table,exact,64,64,false,,,바로 이전 분기 대표값 없음,,,전년 동기 대표값 없음 또는 제품 범위 변경,100.0,100.0,2026-Q2,,false,false,https://info.fusionww.com/blog/state-of-the-industry-q1-2026,"PDF physical p.13 / printed11, category table and attribution footnote",분기 내 마지막 확인값 · 원 자료 축 2026-04-15 (발간일). 분기 평균·분기말 확정값 아님.,"2026Q1 표값은 64주이며 Fusion 자체 유통시장 조사로 출처가 표시됐습니다. 원문 상태 Critical는 TrendForce 상태 등급으로 바꾸지 않습니다. 본문은 60+주로 표현하며, 표의 64주와 별도 중복 관측을 만들지 않습니다."
800G 광모듈,fusion-q1-2026-transceiver,800G 광모듈 · Fusion Worldwide · Fusion Worldwide,weeks,2026-Q2,true,latest,1,"[""fusion-q1-2026-transceiver-obs""]",fusion-q1-2026-transceiver-obs,2026-04-15,발간일,2026-04-15,2026-Q1,Fusion Worldwide,800G optical transceivers; Q1 category table,exact,48,48,false,,,바로 이전 분기 대표값 없음,,,전년 동기 대표값 없음 또는 제품 범위 변경,100.0,100.0,2026-Q2,,false,false,https://info.fusionww.com/blog/state-of-the-industry-q1-2026,"PDF physical p.13 / printed11, category table and attribution footnote",분기 내 마지막 확인값 · 원 자료 축 2026-04-15 (발간일). 분기 평균·분기말 확정값 아님.,2026Q1 표값은 48주이며 Fusion 자체 유통시장 조사로 출처가 표시됐습니다. 원문 상태 Elevated는 TrendForce 상태 등급으로 바꾸지 않습니다. 본문에는 36–50주 범위로도 기술됐습니다. 표값과 범위를 합성하지 않습니다.
Tomahawk 5 ASIC,fusion-q1-2026-asic,Tomahawk 5 ASIC · Fusion Worldwide · Fusion Worldwide,weeks,2026-Q2,true,latest,1,"[""fusion-q1-2026-asic-obs""]",fusion-q1-2026-asic-obs,2026-04-15,발간일,2026-04-15,2026-Q1,Fusion Worldwide,Network ASICs (Tomahawk 5); Q1 category table,exact,44,44,false,,,바로 이전 분기 대표값 없음,,,전년 동기 대표값 없음 또는 제품 범위 변경,100.0,100.0,2026-Q2,,false,false,https://info.fusionww.com/blog/state-of-the-industry-q1-2026,"PDF physical p.13 / printed11, category table and attribution footnote",분기 내 마지막 확인값 · 원 자료 축 2026-04-15 (발간일). 분기 평균·분기말 확정값 아님.,2026Q1 표값은 44주이며 Fusion 자체 유통시장 조사로 출처가 표시됐습니다. 원문 상태 Elevated는 TrendForce 상태 등급으로 바꾸지 않습니다. 본문의 일반 네트워크 ASIC 40–44주와 사양 범위를 구분합니다.
액체 냉각 CDU,fusion-q1-2026-cdu,액체 냉각 CDU · Fusion Worldwide · Fusion Worldwide,weeks,2026-Q2,true,latest,1,"[""fusion-q1-2026-cdu-obs""]",fusion-q1-2026-cdu-obs,2026-04-15,발간일,2026-04-15,2026-Q1,Fusion Worldwide,Liquid cooling CDUs; Q1 category table,exact,36,36,false,,,바로 이전 분기 대표값 없음,,,전년 동기 대표값 없음 또는 제품 범위 변경,100.0,100.0,2026-Q2,,false,false,https://info.fusionww.com/blog/state-of-the-industry-q1-2026,"PDF physical p.13 / printed11, category table and attribution footnote",분기 내 마지막 확인값 · 원 자료 축 2026-04-15 (발간일). 분기 평균·분기말 확정값 아님.,2026Q1 표값은 36주이며 Fusion 자체 유통시장 조사로 출처가 표시됐습니다. 원문 상태 Elevated는 TrendForce 상태 등급으로 바꾸지 않습니다.
고신뢰 T-glass,fusion-q1-2026-tglass,고신뢰 T-glass · Fusion Worldwide · Fusion Worldwide,weeks,2026-Q2,true,latest,1,"[""fusion-q1-2026-tglass-obs""]",fusion-q1-2026-tglass-obs,2026-04-15,발간일,2026-04-15,2026-Q1,Fusion Worldwide,High-reliability T-glass substrates; narrative range,range,28,32,false,,,바로 이전 분기 대표값 없음,,,전년 동기 대표값 없음 또는 제품 범위 변경,100.0,100.0,2026-Q2,범위 하단끼리·상단끼리 비교. 변화율 구간이나 평균이 아님.,false,false,https://info.fusionww.com/blog/state-of-the-industry-q1-2026,"PDF physical p.15 / printed13, Advanced Packaging & Substrates",분기 내 마지막 확인값 · 원 자료 축 2026-04-15 (발간일). 분기 평균·분기말 확정값 아님.,고신뢰 T-glass 기판 납기는 본문에서 28–32주로 보고됩니다. 표에 별도 수록된 Goldman Sachs 2025 재인용 30주와 합성하지 않습니다.
T-glass 등급 CCL,fusion-q1-2026-ccl,T-glass 등급 CCL · Fusion Worldwide · Fusion Worldwide,weeks,2026-Q2,true,latest,1,"[""fusion-q1-2026-ccl-obs""]",fusion-q1-2026-ccl-obs,2026-04-15,발간일,2026-04-15,2026-Q1,Fusion Worldwide,Copper-clad laminates (T-glass grade); Q1 material table,range,16,20,false,,,바로 이전 분기 대표값 없음,,,전년 동기 대표값 없음 또는 제품 범위 변경,100.0,100.0,2026-Q2,범위 하단끼리·상단끼리 비교. 변화율 구간이나 평균이 아님.,false,false,https://info.fusionww.com/blog/state-of-the-industry-q1-2026,"PDF physical p.15 / printed13, material table CCL (T-Glass Grade)",분기 내 마지막 확인값 · 원 자료 축 2026-04-15 (발간일). 분기 평균·분기말 확정값 아님.,T-glass 등급 CCL은 16–20주로 보고되며 공급사가 확정 납기 약속을 피한다고 설명합니다.
Mellanox MCX4·MCX5·MCX6,history-nic-202204,Mellanox MCX4·MCX5·MCX6 · Fusion Worldwide,weeks,2022-Q2,true,latest,1,"[""history-nic-202204""]",history-nic-202204,2022-06-07,발간일,2022-06-07,2022-06-07,Fusion Worldwide,Mellanox products average; MCX4/5/6 most constrained,exact,36,36,false,,,바로 이전 분기 대표값 없음,,,전년 동기 대표값 없음 또는 제품 범위 변경,100.0,100.0,2022-Q2,,false,false,https://info.fusionww.com/blog/the-greensheet-2022-0april-0,STORAGE / Mellanox sees demand outpace supply,분기 내 마지막 확인값 · 원 자료 축 2022-06-07 (발간일). 분기 평균·분기말 확정값 아님.,Mellanox 제품의 평균 납기는 36주입니다. 같은 문단의 일부 생산 제약은 1년을 초과한다고 서술되어 평균과 최악 조건을 혼동하지 않아야 합니다.
Mellanox HDR 200G 광케이블·Y케이블,history-optical-cable-202111,Mellanox HDR 200G 광케이블·Y케이블 · Fusion Worldwide,weeks,2021-Q4,true,latest,1,"[""history-optical-cable-202111""]",history-optical-cable-202111,2021-12-02,발간일,2021-12-02,2021-12-02,Fusion Worldwide,Mellanox HDR200G fiber cables and Y cables; China allocations,range,35,36,false,,,바로 이전 분기 대표값 없음,,,전년 동기 대표값 없음 또는 제품 범위 변경,100.0,100.0,2021-Q4,범위 하단끼리·상단끼리 비교. 변화율 구간이나 평균이 아님.,false,false,https://info.fusionww.com/resources/the-greensheet-2021-november,FINISHED PRODUCTS / Mellanox network adaptor cards backlogged until 2022,분기 내 마지막 확인값 · 원 자료 축 2021-12-02 (발간일). 분기 평균·분기말 확정값 아님.,중국 시장의 Mellanox HDR 200G 광케이블·Y케이블 납기는 35–36주입니다. 광트랜시버와 다른 제품입니다.
